analysis_id,stage,cohort,population,N,endpoint,predictor,analysis_type,beta,effect_measure,effect,ci_low,ci_high,ci_type,p,robust_p,adjusted_p,fdr,r_squared,spearman_rho,events,status,interpretation,primary_secondary,supports_main_claim,limitation,source_output,source_row,robust_ci_low,robust_ci_high,robust_adjusted_p,omitted_gene,AUC,seed,iterations,percentile,tested_dependencies
E0002,2,TCGA,clinically defined TNBC,103,HRD_total,candidate_mean_z,Model 0,16.002834430972655,OLS beta per signature unit,16.002834430972655,8.317696168049016,23.68797269389629,conventional 95% CI,7.465452030491402e-05,0.0002200278310652,,,0.1445247111934061,0.3538653107356274,,estimated,Association detected; scope limited to this model.,sensitivity,EXPLORATORY_SUPPORT,Observational; endpoint-specific complete cases; no causal or clinical utility inference.,outputs/v2/stage2/adjusted_models.csv,0,7.721368266465271,24.28430059548004,,,,,,,
E0003,2,TCGA,clinically defined TNBC,100,HRD_total,candidate_mean_z,Model 1,14.725932490684382,OLS beta per signature unit,14.725932490684382,6.442634385259552,23.00923059610921,conventional 95% CI,0.0006458485490164,0.0022387732460289,,,0.1916206857224114,0.335312139951065,,estimated,Association detected; scope limited to this model.,sensitivity,EXPLORATORY_SUPPORT,Observational; endpoint-specific complete cases; no causal or clinical utility inference.,outputs/v2/stage2/adjusted_models.csv,1,5.42260986351593,24.029255117852838,,,,,,,
E0004,2,TCGA,clinically defined TNBC,97,HRD_total,candidate_mean_z,Model 2,15.504944938671263,OLS beta per signature unit,15.504944938671263,6.712694571427376,24.297195305915157,conventional 95% CI,0.0007175416727093,0.0042339954107234,,,0.2178337077246566,0.3595474010536538,,estimated,Association detected; scope limited to this model.,sensitivity,EXPLORATORY_SUPPORT,Observational; endpoint-specific complete cases; no causal or clinical utility inference.,outputs/v2/stage2/adjusted_models.csv,2,5.009343713283274,26.00054616405925,,,,,,,
E0005,2,TCGA,clinically defined TNBC,97,HRD_total,candidate_mean_z,Model 3,13.198646605801844,OLS beta per signature unit,13.198646605801844,4.355788824307243,22.04150438729644,conventional 95% CI,0.0038761826482368,0.0194171916673756,,,0.2596355953672157,0.3595474010536538,,estimated,Association detected; scope limited to this model.,sensitivity,EXPLORATORY_SUPPORT,Observational; endpoint-specific complete cases; no causal or clinical utility inference.,outputs/v2/stage2/adjusted_models.csv,3,2.182373184017763,24.21492002758592,,,,,,,
E0006,2,TCGA,clinically defined TNBC,100,HRD_total,candidate_mean_z,Model 1 matched-case M0,15.539299581447072,OLS beta per signature unit,15.539299581447072,7.617559669287639,23.461039493606503,conventional 95% CI,0.0001809452731337,0.0005091763163133,,,0.1339189784978521,0.335312139951065,,estimated,Association detected; scope limited to this model.,sensitivity,EXPLORATORY_SUPPORT,Observational; endpoint-specific complete cases; no causal or clinical utility inference.,outputs/v2/stage2/adjusted_models.csv,4,6.962563093974639,24.116036068919502,,,,,,,
E0007,2,TCGA,clinically defined TNBC,97,HRD_total,candidate_mean_z,Model 2 matched-case M0,16.64060229434882,OLS beta per signature unit,16.64060229434882,8.496901644278381,24.78430294441926,conventional 95% CI,0.0001020731694549,0.0002782593341764,,,0.1476460118673487,0.3595474010536538,,estimated,Association detected; scope limited to this model.,sensitivity,EXPLORATORY_SUPPORT,Observational; endpoint-specific complete cases; no causal or clinical utility inference.,outputs/v2/stage2/adjusted_models.csv,5,7.890221990982923,25.39098259771472,,,,,,,
E0008,2,TCGA,clinically defined TNBC,97,HRD_total,candidate_mean_z,Model 3 matched-case M0,16.64060229434882,OLS beta per signature unit,16.64060229434882,8.496901644278381,24.78430294441926,conventional 95% CI,0.0001020731694549,0.0002782593341764,,,0.1476460118673487,0.3595474010536538,,estimated,Association detected; scope limited to this model.,sensitivity,EXPLORATORY_SUPPORT,Observational; endpoint-specific complete cases; no causal or clinical utility inference.,outputs/v2/stage2/adjusted_models.csv,6,7.890221990982923,25.39098259771472,,,,,,,
E0009,2,TCGA,clinically defined TNBC,103,HRD_total,candidate_mean_z,Adjust Proliferation,12.887990434535991,OLS beta per signature unit,12.887990434535991,5.147988420975389,20.627992448096595,conventional 95% CI,0.0013254672264941,0.0051080831695266,,,0.2086441193020075,0.3538653107356274,,estimated,Association detected; scope limited to this model.,sensitivity,EXPLORATORY_SUPPORT,Observational; endpoint-specific complete cases; no causal or clinical utility inference.,outputs/v2/stage2/sensitivity_analysis.csv,0,3.957996951766804,21.817983917305177,,,,,,,
E0010,2,TCGA,clinically defined TNBC,100,HRD_total,candidate_mean_z,Adjust Purity,16.08824398133062,OLS beta per signature unit,16.08824398133062,7.839382773053423,24.33710518960782,conventional 95% CI,0.0001966492687983,0.0006592689903102,,,0.164588859616361,0.3770611044688316,,estimated,Association detected; scope limited to this model.,sensitivity,EXPLORATORY_SUPPORT,Observational; endpoint-specific complete cases; no causal or clinical utility inference.,outputs/v2/stage2/sensitivity_analysis.csv,1,7.016800265100024,25.159687697561218,,,,,,,
E0011,2,TCGA,clinically defined TNBC,0,HRD_total,candidate_mean_z,Adjust BRCA1/2,,OLS beta per signature unit,,,,conventional 95% CI,,,,,,,,unavailable,Not estimable: fewer than 10 complete patients,sensitivity,UNAVAILABLE,Observational; endpoint-specific complete cases; no causal or clinical utility inference.,outputs/v2/stage2/sensitivity_analysis.csv,2,,,,,,,,,
E0012,2,TCGA,clinically defined TNBC,102,HRD_total,candidate_mean_z,Adjust FGA,11.69648746738591,OLS beta per signature unit,11.69648746738591,4.087661592144315,19.305313342627507,conventional 95% CI,0.0029346916992996,0.010164459460367,,,0.2506320562936778,0.3552019978832241,,estimated,Association detected; scope limited to this model.,sensitivity,EXPLORATORY_SUPPORT,Observational; endpoint-specific complete cases; no causal or clinical utility inference.,outputs/v2/stage2/sensitivity_analysis.csv,3,2.839865503660977,20.553109431110844,,,,,,,
E0013,2,TCGA,clinically defined TNBC,80,HRD_total,candidate_mean_z,Adjust PAM50,11.385254745971636,OLS beta per signature unit,11.385254745971636,2.652616134144891,20.11789335779838,conventional 95% CI,0.0113149671935348,0.0248393826904208,,,0.2777077997055353,0.357079655373514,,estimated,Association detected; scope limited to this model.,sensitivity,EXPLORATORY_SUPPORT,Observational; endpoint-specific complete cases; no causal or clinical utility inference.,outputs/v2/stage2/sensitivity_analysis.csv,4,1.4812635588769627,21.28924593306631,,,,,,,
E0014,2,TCGA,clinically defined TNBC,103,HRD_total,candidate_median_z,Prespecified alternative predictor,14.928337191406008,OLS beta per signature unit,14.928337191406008,7.319630792751976,22.53704359006004,conventional 95% CI,0.0001784233565073,0.0006175453068656,,,0.1304228084325068,0.3655071711261031,,estimated,Association detected; scope limited to this model.,sensitivity,EXPLORATORY_SUPPORT,Observational; endpoint-specific complete cases; no causal or clinical utility inference.,outputs/v2/stage2/sensitivity_analysis.csv,5,6.550413385451316,23.306260997360702,,,,,,,
E0015,2,TCGA,clinically defined TNBC,103,HRD_total,HORMAD1_z,Prespecified alternative predictor,7.119835749865414,OLS beta per signature unit,7.119835749865414,2.995679475319462,11.243992024411366,conventional 95% CI,0.0008909124507058,0.0007458047204416,,,0.1040404696689102,0.2915853099781313,,estimated,Association detected; scope limited to this model.,sensitivity,CONTEXT_ONLY,Observational; endpoint-specific complete cases; no causal or clinical utility inference.,outputs/v2/stage2/sensitivity_analysis.csv,6,3.059336712134841,11.180334787595989,,,,,,,
E0016,2,TCGA,clinically defined TNBC,103,HRD_total,STAG3_z,Prespecified alternative predictor,2.534584373637358,OLS beta per signature unit,2.534584373637358,-1.655558048064064,6.72472679533878,conventional 95% CI,0.2329684685361925,0.2839277893550579,,,0.0140557008197733,0.145367063276069,,estimated,No statistical support at the recorded threshold; not proof of no effect.,sensitivity,CONTEXT_ONLY,Observational; endpoint-specific complete cases; no causal or clinical utility inference.,outputs/v2/stage2/sensitivity_analysis.csv,7,-2.1327251238571714,7.201893871131888,,,,,,,
E0017,2,TCGA,clinically defined TNBC,103,HRD_total,REC8_z,Prespecified alternative predictor,3.0173025285667183,OLS beta per signature unit,3.0173025285667183,-1.5201986887545331,7.55480374588797,conventional 95% CI,0.1901112661620946,0.2363875928869288,,,0.0169367414183426,0.1542657423309069,,estimated,No statistical support at the recorded threshold; not proof of no effect.,sensitivity,CONTEXT_ONLY,Observational; endpoint-specific complete cases; no causal or clinical utility inference.,outputs/v2/stage2/sensitivity_analysis.csv,8,-2.007699595045594,8.04230465217903,,,,,,,
E0018,2,TCGA,clinically defined TNBC,103,HRD_total,candidate_mean_z,Exploratory candidate conditional on HORMAD1,12.497899836214682,OLS beta per signature unit,12.497899836214682,4.137127441465962,20.8586722309634,conventional 95% CI,0.0037769061238257,0.0064944834997552,,,0.1764724373544858,0.3538653107356274,,estimated,Association detected; scope limited to this model.,sensitivity,EXPLORATORY_SUPPORT,Observational; endpoint-specific complete cases; no causal or clinical utility inference.,outputs/v2/stage2/sensitivity_analysis.csv,9,3.5788533667565368,21.416946305672827,,,,,,,
E0019,2,TCGA,clinically defined TNBC,103,HRD_total,candidate_mean_z,Exploratory candidate conditional on HORMAD2,16.95252323067819,OLS beta per signature unit,16.95252323067819,8.724579142361042,25.180467318995333,conventional 95% CI,8.81239825565221e-05,0.0001539935619405,,,0.1481737600585361,0.3538653107356274,,estimated,Association detected; scope limited to this model.,sensitivity,EXPLORATORY_SUPPORT,Observational; endpoint-specific complete cases; no causal or clinical utility inference.,outputs/v2/stage2/sensitivity_analysis.csv,10,8.404435167293164,25.50061129406321,,,,,,,
E0020,2,TCGA,clinically defined TNBC,103,HRD_total,candidate_mean_z,Exploratory candidate conditional on STAG3,20.9540470231836,OLS beta per signature unit,20.9540470231836,11.242030901750216,30.666063144616977,conventional 95% CI,4.282792032946663e-05,2.8591446344336845e-05,,,0.1667322927057296,0.3538653107356274,,estimated,Association detected; scope limited to this model.,sensitivity,EXPLORATORY_SUPPORT,Observational; endpoint-specific complete cases; no causal or clinical utility inference.,outputs/v2/stage2/sensitivity_analysis.csv,11,11.476071247537776,30.432022798829426,,,,,,,
E0021,2,TCGA,clinically defined TNBC,103,HRD_total,candidate_mean_z,Exploratory candidate conditional on REC8,16.003530022430372,OLS beta per signature unit,16.003530022430372,7.782048421436533,24.22501162342421,conventional 95% CI,0.0001997857048172,0.0007264255326708,,,0.1445247132488926,0.3538653107356274,,estimated,Association detected; scope limited to this model.,sensitivity,EXPLORATORY_SUPPORT,Observational; endpoint-specific complete cases; no causal or clinical utility inference.,outputs/v2/stage2/sensitivity_analysis.csv,12,6.899047340174507,25.10801270468624,,,,,,,
E0022,2,TCGA,clinically defined TNBC,103,HRD_total,candidate_mean_z,Exploratory candidate conditional on SMC1B,14.583441866673011,OLS beta per signature unit,14.583441866673011,5.088020405928818,24.078863327417203,conventional 95% CI,0.0029557843054047,0.007674790000753,,,0.1467323225570118,0.3538653107356274,,estimated,Association detected; scope limited to this model.,sensitivity,EXPLORATORY_SUPPORT,Observational; endpoint-specific complete cases; no causal or clinical utility inference.,outputs/v2/stage2/sensitivity_analysis.csv,13,3.950686067412129,25.21619766593389,,,,,,,
E0023,2,TCGA,clinically defined TNBC,103,HRD_total,candidate_mean_z,Exploratory candidate conditional on SYCP2,21.28722853298482,OLS beta per signature unit,21.28722853298482,10.304560148899196,32.26989691707044,conventional 95% CI,0.0002118206467933,6.318709235759095e-05,,,0.1594286044649946,0.3538653107356274,,estimated,Association detected; scope limited to this model.,sensitivity,EXPLORATORY_SUPPORT,Observational; endpoint-specific complete cases; no causal or clinical utility inference.,outputs/v2/stage2/sensitivity_analysis.csv,14,11.176938690480082,31.39751837548956,,,,,,,
E0024,2,TCGA,clinically defined TNBC,103,HRD_total,candidate_mean_z,Exploratory candidate conditional on SYCP3,15.167555780611396,OLS beta per signature unit,15.167555780611396,6.282244192280684,24.05286736894211,conventional 95% CI,0.0010124225916883,0.0023996862600173,,,0.1457360549274456,0.3538653107356274,,estimated,Association detected; scope limited to this model.,sensitivity,EXPLORATORY_SUPPORT,Observational; endpoint-specific complete cases; no causal or clinical utility inference.,outputs/v2/stage2/sensitivity_analysis.csv,15,5.5074877786933545,24.82762378252944,,,,,,,
E0025,2,TCGA,clinically defined TNBC,103,HRD_total,candidate_mean_z,Exploratory candidate conditional on MSH4,14.275241820541885,OLS beta per signature unit,14.275241820541885,5.594132530153784,22.95635111092998,conventional 95% CI,0.0015116513939531,0.0041987943287198,,,0.1507114588598069,0.3538653107356274,,estimated,Association detected; scope limited to this model.,sensitivity,EXPLORATORY_SUPPORT,Observational; endpoint-specific complete cases; no causal or clinical utility inference.,outputs/v2/stage2/sensitivity_analysis.csv,16,4.609361593662287,23.94112204742148,,,,,,,
E0026,2,TCGA,clinically defined TNBC,103,HRD_total,candidate_mean_z,Exploratory candidate conditional on MSH5,17.97244645903332,OLS beta per signature unit,17.97244645903332,7.121470619748337,28.823422298318302,conventional 95% CI,0.0014019348789898,0.0090006779503867,,,0.1467620463817031,0.3538653107356274,,estimated,Association detected; scope limited to this model.,sensitivity,EXPLORATORY_SUPPORT,Observational; endpoint-specific complete cases; no causal or clinical utility inference.,outputs/v2/stage2/sensitivity_analysis.csv,17,4.588069546370294,31.35682337169635,,,,,,,
E0027,2,TCGA,clinically defined TNBC,68,HRD_total,candidate_mean_z,PAM50 basal within clinical TNBC,11.217829822026117,OLS beta per signature unit,11.217829822026117,1.6224253984493764,20.813234245602857,conventional 95% CI,0.0226415970975124,0.0414499964594581,,,0.0762546141364202,0.2473695594900138,,estimated,Association detected; scope limited to this model.,sensitivity,EXPLORATORY_SUPPORT,Observational; endpoint-specific complete cases; no causal or clinical utility inference.,outputs/v2/stage2/sensitivity_analysis.csv,18,0.4479433036140072,21.987716340438222,,,,,,,
E0028,2,TCGA,clinically defined TNBC,0,HRD_total,candidate_mean_z,Exclude BRCA1/2 altered (requires known negatives),,OLS beta per signature unit,,,,conventional 95% CI,,,,,,,,unavailable,Not estimable: fewer than 10 complete patients,sensitivity,UNAVAILABLE,Observational; endpoint-specific complete cases; no causal or clinical utility inference.,outputs/v2/stage2/sensitivity_analysis.csv,19,,,,,,,,,
E0029,2,TCGA,clinically defined TNBC,97,HRD_total,candidate_mean_z,Exclude Cook's distance >4/N,20.484449222242414,OLS beta per signature unit,20.484449222242414,12.914903295616927,28.05399514886791,conventional 95% CI,5.517256676074266e-07,2.213681126983357e-07,,,0.2330228849957637,0.4488584126809813,,estimated,Association detected; scope limited to this model.,sensitivity,EXPLORATORY_SUPPORT,Observational; endpoint-specific complete cases; no causal or clinical utility inference.,outputs/v2/stage2/sensitivity_analysis.csv,20,13.203309938846264,27.76558850563857,,,,,,,
E0073,2,TCGA,clinically defined TNBC,103,HRD_total,leave_one_out_score,Leave one gene out,13.473557834029904,OLS beta per signature unit,13.473557834029904,5.995529593105683,20.951586074954125,conventional 95% CI,0.0005405260324355,0.0017102799116247,,,0.1122818746549754,0.3349034341323553,,estimated,Association detected; scope limited to this model.,sensitivity,EXPLORATORY_SUPPORT,Observational; endpoint-specific complete cases; no causal or clinical utility inference.,outputs/v2/stage2/leave_one_gene_out.csv,0,5.1797843121917335,21.767331355868077,,HORMAD1,,,,,
E0074,2,TCGA,clinically defined TNBC,103,HRD_total,leave_one_out_score,Leave one gene out,15.200002341531436,OLS beta per signature unit,15.200002341531436,7.989910705357457,22.41009397770541,conventional 95% CI,6.164967672019563e-05,0.0001200971459692,,,0.1476020314449631,0.3537389714650957,,estimated,Association detected; scope limited to this model.,sensitivity,EXPLORATORY_SUPPORT,Observational; endpoint-specific complete cases; no causal or clinical utility inference.,outputs/v2/stage2/leave_one_gene_out.csv,1,7.664895019261687,22.735109663801182,,HORMAD2,,,,,
E0075,2,TCGA,clinically defined TNBC,103,HRD_total,leave_one_out_score,Leave one gene out,17.063158148735102,OLS beta per signature unit,17.063158148735102,9.389713455850556,24.73660284161965,conventional 95% CI,2.5755892160656305e-05,4.912851193860936e-05,,,0.1615351833491428,0.3716187247512053,,estimated,Association detected; scope limited to this model.,sensitivity,EXPLORATORY_SUPPORT,Observational; endpoint-specific complete cases; no causal or clinical utility inference.,outputs/v2/stage2/leave_one_gene_out.csv,2,9.084367850876031,25.041948446594173,,STAG3,,,,,
E0076,2,TCGA,clinically defined TNBC,103,HRD_total,leave_one_out_score,Leave one gene out,14.67247820598024,OLS beta per signature unit,14.67247820598024,7.45772701172623,21.88722940023425,conventional 95% CI,0.0001065918083499,0.0004476860585492,,,0.1387788001585918,0.3604349528032731,,estimated,Association detected; scope limited to this model.,sensitivity,EXPLORATORY_SUPPORT,Observational; endpoint-specific complete cases; no causal or clinical utility inference.,outputs/v2/stage2/leave_one_gene_out.csv,3,6.653159901921454,22.691796510039023,,REC8,,,,,
E0077,2,TCGA,clinically defined TNBC,103,HRD_total,leave_one_out_score,Leave one gene out,15.2424907164406,OLS beta per signature unit,15.2424907164406,7.5507999818867075,22.93418145099449,conventional 95% CI,0.0001550741449068,0.0006393196674332,,,0.1327028784779939,0.3498663981727125,,estimated,Association detected; scope limited to this model.,sensitivity,EXPLORATORY_SUPPORT,Observational; endpoint-specific complete cases; no causal or clinical utility inference.,outputs/v2/stage2/leave_one_gene_out.csv,4,6.66323719153921,23.82174424134199,,SMC1B,,,,,
E0078,2,TCGA,clinically defined TNBC,103,HRD_total,leave_one_out_score,Leave one gene out,17.226616423418502,OLS beta per signature unit,17.226616423418502,9.332690034332368,25.12054281250464,conventional 95% CI,3.533007219488306e-05,7.315569637866272e-05,,,0.1565087406844713,0.3745135419499087,,estimated,Association detected; scope limited to this model.,sensitivity,EXPLORATORY_SUPPORT,Observational; endpoint-specific complete cases; no causal or clinical utility inference.,outputs/v2/stage2/leave_one_gene_out.csv,5,8.964677705392896,25.48855514144411,,SYCP2,,,,,
E0079,2,TCGA,clinically defined TNBC,103,HRD_total,leave_one_out_score,Leave one gene out,14.961582064945937,OLS beta per signature unit,14.961582064945937,7.428638328550167,22.494525801341705,conventional 95% CI,0.0001501913456797,0.0003677991109048,,,0.1332224544179145,0.3349803362970267,,estimated,Association detected; scope limited to this model.,sensitivity,EXPLORATORY_SUPPORT,Observational; endpoint-specific complete cases; no causal or clinical utility inference.,outputs/v2/stage2/leave_one_gene_out.csv,6,6.910948813954287,23.01221531593759,,SYCP3,,,,,
E0080,2,TCGA,clinically defined TNBC,103,HRD_total,leave_one_out_score,Leave one gene out,14.468146742667608,OLS beta per signature unit,14.468146742667608,6.98288553250985,21.95340795282537,conventional 95% CI,0.0002192281607005,0.0006853023256617,,,0.127068075798471,0.339638410271411,,estimated,Association detected; scope limited to this model.,sensitivity,EXPLORATORY_SUPPORT,Observational; endpoint-specific complete cases; no causal or clinical utility inference.,outputs/v2/stage2/leave_one_gene_out.csv,7,6.2765625244421255,22.659730960893093,,MSH4,,,,,
E0081,2,TCGA,clinically defined TNBC,103,HRD_total,leave_one_out_score,Leave one gene out,16.570487031300164,OLS beta per signature unit,16.570487031300164,8.671472312694094,24.46950174990624,conventional 95% CI,6.657951248886183e-05,0.0003483565762337,,,0.1463661117103731,0.3535961531592773,,estimated,Association detected; scope limited to this model.,sensitivity,EXPLORATORY_SUPPORT,Observational; endpoint-specific complete cases; no causal or clinical utility inference.,outputs/v2/stage2/leave_one_gene_out.csv,8,7.691887127503817,25.44908693509651,,MSH5,,,,,
E0082,2,TCGA,clinically defined TNBC,113,proliferation,candidate_mean_z,Candidate versus proliferation,0.523769357448289,OLS beta per signature unit,0.523769357448289,0.2301854142243008,0.8173533006722772,conventional 95% CI,0.000595442320493,0.003950914497559,,,0.1011984424783861,0.307854814026216,,estimated,Association detected; scope limited to this model.,sensitivity,CONTEXT_ONLY,Observational; endpoint-specific complete cases; no causal or clinical utility inference.,outputs/v2/stage2/proliferation_analysis.csv,0,0.1711855175659411,0.8763531973306369,,,,,,,
E0083,2,TCGA,clinically defined TNBC,103,HRD_total,candidate_mean_z,HRD adjusted for proliferation,12.887990434535991,OLS beta per signature unit,12.887990434535991,5.147988420975389,20.627992448096595,conventional 95% CI,0.0013254672264941,0.0051080831695266,,,0.2086441193020075,0.3538653107356274,,estimated,Association detected; scope limited to this model.,sensitivity,EXPLORATORY_SUPPORT,Observational; endpoint-specific complete cases; no causal or clinical utility inference.,outputs/v2/stage2/proliferation_analysis.csv,1,3.957996951766804,21.817983917305177,,,,,,,
E0086,4,SCAN-B,clinically defined TNBC,225,HRDetect_probability,candidate_mean_z,proliferation,0.075726787161104,OLS beta per signature unit,0.075726787161104,-0.0492669173536412,0.2007204916758493,conventional 95% CI,0.2337745371630358,0.275496949933034,,,0.1362009646593825,0.2774673409186684,,estimated,No statistical support at the recorded threshold; not proof of no effect.,sensitivity,NO_SUPPORT_AT_THRESHOLD,Observational; endpoint-specific complete cases; no causal or clinical utility inference. Proliferation attenuation; BRCA/purity unavailable; correlated genomic endpoints.,outputs/v2/stage4/scanb_adjusted_results.csv,0,-0.0607873455230932,0.2122409198453014,,,,,,,
E0087,4,SCAN-B,clinically defined TNBC,225,HRDetect_probability,candidate_mean_z,age,0.1693557317837993,OLS beta per signature unit,0.1693557317837993,0.0656575105831715,0.2730539529844271,conventional 95% CI,0.0014814744183695,0.0035262725021755,,,0.2007461872116704,0.2774673409186684,,estimated,Association detected; scope limited to this model.,sensitivity,EXPLORATORY_SUPPORT,Observational; endpoint-specific complete cases; no causal or clinical utility inference. Proliferation attenuation; BRCA/purity unavailable; correlated genomic endpoints.,outputs/v2/stage4/scanb_adjusted_results.csv,1,0.0561917396751199,0.2825197238924786,,,,,,,
E0088,4,SCAN-B,clinically defined TNBC,225,HRDetect_probability,candidate_mean_z,age + proliferation,0.0740119682907071,OLS beta per signature unit,0.0740119682907071,-0.0438815704017168,0.1919055069831312,conventional 95% CI,0.217320581725918,0.2705772047793344,,,0.2350699770582214,0.2774673409186684,,estimated,No statistical support at the recorded threshold; not proof of no effect.,sensitivity,NO_SUPPORT_AT_THRESHOLD,Observational; endpoint-specific complete cases; no causal or clinical utility inference. Proliferation attenuation; BRCA/purity unavailable; correlated genomic endpoints.,outputs/v2/stage4/scanb_adjusted_results.csv,2,-0.0580473331848246,0.206071269766239,,,,,,,
E0089,4,SCAN-B,clinically defined TNBC,225,HRDetect_probability,candidate_mean_z,Same-complete-case unadjusted for age + proliferation,0.2188371795401043,OLS beta per signature unit,0.2188371795401043,0.1081665923682189,0.3295077667119898,conventional 95% CI,0.0001289446560722,0.0004798614621651,,,0.063751032500644,0.2774673409186684,,estimated,Association detected; scope limited to this model.,sensitivity,EXPLORATORY_SUPPORT,Observational; endpoint-specific complete cases; no causal or clinical utility inference. Proliferation attenuation; BRCA/purity unavailable; correlated genomic endpoints.,outputs/v2/stage4/scanb_adjusted_results.csv,3,0.0971547718255636,0.340519587254645,,,,,,,
E0090,4,SCAN-B,clinically defined TNBC,225,HRDetect_probability,candidate_mean_z,previous Stage2/3 proliferation,0.0643513276248003,OLS beta per signature unit,0.0643513276248003,-0.0583856340609311,0.1870882893105318,conventional 95% CI,0.3026124438074816,0.3532923328957077,,,0.1534654285999755,0.2774673409186684,,estimated,No statistical support at the recorded threshold; not proof of no effect.,sensitivity,NO_SUPPORT_AT_THRESHOLD,Observational; endpoint-specific complete cases; no causal or clinical utility inference. Proliferation attenuation; BRCA/purity unavailable; correlated genomic endpoints.,outputs/v2/stage4/scanb_adjusted_results.csv,4,-0.0719864904511723,0.200689145700773,,,,,,,
E0091,4,SCAN-B,clinically defined TNBC,225,HRDetect_probability,candidate_mean_z,PAM50 + proliferation,-0.0372253948387448,OLS beta per signature unit,-0.0372253948387448,-0.1619963440331943,0.0875455543557046,conventional 95% CI,0.5571495118103023,0.6021165615017897,,,0.2368073697612317,0.2774673409186684,,estimated,No statistical support at the recorded threshold; not proof of no effect.,sensitivity,NO_SUPPORT_AT_THRESHOLD,Observational; endpoint-specific complete cases; no causal or clinical utility inference. Proliferation attenuation; BRCA/purity unavailable; correlated genomic endpoints.,outputs/v2/stage4/scanb_adjusted_results.csv,5,-0.1777363205072165,0.1032855308297268,,,,,,,
E0092,4,SCAN-B,clinically defined TNBC,0,HRDetect_probability,candidate_mean_z,Adjust BRCA1 alteration,,OLS beta per signature unit,,,,conventional 95% CI,,,,,,,,unavailable,Not estimable: No patient-level BRCA1 alteration supplied in local inputs,sensitivity,UNAVAILABLE,Observational; endpoint-specific complete cases; no causal or clinical utility inference. Proliferation attenuation; BRCA/purity unavailable; correlated genomic endpoints.,outputs/v2/stage4/scanb_adjusted_results.csv,6,,,,,,,,,
E0093,4,SCAN-B,clinically defined TNBC,0,HRDetect_probability,candidate_mean_z,Adjust BRCA2 alteration,,OLS beta per signature unit,,,,conventional 95% CI,,,,,,,,unavailable,Not estimable: No patient-level BRCA2 alteration supplied in local inputs,sensitivity,UNAVAILABLE,Observational; endpoint-specific complete cases; no causal or clinical utility inference. Proliferation attenuation; BRCA/purity unavailable; correlated genomic endpoints.,outputs/v2/stage4/scanb_adjusted_results.csv,7,,,,,,,,,
E0094,4,SCAN-B,clinically defined TNBC,0,HRDetect_probability,candidate_mean_z,Adjust tumor purity,,OLS beta per signature unit,,,,conventional 95% CI,,,,,,,,unavailable,Not estimable: No patient-level tumor purity supplied in local inputs,sensitivity,UNAVAILABLE,Observational; endpoint-specific complete cases; no causal or clinical utility inference. Proliferation attenuation; BRCA/purity unavailable; correlated genomic endpoints.,outputs/v2/stage4/scanb_adjusted_results.csv,8,,,,,,,,,
E0095,4,SCAN-B,clinically defined TNBC,225,scarHRD_score,candidate_mean_z,proliferation,1.1908592998794598,OLS beta per signature unit,1.1908592998794598,-5.256261232275883,7.637979832034802,conventional 95% CI,0.7161948024912931,0.7631035775447719,,,0.2677917230536129,0.3052387630038308,,estimated,No statistical support at the recorded threshold; not proof of no effect.,sensitivity,NO_SUPPORT_AT_THRESHOLD,Observational; endpoint-specific complete cases; no causal or clinical utility inference. Proliferation attenuation; BRCA/purity unavailable; correlated genomic endpoints.,outputs/v2/stage4/scanb_adjusted_results.csv,9,-6.585827084457779,8.967545684216699,,,,,,,
E0096,4,SCAN-B,clinically defined TNBC,225,scarHRD_score,candidate_mean_z,age,11.75295215191202,OLS beta per signature unit,11.75295215191202,5.841847450803201,17.66405685302084,conventional 95% CI,0.0001187504307891,0.0003110730502524,,,0.1725418719375078,0.3052387630038308,,estimated,Association detected; scope limited to this model.,sensitivity,EXPLORATORY_SUPPORT,Observational; endpoint-specific complete cases; no causal or clinical utility inference. Proliferation attenuation; BRCA/purity unavailable; correlated genomic endpoints.,outputs/v2/stage4/scanb_adjusted_results.csv,10,5.430810982040912,18.07509332178313,,,,,,,
E0097,4,SCAN-B,clinically defined TNBC,225,scarHRD_score,candidate_mean_z,age + proliferation,1.1293531568044524,OLS beta per signature unit,1.1293531568044524,-5.151221078254012,7.409927391862916,conventional 95% CI,0.7233956080078016,0.7710456324838542,,,0.3083171216990468,0.3052387630038308,,estimated,No statistical support at the recorded threshold; not proof of no effect.,sensitivity,NO_SUPPORT_AT_THRESHOLD,Observational; endpoint-specific complete cases; no causal or clinical utility inference. Proliferation attenuation; BRCA/purity unavailable; correlated genomic endpoints.,outputs/v2/stage4/scanb_adjusted_results.csv,11,-6.509455558130424,8.768161871739329,,,,,,,
E0098,4,SCAN-B,clinically defined TNBC,225,scarHRD_score,candidate_mean_z,Same-complete-case unadjusted for age + proliferation,13.993421847893854,OLS beta per signature unit,13.993421847893854,7.857565866106857,20.12927782968085,conventional 95% CI,1.121429514863037e-05,3.627037130250144e-05,,,0.0830537943011329,0.3052387630038308,,estimated,Association detected; scope limited to this model.,sensitivity,EXPLORATORY_SUPPORT,Observational; endpoint-specific complete cases; no causal or clinical utility inference. Proliferation attenuation; BRCA/purity unavailable; correlated genomic endpoints.,outputs/v2/stage4/scanb_adjusted_results.csv,12,7.451261827955049,20.53558186783266,,,,,,,
E0099,4,SCAN-B,clinically defined TNBC,225,scarHRD_score,candidate_mean_z,previous Stage2/3 proliferation,0.5849094793622854,OLS beta per signature unit,0.5849094793622854,-5.675003405299332,6.844822364023903,conventional 95% CI,0.8540735853207377,0.8753432300653002,,,0.2983877542156625,0.3052387630038308,,estimated,No statistical support at the recorded threshold; not proof of no effect.,sensitivity,NO_SUPPORT_AT_THRESHOLD,Observational; endpoint-specific complete cases; no causal or clinical utility inference. Proliferation attenuation; BRCA/purity unavailable; correlated genomic endpoints.,outputs/v2/stage4/scanb_adjusted_results.csv,13,-6.754404595423371,7.924223554147942,,,,,,,
E0100,4,SCAN-B,clinically defined TNBC,225,scarHRD_score,candidate_mean_z,PAM50 + proliferation,-3.9092925087121584,OLS beta per signature unit,-3.9092925087121584,-10.443286055448567,2.624701038024249,conventional 95% CI,0.2396243136591151,0.3260888426865317,,,0.3331452765746945,0.3052387630038308,,estimated,No statistical support at the recorded threshold; not proof of no effect.,sensitivity,NO_SUPPORT_AT_THRESHOLD,Observational; endpoint-specific complete cases; no causal or clinical utility inference. Proliferation attenuation; BRCA/purity unavailable; correlated genomic endpoints.,outputs/v2/stage4/scanb_adjusted_results.csv,14,-11.73716226363639,3.918577246212074,,,,,,,
E0101,4,SCAN-B,clinically defined TNBC,0,scarHRD_score,candidate_mean_z,Adjust BRCA1 alteration,,OLS beta per signature unit,,,,conventional 95% CI,,,,,,,,unavailable,Not estimable: No patient-level BRCA1 alteration supplied in local inputs,sensitivity,UNAVAILABLE,Observational; endpoint-specific complete cases; no causal or clinical utility inference. Proliferation attenuation; BRCA/purity unavailable; correlated genomic endpoints.,outputs/v2/stage4/scanb_adjusted_results.csv,15,,,,,,,,,
E0102,4,SCAN-B,clinically defined TNBC,0,scarHRD_score,candidate_mean_z,Adjust BRCA2 alteration,,OLS beta per signature unit,,,,conventional 95% CI,,,,,,,,unavailable,Not estimable: No patient-level BRCA2 alteration supplied in local inputs,sensitivity,UNAVAILABLE,Observational; endpoint-specific complete cases; no causal or clinical utility inference. Proliferation attenuation; BRCA/purity unavailable; correlated genomic endpoints.,outputs/v2/stage4/scanb_adjusted_results.csv,16,,,,,,,,,
E0103,4,SCAN-B,clinically defined TNBC,0,scarHRD_score,candidate_mean_z,Adjust tumor purity,,OLS beta per signature unit,,,,conventional 95% CI,,,,,,,,unavailable,Not estimable: No patient-level tumor purity supplied in local inputs,sensitivity,UNAVAILABLE,Observational; endpoint-specific complete cases; no causal or clinical utility inference. Proliferation attenuation; BRCA/purity unavailable; correlated genomic endpoints.,outputs/v2/stage4/scanb_adjusted_results.csv,17,,,,,,,,,
E0104,4,SCAN-B,clinically defined TNBC,225,HRDetect_probability,candidate_mean_z,Fractional logit,0.990127764489608,logit conditional mean coefficient,0.990127764489608,0.3944615850345772,1.585793943944639,HC0 sandwich 95% CI,0.0011224399305683,,,,,,,estimated,Association detected; scope limited to this model.,sensitivity,EXPLORATORY_SUPPORT,Observational; endpoint-specific complete cases; no causal or clinical utility inference. Proliferation attenuation; BRCA/purity unavailable; correlated genomic endpoints.,outputs/v2/stage4/scanb_adjusted_results.csv,18,,,,,,,,,
E0105,4,SCAN-B,clinically defined TNBC,225,HRDetect_probability,candidate_mean_z,Fractional logit adjusted,0.3572463028202032,logit conditional mean coefficient,0.3572463028202032,-0.2914535142732969,1.0059461199137034,HC0 sandwich 95% CI,0.2804209192929655,,,,,,,estimated,No statistical support at the recorded threshold; not proof of no effect.,sensitivity,NO_SUPPORT_AT_THRESHOLD,Observational; endpoint-specific complete cases; no causal or clinical utility inference. Proliferation attenuation; BRCA/purity unavailable; correlated genomic endpoints.,outputs/v2/stage4/scanb_adjusted_results.csv,19,,,,,,,,,
E0111,4,SCAN-B,clinically defined TNBC,225,HRDetect_probability,HORMAD1_z,Exploratory individual candidate,0.19404951475765,OLS beta per signature unit,0.19404951475765,0.1396284344089734,0.2484705951063267,conventional 95% CI,2.5381470348875068e-11,3.5322759382516747e-11,,2.2843323313987557e-10,0.1812780838952601,0.3961744318882583,,estimated,Association detected; scope limited to this model.,sensitivity,CONTEXT_ONLY,Observational; endpoint-specific complete cases; no causal or clinical utility inference. Proliferation attenuation; BRCA/purity unavailable; correlated genomic endpoints.,outputs/v2/stage4/scanb_gene_sensitivity.csv,0,0.1391873343832829,0.2489116951320171,,,,,,,
E0112,4,SCAN-B,clinically defined TNBC,225,HRDetect_probability,HORMAD2_z,Exploratory individual candidate,0.0469256937604509,OLS beta per signature unit,0.0469256937604509,-0.0128995824829042,0.1067509700038062,conventional 95% CI,0.1235844249426375,0.1559677662739674,,0.2357361681771705,0.0106008718377402,0.0972965097157604,,estimated,No statistical support at the recorded threshold; not proof of no effect.,sensitivity,CONTEXT_ONLY,Observational; endpoint-specific complete cases; no causal or clinical utility inference. Proliferation attenuation; BRCA/purity unavailable; correlated genomic endpoints.,outputs/v2/stage4/scanb_gene_sensitivity.csv,1,-0.0180337755744337,0.1118851630953356,,,,,,,
E0113,4,SCAN-B,clinically defined TNBC,225,HRDetect_probability,STAG3_z,Exploratory individual candidate,0.0384797192651948,OLS beta per signature unit,0.0384797192651948,-0.0214504527454567,0.0984098912758464,conventional 95% CI,0.2070797862682336,0.2174303403662323,,0.2662454394877289,0.0071282671846444,0.0790571007163927,,estimated,No statistical support at the recorded threshold; not proof of no effect.,sensitivity,CONTEXT_ONLY,Observational; endpoint-specific complete cases; no causal or clinical utility inference. Proliferation attenuation; BRCA/purity unavailable; correlated genomic endpoints.,outputs/v2/stage4/scanb_gene_sensitivity.csv,2,-0.022827785949588,0.0997872244799778,,,,,,,
E0114,4,SCAN-B,clinically defined TNBC,225,HRDetect_probability,REC8_z,Exploratory individual candidate,0.046028592002079,OLS beta per signature unit,0.046028592002079,-0.013808820098335,0.105866004102493,conventional 95% CI,0.1309645378762058,0.1425405620707999,,0.2357361681771705,0.0101994219821401,0.0888253265908133,,estimated,No statistical support at the recorded threshold; not proof of no effect.,sensitivity,CONTEXT_ONLY,Observational; endpoint-specific complete cases; no causal or clinical utility inference. Proliferation attenuation; BRCA/purity unavailable; correlated genomic endpoints.,outputs/v2/stage4/scanb_gene_sensitivity.csv,3,-0.0156098166062961,0.107667000610454,,,,,,,
E0115,4,SCAN-B,clinically defined TNBC,225,HRDetect_probability,SMC1B_z,Exploratory individual candidate,0.0426944153087388,OLS beta per signature unit,0.0426944153087388,-0.0171860280472956,0.1025748586647734,conventional 95% CI,0.1613923718549207,0.1807210727912985,,0.242088557782381,0.0087753070330728,0.1588219491275149,,estimated,No statistical support at the recorded threshold; not proof of no effect.,sensitivity,CONTEXT_ONLY,Observational; endpoint-specific complete cases; no causal or clinical utility inference. Proliferation attenuation; BRCA/purity unavailable; correlated genomic endpoints.,outputs/v2/stage4/scanb_gene_sensitivity.csv,4,-0.0199655813372021,0.1053544119546799,,,,,,,
E0116,4,SCAN-B,clinically defined TNBC,225,HRDetect_probability,SYCP2_z,Exploratory individual candidate,0.0175618540227481,OLS beta per signature unit,0.0175618540227481,-0.0425383984471081,0.0776621064926043,conventional 95% CI,0.5653006703769543,0.5781853389678887,,0.5823917195893457,0.001484775886281,0.0617014327855035,,estimated,No statistical support at the recorded threshold; not proof of no effect.,sensitivity,CONTEXT_ONLY,Observational; endpoint-specific complete cases; no causal or clinical utility inference. Proliferation attenuation; BRCA/purity unavailable; correlated genomic endpoints.,outputs/v2/stage4/scanb_gene_sensitivity.csv,5,-0.0445880101702243,0.0797117182157206,,,,,,,
E0117,4,SCAN-B,clinically defined TNBC,225,HRDetect_probability,SYCP3_z,Exploratory individual candidate,0.0788046971174189,OLS beta per signature unit,0.0788046971174189,0.0195656690497835,0.1380437251850543,conventional 95% CI,0.0093561180443125,0.0129043095396113,,0.0421025311994065,0.0298967781168016,0.2092953091505558,,estimated,Association detected; scope limited to this model.,sensitivity,CONTEXT_ONLY,Observational; endpoint-specific complete cases; no causal or clinical utility inference. Proliferation attenuation; BRCA/purity unavailable; correlated genomic endpoints.,outputs/v2/stage4/scanb_gene_sensitivity.csv,6,0.0168487111935033,0.1407606830413345,,,,,,,
E0118,4,SCAN-B,clinically defined TNBC,225,HRDetect_probability,MSH4_z,Exploratory individual candidate,0.0167960112566011,OLS beta per signature unit,0.0167960112566011,-0.0433080533090324,0.0769000758222348,conventional 95% CI,0.5823917195893457,0.6224038874535558,,0.5823917195893457,0.001358102328944,0.0527420902579532,,estimated,No statistical support at the recorded threshold; not proof of no effect.,sensitivity,CONTEXT_ONLY,Observational; endpoint-specific complete cases; no causal or clinical utility inference. Proliferation attenuation; BRCA/purity unavailable; correlated genomic endpoints.,outputs/v2/stage4/scanb_gene_sensitivity.csv,7,-0.0503242424842439,0.0839162649974463,,,,,,,
E0119,4,SCAN-B,clinically defined TNBC,225,HRDetect_probability,MSH5_z,Exploratory individual candidate,0.0632730541018767,OLS beta per signature unit,0.0632730541018767,0.0037105519278683,0.122835556275885,conventional 95% CI,0.037441478143783,0.0301414259030866,,0.112324434431349,0.0192733751734466,0.1495891276864728,,estimated,No statistical support at the recorded threshold; not proof of no effect.,sensitivity,CONTEXT_ONLY,Observational; endpoint-specific complete cases; no causal or clinical utility inference. Proliferation attenuation; BRCA/purity unavailable; correlated genomic endpoints.,outputs/v2/stage4/scanb_gene_sensitivity.csv,8,0.0061328952380637,0.1204132129656896,,,,,,,
E0120,4,SCAN-B,clinically defined TNBC,225,HRDetect_probability,candidate_median_z,Prespecified median signature,0.1948789436693472,OLS beta per signature unit,0.1948789436693472,0.0944634527652488,0.2952944345734457,conventional 95% CI,0.000170093673808,0.0006062246987076,,,0.061553932361836,0.3118395150901095,,estimated,Association detected; scope limited to this model.,sensitivity,EXPLORATORY_SUPPORT,Observational; endpoint-specific complete cases; no causal or clinical utility inference. Proliferation attenuation; BRCA/purity unavailable; correlated genomic endpoints.,outputs/v2/stage4/scanb_gene_sensitivity.csv,9,0.0844747489978222,0.3052831383408723,,,,,,,
E0121,4,SCAN-B,clinically defined TNBC,215,HRDetect_probability,candidate_mean_z,Exclude Cook distance >4/N,0.3711919501530042,OLS beta per signature unit,0.3711919501530042,0.2587516263284679,0.4836322739775405,conventional 95% CI,5.385232616594481e-10,1.1813827474158606e-12,,,0.165833265880725,0.3840517761839213,,estimated,Association detected; scope limited to this model.,sensitivity,EXPLORATORY_SUPPORT,Observational; endpoint-specific complete cases; no causal or clinical utility inference. Proliferation attenuation; BRCA/purity unavailable; correlated genomic endpoints.,outputs/v2/stage4/scanb_gene_sensitivity.csv,10,0.2744126809520713,0.4679712193539371,,,,,,,
E0122,4,SCAN-B,clinically defined TNBC,225,scarHRD_score,HORMAD1_z,Exploratory individual candidate,10.630262458121596,OLS beta per signature unit,10.630262458121596,7.566665558856348,13.693859357386843,conventional 95% CI,7.613958425050462e-11,2.7766805249183675e-10,,6.852562582545414e-10,0.1733304137570059,0.38030819648068,,estimated,Association detected; scope limited to this model.,sensitivity,CONTEXT_ONLY,Observational; endpoint-specific complete cases; no causal or clinical utility inference. Proliferation attenuation; BRCA/purity unavailable; correlated genomic endpoints.,outputs/v2/stage4/scanb_gene_sensitivity.csv,11,7.4616340957932,13.79889082044999,,,,,,,
E0123,4,SCAN-B,clinically defined TNBC,225,scarHRD_score,HORMAD2_z,Exploratory individual candidate,2.880062620295359,OLS beta per signature unit,2.880062620295359,-0.4679350247910525,6.228060265381771,conventional 95% CI,0.0914278456841808,0.050734053164107,,0.1645701222315256,0.0127230331980739,0.1225670271303152,,estimated,No statistical support at the recorded threshold; not proof of no effect.,sensitivity,CONTEXT_ONLY,Observational; endpoint-specific complete cases; no causal or clinical utility inference. Proliferation attenuation; BRCA/purity unavailable; correlated genomic endpoints.,outputs/v2/stage4/scanb_gene_sensitivity.csv,12,-0.009280443310331,5.7694056839010495,,,,,,,
E0124,4,SCAN-B,clinically defined TNBC,225,scarHRD_score,STAG3_z,Exploratory individual candidate,1.5093188054360145,OLS beta per signature unit,1.5093188054360145,-1.854290574922075,4.872928185794104,conventional 95% CI,0.377500659042463,0.3483135640505872,,0.4246882414227708,0.0034942080956563,0.0879518039896088,,estimated,No statistical support at the recorded threshold; not proof of no effect.,sensitivity,CONTEXT_ONLY,Observational; endpoint-specific complete cases; no causal or clinical utility inference. Proliferation attenuation; BRCA/purity unavailable; correlated genomic endpoints.,outputs/v2/stage4/scanb_gene_sensitivity.csv,13,-1.6554052721986268,4.674042883070655,,,,,,,
E0125,4,SCAN-B,clinically defined TNBC,225,scarHRD_score,REC8_z,Exploratory individual candidate,1.9258470081925807,OLS beta per signature unit,1.9258470081925807,-1.4340562991563683,5.285750315541531,conventional 95% CI,0.2598783256824134,0.3007047583827965,,0.3341292758773887,0.0056889270617407,0.0652552610310338,,estimated,No statistical support at the recorded threshold; not proof of no effect.,sensitivity,CONTEXT_ONLY,Observational; endpoint-specific complete cases; no causal or clinical utility inference. Proliferation attenuation; BRCA/purity unavailable; correlated genomic endpoints.,outputs/v2/stage4/scanb_gene_sensitivity.csv,14,-1.732758443585625,5.584452459970787,,,,,,,
E0126,4,SCAN-B,clinically defined TNBC,225,scarHRD_score,SMC1B_z,Exploratory individual candidate,4.5249515412848895,OLS beta per signature unit,4.5249515412848895,1.2087837600957156,7.841119322474063,conventional 95% CI,0.0077083429488625,0.0092277431959167,,0.0173437716349406,0.0314061473831687,0.1881698255394647,,estimated,Association detected; scope limited to this model.,sensitivity,CONTEXT_ONLY,Observational; endpoint-specific complete cases; no causal or clinical utility inference. Proliferation attenuation; BRCA/purity unavailable; correlated genomic endpoints.,outputs/v2/stage4/scanb_gene_sensitivity.csv,15,1.129743842624427,7.920159239945352,,,,,,,
E0127,4,SCAN-B,clinically defined TNBC,225,scarHRD_score,SYCP2_z,Exploratory individual candidate,2.686073212161454,OLS beta per signature unit,2.686073212161454,-0.6647314996479787,6.036877923970887,conventional 95% CI,0.1155882949077622,0.1065451912819861,,0.1733824423616433,0.0110668109372579,0.1120923994132949,,estimated,No statistical support at the recorded threshold; not proof of no effect.,sensitivity,CONTEXT_ONLY,Observational; endpoint-specific complete cases; no causal or clinical utility inference. Proliferation attenuation; BRCA/purity unavailable; correlated genomic endpoints.,outputs/v2/stage4/scanb_gene_sensitivity.csv,16,-0.5804756363139068,5.952622060636815,,,,,,,
E0128,4,SCAN-B,clinically defined TNBC,225,scarHRD_score,SYCP3_z,Exploratory individual candidate,4.776717998229962,OLS beta per signature unit,4.776717998229962,1.4667050118200369,8.086730984639889,conventional 95% CI,0.0048710276346695,0.0094882870770596,,0.0146130829040086,0.0349982238539571,0.2051981548964859,,estimated,Association detected; scope limited to this model.,sensitivity,CONTEXT_ONLY,Observational; endpoint-specific complete cases; no causal or clinical utility inference. Proliferation attenuation; BRCA/purity unavailable; correlated genomic endpoints.,outputs/v2/stage4/scanb_gene_sensitivity.csv,17,1.179192984822144,8.37424301163778,,,,,,,
E0129,4,SCAN-B,clinically defined TNBC,225,scarHRD_score,MSH4_z,Exploratory individual candidate,-0.0294221244470062,OLS beta per signature unit,-0.0294221244470062,-3.3989212888095395,3.340077039915527,conventional 95% CI,0.9862863896592736,0.9890583923810744,,0.9862863896592736,1.3278066989252937e-06,0.0490963568938207,,estimated,No statistical support at the recorded threshold; not proof of no effect.,sensitivity,CONTEXT_ONLY,Observational; endpoint-specific complete cases; no causal or clinical utility inference. Proliferation attenuation; BRCA/purity unavailable; correlated genomic endpoints.,outputs/v2/stage4/scanb_gene_sensitivity.csv,18,-4.25264348791701,4.193799239022998,,,,,,,
E0130,4,SCAN-B,clinically defined TNBC,225,scarHRD_score,MSH5_z,Exploratory individual candidate,5.92119942051634,OLS beta per signature unit,5.92119942051634,2.6435528734301625,9.198845967602516,conventional 95% CI,0.0004530620867022,0.0002952142945076,,0.0020387793901603,0.0537781892501341,0.2257531841562637,,estimated,Association detected; scope limited to this model.,sensitivity,CONTEXT_ONLY,Observational; endpoint-specific complete cases; no causal or clinical utility inference. Proliferation attenuation; BRCA/purity unavailable; correlated genomic endpoints.,outputs/v2/stage4/scanb_gene_sensitivity.csv,19,2.748210854060119,9.09418798697256,,,,,,,
E0131,4,SCAN-B,clinically defined TNBC,225,scarHRD_score,candidate_median_z,Prespecified median signature,14.26587371177098,OLS beta per signature unit,14.26587371177098,8.772352746858136,19.759394676683826,conventional 95% CI,6.674461246239411e-07,7.29803793152964e-06,,,0.1050967627219686,0.3670822232635567,,estimated,Association detected; scope limited to this model.,sensitivity,EXPLORATORY_SUPPORT,Observational; endpoint-specific complete cases; no causal or clinical utility inference. Proliferation attenuation; BRCA/purity unavailable; correlated genomic endpoints.,outputs/v2/stage4/scanb_gene_sensitivity.csv,20,8.145267100835703,20.38648032270626,,,,,,,
E0132,4,SCAN-B,clinically defined TNBC,216,scarHRD_score,candidate_mean_z,Exclude Cook distance >4/N,20.47216522700926,OLS beta per signature unit,20.47216522700926,14.058601514284335,26.885728939734182,conventional 95% CI,1.745662066983532e-09,1.7194757058099758e-11,,,0.1561076792640345,0.3908876253867859,,estimated,Association detected; scope limited to this model.,sensitivity,EXPLORATORY_SUPPORT,Observational; endpoint-specific complete cases; no causal or clinical utility inference. Proliferation attenuation; BRCA/purity unavailable; correlated genomic endpoints.,outputs/v2/stage4/scanb_gene_sensitivity.csv,21,14.795914432827225,26.14841602119129,,,,,,,
E0133,4,SCAN-B,clinically defined TNBC,225,HRDetect_probability,leave_one_out_score,Leave one gene out,0.1551480355348236,OLS beta per signature unit,0.1551480355348236,0.0438449253423229,0.2664511457273242,conventional 95% CI,0.0065068335037579,0.011315691761297,,,0.0327298364493644,0.2110166455962916,,estimated,Association detected; scope limited to this model.,sensitivity,EXPLORATORY_SUPPORT,Observational; endpoint-specific complete cases; no causal or clinical utility inference. Proliferation attenuation; BRCA/purity unavailable; correlated genomic endpoints.,outputs/v2/stage4/scanb_leave_one_gene_out.csv,0,0.0354370379321395,0.2748590331375076,,HORMAD1,,,,,
E0134,4,SCAN-B,clinically defined TNBC,225,HRDetect_probability,leave_one_out_score,Leave one gene out,0.2057718086166068,OLS beta per signature unit,0.2057718086166068,0.0998108100673263,0.3117328071658873,conventional 95% CI,0.0001685281672903,0.0013358963046691,,,0.0616272960397863,0.2877781289506953,,estimated,Association detected; scope limited to this model.,sensitivity,EXPLORATORY_SUPPORT,Observational; endpoint-specific complete cases; no causal or clinical utility inference. Proliferation attenuation; BRCA/purity unavailable; correlated genomic endpoints.,outputs/v2/stage4/scanb_leave_one_gene_out.csv,1,0.0809715674402456,0.3305720497929681,,HORMAD2,,,,,
E0135,4,SCAN-B,clinically defined TNBC,225,HRDetect_probability,leave_one_out_score,Leave one gene out,0.2237325148634684,OLS beta per signature unit,0.2237325148634684,0.1145506963826946,0.3329143333442422,conventional 95% CI,7.408636264661346e-05,0.0002132319138089,,,0.0681435360368788,0.2952085967130215,,estimated,Association detected; scope limited to this model.,sensitivity,EXPLORATORY_SUPPORT,Observational; endpoint-specific complete cases; no causal or clinical utility inference. Proliferation attenuation; BRCA/purity unavailable; correlated genomic endpoints.,outputs/v2/stage4/scanb_leave_one_gene_out.csv,2,0.1066205961535728,0.340844433573364,,STAG3,,,,,
E0136,4,SCAN-B,clinically defined TNBC,225,HRDetect_probability,leave_one_out_score,Leave one gene out,0.2142014200903703,OLS beta per signature unit,0.2142014200903703,0.1063411814005797,0.3220616587801609,conventional 95% CI,0.0001208141671285,0.0004029744759049,,,0.0642675452522282,0.2929624947324063,,estimated,Association detected; scope limited to this model.,sensitivity,EXPLORATORY_SUPPORT,Observational; endpoint-specific complete cases; no causal or clinical utility inference. Proliferation attenuation; BRCA/purity unavailable; correlated genomic endpoints.,outputs/v2/stage4/scanb_leave_one_gene_out.csv,3,0.0967012433226413,0.3317015968580993,,REC8,,,,,
E0137,4,SCAN-B,clinically defined TNBC,225,HRDetect_probability,leave_one_out_score,Leave one gene out,0.2288083163804986,OLS beta per signature unit,0.2288083163804986,0.1179897969608023,0.339626835800195,conventional 95% CI,6.558260409481724e-05,0.0002057185399404,,,0.0691091819803573,0.2723567214496418,,estimated,Association detected; scope limited to this model.,sensitivity,EXPLORATORY_SUPPORT,Observational; endpoint-specific complete cases; no causal or clinical utility inference. Proliferation attenuation; BRCA/purity unavailable; correlated genomic endpoints.,outputs/v2/stage4/scanb_leave_one_gene_out.csv,4,0.1093418373547328,0.3482747954062645,,SMC1B,,,,,
E0138,4,SCAN-B,clinically defined TNBC,225,HRDetect_probability,leave_one_out_score,Leave one gene out,0.239557548344171,OLS beta per signature unit,0.239557548344171,0.1293114574084088,0.3498036392799333,conventional 95% CI,2.7513030358460865e-05,0.0001175223199686,,,0.0759789468061528,0.2891308470290771,,estimated,Association detected; scope limited to this model.,sensitivity,EXPLORATORY_SUPPORT,Observational; endpoint-specific complete cases; no causal or clinical utility inference. Proliferation attenuation; BRCA/purity unavailable; correlated genomic endpoints.,outputs/v2/stage4/scanb_leave_one_gene_out.csv,5,0.119148497552637,0.359966599135705,,SYCP2,,,,,
E0139,4,SCAN-B,clinically defined TNBC,225,HRDetect_probability,leave_one_out_score,Leave one gene out,0.1968979542466681,OLS beta per signature unit,0.1968979542466681,0.0893920368007229,0.3044038716926134,conventional 95% CI,0.0003791241632405,0.0010350404914556,,,0.0551923818335792,0.2566613990729035,,estimated,Association detected; scope limited to this model.,sensitivity,EXPLORATORY_SUPPORT,Observational; endpoint-specific complete cases; no causal or clinical utility inference. Proliferation attenuation; BRCA/purity unavailable; correlated genomic endpoints.,outputs/v2/stage4/scanb_leave_one_gene_out.csv,6,0.0801871136860242,0.3136087948073121,,SYCP3,,,,,
E0140,4,SCAN-B,clinically defined TNBC,225,HRDetect_probability,leave_one_out_score,Leave one gene out,0.2144670374548141,OLS beta per signature unit,0.2144670374548141,0.109787375904627,0.3191466990050011,conventional 95% CI,7.430692179474025e-05,0.0001796754470757,,,0.0681199882105746,0.2848714707121787,,estimated,Association detected; scope limited to this model.,sensitivity,EXPLORATORY_SUPPORT,Observational; endpoint-specific complete cases; no causal or clinical utility inference. Proliferation attenuation; BRCA/purity unavailable; correlated genomic endpoints.,outputs/v2/stage4/scanb_leave_one_gene_out.csv,7,0.1035402598360615,0.3253938150735666,,MSH4,,,,,
E0141,4,SCAN-B,clinically defined TNBC,225,HRDetect_probability,leave_one_out_score,Leave one gene out,0.2153949135664832,OLS beta per signature unit,0.2153949135664832,0.1052038236689526,0.3255860034640137,conventional 95% CI,0.0001530727270702,0.0006283311292305,,,0.0623904386249576,0.2787926675094817,,estimated,Association detected; scope limited to this model.,sensitivity,EXPLORATORY_SUPPORT,Observational; endpoint-specific complete cases; no causal or clinical utility inference. Proliferation attenuation; BRCA/purity unavailable; correlated genomic endpoints.,outputs/v2/stage4/scanb_leave_one_gene_out.csv,8,0.0930112372544594,0.3377785898785069,,MSH5,,,,,
E0142,4,SCAN-B,clinically defined TNBC,225,scarHRD_score,leave_one_out_score,Leave one gene out,10.707794590338478,OLS beta per signature unit,10.707794590338478,4.5271084201827545,16.888480760494204,conventional 95% CI,0.0007600841223744,0.0011457107629511,,,0.0496727215380993,0.2425444428822844,,estimated,Association detected; scope limited to this model.,sensitivity,EXPLORATORY_SUPPORT,Observational; endpoint-specific complete cases; no causal or clinical utility inference. Proliferation attenuation; BRCA/purity unavailable; correlated genomic endpoints.,outputs/v2/stage4/scanb_leave_one_gene_out.csv,9,4.303273804410645,17.112315376266313,,HORMAD1,,,,,
E0143,4,SCAN-B,clinically defined TNBC,225,scarHRD_score,leave_one_out_score,Leave one gene out,13.207816281669343,OLS beta per signature unit,13.207816281669343,7.332824724899492,19.082807838439194,conventional 95% CI,1.4749286032373495e-05,0.0001348728189339,,,0.0808965538727288,0.3105503051246811,,estimated,Association detected; scope limited to this model.,sensitivity,EXPLORATORY_SUPPORT,Observational; endpoint-specific complete cases; no causal or clinical utility inference. Proliferation attenuation; BRCA/purity unavailable; correlated genomic endpoints.,outputs/v2/stage4/scanb_leave_one_gene_out.csv,10,6.508314379870326,19.90731818346836,,HORMAD2,,,,,
E0144,4,SCAN-B,clinically defined TNBC,225,scarHRD_score,leave_one_out_score,Leave one gene out,14.72694198559787,OLS beta per signature unit,14.72694198559787,8.695940218384656,20.757943752811084,conventional 95% CI,2.75171560998114e-06,7.187913569063166e-06,,,0.0940715345124576,0.3265686981205604,,estimated,Association detected; scope limited to this model.,sensitivity,EXPLORATORY_SUPPORT,Observational; endpoint-specific complete cases; no causal or clinical utility inference. Proliferation attenuation; BRCA/purity unavailable; correlated genomic endpoints.,outputs/v2/stage4/scanb_leave_one_gene_out.csv,11,8.41329158413692,21.040592387058823,,STAG3,,,,,
E0145,4,SCAN-B,clinically defined TNBC,225,scarHRD_score,leave_one_out_score,Leave one gene out,14.134095901568475,OLS beta per signature unit,14.134095901568475,8.172338982036267,20.095852821100685,conventional 95% CI,5.1565771646316245e-06,1.998451949849661e-05,,,0.0891558217540826,0.3291754736030011,,estimated,Association detected; scope limited to this model.,sensitivity,EXPLORATORY_SUPPORT,Observational; endpoint-specific complete cases; no causal or clinical utility inference. Proliferation attenuation; BRCA/purity unavailable; correlated genomic endpoints.,outputs/v2/stage4/scanb_leave_one_gene_out.csv,12,7.743614883684862,20.524576919452088,,REC8,,,,,
E0146,4,SCAN-B,clinically defined TNBC,225,scarHRD_score,leave_one_out_score,Leave one gene out,13.812793886539977,OLS beta per signature unit,13.812793886539977,7.641651433307302,19.983936339772647,conventional 95% CI,1.601938856638661e-05,3.278192996139515e-05,,,0.0802457099006785,0.2945940785610833,,estimated,Association detected; scope limited to this model.,sensitivity,EXPLORATORY_SUPPORT,Observational; endpoint-specific complete cases; no causal or clinical utility inference. Proliferation attenuation; BRCA/purity unavailable; correlated genomic endpoints.,outputs/v2/stage4/scanb_leave_one_gene_out.csv,13,7.392539682708648,20.2330480903713,,SMC1B,,,,,
E0147,4,SCAN-B,clinically defined TNBC,225,scarHRD_score,leave_one_out_score,Leave one gene out,14.607912589816204,OLS beta per signature unit,14.607912589816204,8.47868152790992,20.737143651722487,conventional 95% CI,4.620970050423311e-06,1.4743311777925874e-05,,,0.0900153328752495,0.309330684016789,,estimated,Association detected; scope limited to this model.,sensitivity,EXPLORATORY_SUPPORT,Observational; endpoint-specific complete cases; no causal or clinical utility inference. Proliferation attenuation; BRCA/purity unavailable; correlated genomic endpoints.,outputs/v2/stage4/scanb_leave_one_gene_out.csv,14,8.110281228988374,21.105543950644037,,SYCP2,,,,,
E0148,4,SCAN-B,clinically defined TNBC,225,scarHRD_score,leave_one_out_score,Leave one gene out,12.701448999851989,OLS beta per signature unit,12.701448999851989,6.736236016804808,18.666661982899164,conventional 95% CI,3.922633151868239e-05,8.795343957302334e-05,,,0.0731762054646953,0.2870782622651052,,estimated,Association detected; scope limited to this model.,sensitivity,EXPLORATORY_SUPPORT,Observational; endpoint-specific complete cases; no causal or clinical utility inference. Proliferation attenuation; BRCA/purity unavailable; correlated genomic endpoints.,outputs/v2/stage4/scanb_leave_one_gene_out.csv,15,6.435789176556542,18.967108823147434,,SYCP3,,,,,
E0149,4,SCAN-B,clinically defined TNBC,225,scarHRD_score,leave_one_out_score,Leave one gene out,14.162331544899985,OLS beta per signature unit,14.162331544899985,8.381918444523013,19.94274464527696,conventional 95% CI,2.557543834781149e-06,8.00147355701611e-06,,,0.0946432384522705,0.3219278159005077,,estimated,Association detected; scope limited to this model.,sensitivity,EXPLORATORY_SUPPORT,Observational; endpoint-specific complete cases; no causal or clinical utility inference. Proliferation attenuation; BRCA/purity unavailable; correlated genomic endpoints.,outputs/v2/stage4/scanb_leave_one_gene_out.csv,16,8.058168963856003,20.266494125943964,,MSH4,,,,,
E0150,4,SCAN-B,clinically defined TNBC,225,scarHRD_score,leave_one_out_score,Leave one gene out,12.93415787034221,OLS beta per signature unit,12.93415787034221,6.79157089896123,19.07674484172319,conventional 95% CI,4.740304384147788e-05,0.0001158001154631,,,0.0716786944080185,0.2897703848833898,,estimated,Association detected; scope limited to this model.,sensitivity,EXPLORATORY_SUPPORT,Observational; endpoint-specific complete cases; no causal or clinical utility inference. Proliferation attenuation; BRCA/purity unavailable; correlated genomic endpoints.,outputs/v2/stage4/scanb_leave_one_gene_out.csv,17,6.43934816653927,19.428967574145148,,MSH5,,,,,
E0177,4,SCAN-B,clinically defined TNBC,225,HRDetect_probability,candidate_mean_z,summary,0.2188371795401042,observed absolute t,3.896730466918545,,,conventional 95% CI,0.0001999800019998,,,,,,,estimated,Association detected; scope limited to this model.,sensitivity,EXPLORATORY_SUPPORT,Observational; endpoint-specific complete cases; no causal or clinical utility inference. Proliferation attenuation; BRCA/purity unavailable; correlated genomic endpoints.,outputs/v2/stage4/scanb_permutation_results.csv,0,,,,,,20260919.0,10000.0,,
E0178,4,SCAN-B,clinically defined TNBC,225,scarHRD_score,candidate_mean_z,summary,13.993421847893854,observed absolute t,4.494281195507747,,,conventional 95% CI,9.999000099990002e-05,,,,,,,estimated,Association detected; scope limited to this model.,sensitivity,EXPLORATORY_SUPPORT,Observational; endpoint-specific complete cases; no causal or clinical utility inference. Proliferation attenuation; BRCA/purity unavailable; correlated genomic endpoints.,outputs/v2/stage4/scanb_permutation_results.csv,1,,,,,,20260920.0,10000.0,,
E0179,4,SCAN-B,clinically defined TNBC,225,HRDetect_probability,candidate_mean_z,summary,,OLS beta; bootstrap uncertainty,0.2207959216158562,0.104144534726213,0.3358256105215987,percentile bootstrap 95% CI,,,,,,,,estimated,No statistical support at the recorded threshold; not proof of no effect.,sensitivity,NO_SUPPORT_AT_THRESHOLD,Observational; endpoint-specific complete cases; no causal or clinical utility inference. Proliferation attenuation; BRCA/purity unavailable; correlated genomic endpoints.,outputs/v2/stage4/scanb_bootstrap_results.csv,0,,,,,,20260929.0,2000.0,,
E0180,4,SCAN-B,clinically defined TNBC,225,scarHRD_score,candidate_mean_z,summary,,OLS beta; bootstrap uncertainty,13.958040782156376,7.616656307532149,20.621549356202664,percentile bootstrap 95% CI,,,,,,,,estimated,No statistical support at the recorded threshold; not proof of no effect.,sensitivity,NO_SUPPORT_AT_THRESHOLD,Observational; endpoint-specific complete cases; no causal or clinical utility inference. Proliferation attenuation; BRCA/purity unavailable; correlated genomic endpoints.,outputs/v2/stage4/scanb_bootstrap_results.csv,1,,,,,,20260930.0,2000.0,,
E0181,4,SCAN-B,clinically defined TNBC,225,HRDetect_probability,candidate_mean_z,summary,0.2188371795401042,observed absolute t,3.896730466918545,,,conventional 95% CI,0.0381923615276944,,,,,,,estimated,Association detected; scope limited to this model.,sensitivity,EXPLORATORY_SUPPORT,Observational; endpoint-specific complete cases; no causal or clinical utility inference. Proliferation attenuation; BRCA/purity unavailable; correlated genomic endpoints.,outputs/v2/stage4/scanb_null_signature_summary.csv,0,,,,,,20260909.0,5000.0,96.2,
E0182,4,SCAN-B,clinically defined TNBC,225,scarHRD_score,candidate_mean_z,summary,13.993421847893854,observed absolute t,4.494281195507747,,,conventional 95% CI,0.055988802239552,,,,,,,estimated,No statistical support at the recorded threshold; not proof of no effect.,sensitivity,NO_SUPPORT_AT_THRESHOLD,Observational; endpoint-specific complete cases; no causal or clinical utility inference. Proliferation attenuation; BRCA/purity unavailable; correlated genomic endpoints.,outputs/v2/stage4/scanb_null_signature_summary.csv,1,,,,,,20260909.0,5000.0,94.42,
E0243,2,TCGA,clinically defined TNBC,103,HRD_total,candidate_mean_z,summary,16.00283443097265,observed absolute t,4.130741400959999,,,conventional 95% CI,0.0003999200159968006,,,,,,,estimated,Association detected; scope limited to this model.,sensitivity,EXPLORATORY_SUPPORT,Observational; endpoint-specific complete cases; no causal or clinical utility inference.,outputs/v2/stage2/permutation_summary.json,0,,,,,,20260908.0,5000.0,,
E0244,2,TCGA,clinically defined TNBC,103,HRD_total,candidate_mean_z,summary,,OLS beta; bootstrap uncertainty,15.94269681426696,7.851989694073705,23.941988642988683,percentile bootstrap 95% CI,,,,,,,,estimated,No statistical support at the recorded threshold; not proof of no effect.,sensitivity,NO_SUPPORT_AT_THRESHOLD,Observational; endpoint-specific complete cases; no causal or clinical utility inference.,outputs/v2/stage2/bootstrap_summary.json,0,,,,,,20260909.0,2000.0,,
E0245,2,TCGA,clinically defined TNBC,103,HRD_total,candidate_mean_z,summary,16.00283443097265,observed absolute t,4.130741400959999,,,conventional 95% CI,0.001999600079984003,,,,,,,estimated,Association detected; scope limited to this model.,sensitivity,EXPLORATORY_SUPPORT,Observational; endpoint-specific complete cases; no causal or clinical utility inference.,outputs/v2/stage2/random_gene_null_summary.json,0,,,,,,20260907.0,5000.0,99.82,
