,TCGA-OL-A5D8-01,TCGA-E9-A1N4-01,TCGA-E2-A10C-01,TCGA-EW-A1P4-01,TCGA-A2-A0D1-01,TCGA-A2-A3XV-01,TCGA-E9-A1N5-01,TCGA-E2-A1B5-01,TCGA-A2-A0EN-01,TCGA-HN-A2NL-01,TCGA-AR-A0TX-01,TCGA-GM-A2DH-01,TCGA-C8-A135-01,TCGA-OL-A5RZ-01,TCGA-BH-A0BF-01,TCGA-EW-A1OV-01,TCGA-PL-A8LZ-01,TCGA-BH-A0DG-01,TCGA-A7-A4SB-01,TCGA-A7-A26G-01,TCGA-A2-A0T1-01,TCGA-E2-A14P-01,TCGA-S3-AA17-01,TCGA-A1-A0SK-01,TCGA-BH-A18J-01,TCGA-UU-A93S-01,TCGA-C8-A138-01,TCGA-AO-A0J2-01,TCGA-E2-A1IH-01,TCGA-BH-A0AZ-01,TCGA-E2-A152-01,TCGA-EW-A423-01,TCGA-OL-A5D6-01,TCGA-E2-A14N-01,TCGA-C8-A26X-01,TCGA-AR-A1AH-01,TCGA-AN-A04D-01,TCGA-A8-A09G-01,TCGA-AN-A0AR-01,TCGA-E2-A14S-01,TCGA-BH-A203-01,TCGA-AO-A128-01,TCGA-A8-A08B-01,TCGA-E9-A22A-01,TCGA-AC-A3W6-01,TCGA-A7-A0CG-01,TCGA-A2-A0EQ-01,TCGA-BH-A0BM-01,TCGA-AR-A1AI-01,TCGA-OL-A5RY-01,TCGA-AR-A0TW-01,TCGA-D8-A1JF-01,TCGA-BH-A18T-01,TCGA-OL-A66P-01,TCGA-C8-A12V-01,TCGA-C8-A12Q-01,TCGA-GM-A2DK-01,TCGA-A8-A076-01,TCGA-BH-A1FC-01,TCGA-LL-A5YO-01,TCGA-BH-A1FN-01,TCGA-BH-A0BR-01,TCGA-LQ-A4E4-01,TCGA-AN-A0FF-01,TCGA-BH-A0BZ-01,TCGA-AC-A2QH-01,TCGA-A1-A0SM-01,TCGA-AO-A12G-01,TCGA-C8-A274-01,TCGA-AO-A1KR-01,TCGA-B6-A0I5-01,TCGA-AO-A03N-01,TCGA-AO-A03L-01,TCGA-C8-A137-01,TCGA-AN-A041-01,TCGA-A2-A04W-01,TCGA-C8-A1HK-01,TCGA-A8-A091-01,TCGA-BH-A1EN-01,TCGA-A2-A4S1-01,TCGA-E2-A1LE-01,TCGA-E2-A107-01,TCGA-AC-A2FE-01,TCGA-AC-A5EH-01,TCGA-A7-A56D-01,TCGA-LL-A9Q3-01,TCGA-BH-A0B5-01,TCGA-AR-A1AW-01,TCGA-AC-A62X-01,TCGA-D8-A27G-01,TCGA-C8-A131-01,TCGA-A1-A0SO-01,TCGA-D8-A1Y3-01,TCGA-AO-A0JL-01,TCGA-A8-A085-01,TCGA-LL-A6FP-01,TCGA-A7-A4SF-01,TCGA-C8-A1HF-01,TCGA-E2-A56Z-01,TCGA-D8-A1JN-01,TCGA-GM-A2D9-01,TCGA-D8-A1XT-01,TCGA-D8-A27W-01,TCGA-OL-A97C-01,TCGA-BH-A0B4-01,TCGA-AQ-A54N-01,TCGA-BH-A18G-01,TCGA-GM-A2DB-01,TCGA-C8-A12K-01,TCGA-A2-A1FV-01,TCGA-BH-A0B0-01,TCGA-A2-A3XZ-01,TCGA-OL-A66N-01,TCGA-AO-A0J5-01,TCGA-E2-A1LB-01,TCGA-BH-A0DH-01,TCGA-A8-A0A7-01,TCGA-AR-A0U4-01,TCGA-LL-A740-01,TCGA-BH-A0EE-01,TCGA-LD-A9QF-01
BRCA1,2.19496382132802,1.9186048080458704,2.0750564772386717,1.8306130398606781,1.9495315374377509,1.525408336070797,1.9874101736455492,1.6434322374553925,1.90008252383553,1.9549813290275373,1.9741621677965997,2.2277494759488294,1.8993443979960414,1.9223328027619835,1.8096950605121207,1.8269320764623962,1.9892942696039204,1.8469071874874363,2.043983906421235,1.6224064910932627,1.6815392201123984,1.8819208542253911,2.1042543048931583,2.1792967870546507,1.948403763112883,1.66806547349281,1.7128718679114432,1.783410935432912,1.738473078388524,2.0130886455910897,1.8267028595340715,1.9736446689190263,1.7815581002597058,1.7297564329983801,1.5830332461500147,1.814371438754993,2.130993750556245,1.7416375992093664,1.777122226881513,2.059009100040462,1.7597872500349854,1.9303175834019706,1.6611359798901653,1.6847126681343552,1.9375053294513611,1.8641798402376737,1.8620708184253865,1.9218171398466213,1.949599447504553,1.7733020384541207,2.0458114768664766,1.9415912263553823,1.9688548470093823,1.3278023153765297,1.8808493472793826,1.7440044851663385,1.7590124676962577,1.7237134361169124,1.8635889040387306,1.838449426229147,1.9731370058110045,1.8316119613313264,2.1927909794948155,2.1123392243209596,1.9144949440470675,1.8064665480113207,1.604049752110447,2.0656663033439715,1.9538578084986753,1.4356043509473606,1.6644993896823337,1.5697076036978692,1.8594672453841705,1.6679829292987993,2.1715736860973665,1.5395040012316121,1.852946758833509,2.253397989309876,1.7434405469041443,1.6936319166746892,1.7213448175504755,2.1812211195942277,2.062046334022209,1.8461668753795422,1.1668381228678557,1.8385191043683886,2.1565231167955603,1.9832664323499525,1.7979863977537407,1.959682491713687,1.834906076965014,2.052479130033631,1.8275382166937477,1.7030644464812323,2.364034982413931,1.7749049138092892,1.9595712188334105,1.8889884917436166,1.951611529848631,1.9011082430145123,1.9211523895676363,1.8189992540201094,2.0958722642111414,2.0983460527576288,2.2670481438445655,1.4301684705401707,1.5041026163786544,1.6553185192516162,1.8087894091794228,2.0405672975935945,1.882056070968626,1.895746784564744,1.8523657312745212,1.9071633703365432,1.6732027990827392,1.8826963991935626,1.6660748426206928,2.0790227371234855,1.9398488697110046,1.4751367775205007,1.6726763130748041
BRCA2,0.0,0.0,0.0,0.0,0.0,0.0,0.0,0.0,0.0,0.0,0.0,0.0,0.0,0.0,0.0,0.004846096210619148,0.0,0.0,0.0,0.0,0.0,0.0,0.001204571665408116,0.0,0.0,0.0,0.016722830950162214,0.002823220798034256,0.0,0.0045331169007706415,0.020827419933789622,0.0,0.0,0.0,0.0,0.0,0.0,0.0056916466567434425,0.0,0.0,0.0,0.0,0.0,0.0,0.0,0.01489294748342594,0.0,0.0,0.0030603571211621707,0.0,0.0,0.0,0.0,0.0,0.0,0.008933962936817811,0.0,0.0,0.0,0.0028909780106730694,0.0,0.0,0.0,0.0,0.006063531914284018,0.0,0.0,0.0,0.001552183489180268,0.0,0.0,0.0,0.0,0.0,0.0,0.0,0.0,0.0,0.0,0.0,0.0,0.0,0.0033313223420790095,0.0,0.0,0.0,0.0,0.01823199647994332,0.0,0.0,0.03078889450536305,0.0,0.0018488590371901284,0.0,0.0,0.0,0.0,0.0,0.0,0.0,0.0,0.00563247425358993,0.0,0.0,0.04351743509452613,0.0,0.0,0.0,0.0031196351121028326,0.0,0.0,0.0,0.0,0.0,0.004143912784442402,0.0,0.0,0.0,0.0,0.0,0.12212309026456883
PALB2,2.2556910656975644,2.0934317205572617,2.3486431831865526,2.148127140731572,2.0120680233090904,1.6175147768344686,2.3092868015017474,2.182886126780142,1.9774741017641921,2.1100825620903154,1.7466481379134113,2.2783416586216423,1.9395989594151641,2.14467944978333,2.0594348867105774,2.1760290968588127,2.1943329450875346,2.0526802017203924,2.0888742944329715,2.0181926105570946,1.9079712502577628,2.0640861150026586,2.0183991651849427,2.0593552776164215,2.0123076418650703,2.024915359463776,1.9916007528174764,2.1902166024514576,2.0873983428538305,1.9724831263889469,2.0181712411489987,2.1862723453008988,1.957951733162553,2.0611160351839897,1.7932217045840841,2.227457683481662,2.324309460627945,1.8856641639742833,2.141821860651095,2.0769284434494275,1.9089243232939572,2.104608397706068,2.3707920093019808,1.9851105585158564,1.893237935582876,1.9820863874753734,1.9353880827422814,1.8799135307701695,2.192408817285081,1.9695133865818508,2.045593243668015,2.0564690792683282,2.2798308102690115,1.4354899179933818,2.1155227170845037,2.06680562285348,1.9720786888028405,2.0722533218005244,2.118309885327953,1.9762609752539595,2.123477488340857,2.133004488188207,2.047789634526203,2.0554976305006627,2.1399180163698954,1.9812571904410683,2.026775276639357,1.972479450194241,2.2148397571777085,1.863224853345973,1.87825450080877,2.159768024007855,2.1898498552288217,2.200416465770112,1.982645004838093,1.8202157315193512,2.1984312897404745,2.1413412298617223,1.803239437771663,1.8389114394829082,1.906467342983104,2.2899731224546622,1.9596032528150242,2.0247239176274356,1.1464662388470936,2.1337213324290527,2.181814973916602,2.0736934350438925,2.2332407877551153,2.0841357172545454,2.021316260090993,2.491917214684428,2.2303014035349715,1.8612169598668473,2.1876252437905026,2.2425537293608473,2.249703213050599,2.2006142055134528,2.2537775344411513,2.0938069140543445,1.8869909847376631,2.2227334753481047,2.1374018757457756,1.7856216908575084,2.039945515680815,1.4866371526746942,1.8504033975829015,1.8688368736450953,2.2721844751429634,2.020317285629355,2.030685673241952,2.0570655022013846,2.088816641909924,1.8817076842011973,1.8753515150671822,2.1985538718056588,1.8764128231995945,2.16387545835937,2.0126687826966925,2.113640496736906,2.0249791677643443
RAD51,2.540168463587368,2.3980682703739893,2.0039010951620972,2.107208865517437,2.2329653198289816,1.990806884086192,2.435236738262624,1.8906113147043457,2.0833024086260536,2.1291130542872074,2.157777561134228,2.0516772883956738,1.9728820792313755,2.431789569181829,2.284404792606739,2.076377543135586,1.9466761624940803,2.316132371563734,2.204817303074205,1.9067071027245495,2.1327160311615914,2.231659259180791,2.366441660414855,1.9910218635454202,1.9774912919042045,0.5794326830793757,2.0568156000633144,1.9903516919875892,2.147076209899355,2.053493686884028,2.289791344813466,2.0393057940627335,2.703754958354297,1.0085255024159019,2.43820275710867,1.965834001296076,0.8782937434010416,2.4315550762650355,2.284461741889495,2.386656037820574,1.9787194339900323,1.7170347779973112,2.3452347712189376,2.271379703305113,2.2239880154821736,2.5541713305747322,1.8591591613336544,2.147912808982926,2.042436914884022,2.0429998495118586,2.5921598425311783,1.2747226994146335,1.9599184966892484,2.190062910719998,2.048676160936597,2.42256009594268,1.7739476503683123,2.407873546079665,1.9615065061450216,1.7059540904272887,1.884092915647024,2.2550172359997487,2.5303262576858256,2.4374387756148277,2.2287831775654827,2.3830715209861792,2.157924286548317,2.422535255866905,2.351328243766623,1.6952914757908155,2.2104440159507917,1.7495276668189728,2.4940137937630817,2.4493988368841,2.2355550477254473,1.8063748248932268,2.2003715540662574,2.6334061711120347,2.2390901322401056,1.8092212909629906,2.40608658196446,2.5641323669514096,2.3557861266437525,2.37429047958832,1.5564501673948008,2.4496832658940195,2.326902356374888,2.1161548688139735,1.6459640912147535,2.4785676544755124,2.055633512545488,2.092397418259921,2.5040531761194345,1.0647926670640733,2.320715721784995,2.241931683519727,2.367854893848544,2.011055188508996,2.3222964899662815,2.580227137093122,2.2916806230150057,2.165281182282147,2.487626844191641,2.185498202518031,2.3066727900232133,1.7827569375862495,1.8955054674172092,1.864063446058593,1.960443274862856,2.2756007873783664,2.3200291468283716,2.4258620859435953,2.092139767887133,2.4407723353327655,2.7629898346630117,2.6605706062494026,1.9128473395166554,2.146996031221429,2.587507166854118,1.985923536381472,2.1213419156723834
RAD51B,1.7138240195908334,1.7629841531214072,1.6325328998480864,1.6559055431309113,1.6916177914813932,1.0380630234733579,1.804015174257303,1.2919650558719296,1.6686727891413846,1.3979637118516695,1.8440887241284043,1.7127802702801564,1.6476280462498776,1.3119577482321982,1.501078974176854,1.5856918493546837,1.8291623780152375,1.7389738392656835,1.3984155796382864,1.558593141348751,1.5256253620670763,1.724222357815811,1.6288407584429079,1.6801950558459298,1.5910267918131138,1.3544109443626806,1.529527514216773,1.4466106411963016,1.4476669760912286,1.3806064563811349,1.7972691201427866,1.3125877321326322,1.6078242977816495,1.610007719758215,1.473897791090441,1.6052333855529062,1.3259762807357685,1.8334536985534569,1.7525776451288864,1.7733430721657,1.5841157347564176,1.7076366292180478,1.6265620797138403,1.352008366111478,1.4820983604784805,1.7249855164623782,1.574686264772854,1.5033130043514056,1.7018859382282545,1.4674556134600367,1.5995274813404694,1.642725492442602,1.5736024565666415,1.0355729989918756,1.7744638641984878,1.7994600746781306,1.2080478717930845,1.9369740734700671,1.4359803311391575,1.4696754132037615,1.705538138254974,1.5102932815478916,1.762944057034527,1.7945637877807805,1.6433518746068898,1.420783392666741,1.5981675151073584,1.5244948018339335,1.8388548075170053,1.0168214982074575,1.3299740678233203,1.0209761100686823,1.853248512377071,1.5881479173381126,1.824007157519945,1.2738387873486627,1.6629007120032566,1.8958647151030483,1.8146213976549146,1.2732513390848972,1.317446125187365,1.5652206903489534,1.6353661367483916,1.6799511083347147,0.9368009048487015,1.2205986813694563,1.749261594639548,1.665599522774441,1.4677760019733388,1.8087282634662976,1.4578248772348406,1.7510482476374098,1.4843707299839102,1.219241364113141,1.4946146053716731,1.3781680273027526,1.8281997155999745,1.4855357194948193,1.208964364836653,1.8491128865822175,1.4669948840182976,1.6607260488341853,1.8014927315894727,1.7571364587225935,1.5420760601361416,1.1283097831578985,1.2306752773111798,1.7170606095587573,1.4868910697844993,1.5199808057922324,1.7163368395728231,1.6637444713565848,1.2041638093795037,1.6711822149691573,1.6436905056647508,1.9756827365493672,1.5190818070498648,1.6072205818490237,1.528196042033285,1.7015707631502892,1.5438563234896934
RAD51C,1.569345259617919,1.7174472185316283,1.2861951132885812,1.8310097423983487,1.1991477758546114,0.10105835567935444,1.8114545894670278,1.8545143654077927,1.732043387572512,1.876110233414017,1.5159041661935104,2.056694500639865,1.7526115930886879,1.7154101954163619,1.7495256865579967,1.410384525933285,1.7176314623683433,2.5980554786257066,1.4063298563948736,1.7516608088963765,1.451973312954071,2.147150371209431,1.6277188877620226,2.224978708862255,1.561722044170251,0.5039185762101211,1.3381448343309794,1.6800182299439754,1.5809848018935309,1.7596331015079874,1.4565117989048668,1.1268143096296714,1.363956003711451,1.2957230245399685,1.2991508590514476,1.8516710963057017,1.9730013760872447,2.4432406272616785,1.3645164042160458,1.6694259466430845,1.7141971522216692,1.6859580839371742,1.0794702768018953,2.075991208658259,1.3309254804941828,1.6334963103552318,1.6039289454223624,1.4851382593043152,1.7310181043757529,1.569179965142568,2.2405952076909097,1.5054946421626616,1.7784272774361136,0.655773125644432,1.636831077904864,1.879729288292287,1.4026348704193086,2.1404252994416684,1.9383535489640973,1.257107197068082,1.7641083192659754,1.5781755127097656,1.6567709255608365,1.7287564310216483,1.7529797465738555,1.565041436280405,1.8215143053772458,1.5835768482622534,1.6236702449780536,0.5874610073779383,0.7944366618044221,0.7033488076369118,1.7764998850878648,0.7396753145033141,1.9527733908309266,1.2943943107030986,1.9047576782315958,1.72477249185426,1.6979694862544124,1.2272358593214547,1.4785576985995044,1.6359215160188212,1.6114084810249572,1.3868330142964156,0.07033436703343633,0.8869948853524598,1.7612767618613443,1.7068973957860503,1.4609941290015354,1.9426533727148694,1.2737307114385248,2.0153619713839577,1.2811819028247788,1.2268167650498671,2.1245795920389394,0.8360372223694785,2.384613508508782,1.6878669385001535,1.397156752587278,1.4002100070818309,1.2855679343132145,1.8058124751025475,1.9599407465954168,1.5626893614483113,1.9391061913722325,0.5399280433528023,1.9703751302050145,0.8125228690241388,1.776516729359729,1.732781487813273,1.598298500576256,2.6713613157030616,0.8276889730055859,2.1641683995339926,1.4770037399821276,1.7345427185259503,1.4973108945209908,1.9749771025124054,1.6068591043940905,1.131075790816382,1.5329652159336022
RAD51D,1.6573587551484423,1.6902718129617136,1.2074337392656616,1.5303379757306657,1.449651168855623,1.7149751993981122,1.4597463541308675,1.4938701762606637,1.566318343097879,1.8402799269384948,2.20468694644408,1.8924298858625213,1.3307534231563365,1.5149756286061957,1.631337144127481,1.5636121051239082,1.6008049549894734,1.68311926084377,1.588475990338425,1.350488760617756,1.551653820722026,1.3029419150409918,1.7742072300221383,1.9251202457231786,1.453522846919403,1.372146972007715,1.3813858251355715,1.7092244555338516,1.3998246028744885,1.4092225553142812,1.5580667694903858,1.5811752686201845,1.4049657755919414,1.6943498074100638,1.5733308958958554,1.583966697551327,1.7331894517581832,1.6577154532133205,1.8834800586836387,1.7414842447058856,1.357180374815123,1.4983913000329894,1.2202649392603973,1.237358740720874,1.5960811957820087,1.5849649052108872,1.729480987384571,1.5318455437512153,1.6456371070210314,1.6400216085475041,1.7152849827333572,1.6069183100029085,2.0331851024361978,1.4811516675240843,1.5032393202835395,1.3090218958603388,1.3680642873879263,1.464315390824761,1.9052680943659461,1.5594844712268603,1.6997825873798016,1.4653580866444922,1.6193144015458114,1.5962219647904374,1.6001745857896597,1.533114772253737,1.326442430870212,1.7084432999433938,1.7569442802686996,1.2138325056278592,1.4410239324637013,0.6663430357700851,1.4993025024771454,1.4958000355794003,1.7039135373472287,1.0542928195660406,1.5811077643026779,1.7134714759169072,1.2600527627117437,1.2033327316231863,1.3961457855977304,1.7757732886829254,1.7018617363553123,1.6244027408436417,1.068416296123166,1.3087511178506364,1.6796399834814488,1.5543653701161149,1.6544928258834615,1.379881532938454,1.4402931370721388,1.9470040294467166,1.8718239394260463,1.4161911938952143,1.776221926204649,1.6312044175295204,1.6424335683593723,1.554023941331537,1.653901534873257,1.3235401269849496,1.421269087652667,1.3581599196983065,2.1495357796818775,1.669194616488656,1.8415746627666896,1.4453055910306751,1.2799436972049762,1.188179344067055,1.5259085033124156,1.5241915863916282,1.361445541340488,1.8467380067803714,1.691284016539489,1.3645724322958561,1.3854034255409509,1.7134582784230314,1.3313010677214103,1.5673190961518064,1.6399035664851351,1.051560040099752,1.4483301017227184
BRIP1,2.183495753683583,2.278883346175046,1.7427384490740327,2.1961566322895476,2.2143113486853343,1.6713016081939949,2.194672770111433,2.361693339367851,2.1430246676653826,2.345262169760831,2.168364881737033,2.3296016748838966,2.148394601028863,2.341290230083186,2.19938709663213,2.0862007412641024,2.3258076582082166,2.436724441737682,2.0777252670247206,2.219230205579327,2.320315047334611,2.652517783826095,2.175476406417245,2.1233315010173546,2.148497548192389,1.6010083875909662,1.8760380597703679,2.094689969751236,1.9767908648426327,2.1978339460450282,2.0167018210676333,1.9220289646380568,2.1997999601559286,1.7784853882207563,2.1983449902911634,2.074566465943004,2.1326605874377695,2.293331421052868,1.9176824106661015,2.0410836511615695,2.183798882908685,2.216400681047822,1.7839587052565333,2.118965529452416,2.0357397045524994,2.0915816752282477,2.100429080867646,1.9714504158614408,2.135333677171907,2.129759589674432,2.532457515214549,2.237307283155402,2.0702887729146218,1.8949203904920096,2.13134283847637,2.3904996064487953,1.9113032089073143,2.4751089433914073,2.152778137076899,2.056317412343875,2.1330080762856434,2.170946475862515,1.9626593934106413,2.1479714938868537,2.1909509662701225,2.2247783885975796,2.253813833526336,2.122008814941808,2.048510771333694,1.6044604191989702,1.4871523448408832,1.4253303910350161,2.3408196343613996,1.816283189260374,2.3149121558715238,1.9848571019100956,2.1776325581908225,2.055546533978813,2.21851009991627,1.9716751409663142,2.0143449044965287,2.0367756865518385,2.175097760932287,2.2106155607125078,1.4064030857275396,1.9538374958595026,2.131787608584274,2.241996561789771,1.8234055029497476,2.4245385885874042,1.799833334725061,2.2846341913155355,1.9500733707646498,1.5247630555381753,2.4838488365097775,1.8349509280718768,2.2493504546668137,2.056138923149927,1.8780818207205376,1.77257824379413,1.8355154916039687,2.371018938941929,2.3511657209089902,2.083262269713882,2.346700100967869,1.3228941147638358,2.1345626766960173,1.7520735931686633,2.1800054714872914,1.9890260188119517,1.9470826028189334,2.3048428712938756,1.911782907547284,2.5574796036177956,2.200978512106994,2.125458144375269,2.1655798872407694,2.415029957898692,2.437643226394281,2.401228807109524,2.1993094216859768
ATM,0.8825699027626686,1.455921546127572,1.0251428370227773,1.2439975067590259,1.2107493440770232,0.7203774525903031,1.279745170465455,1.2031957078050113,1.3747721792683052,1.376007654289062,1.5317573598986318,1.7437491056547145,1.1679498759487603,0.9728908062057767,1.4924974955691854,1.384539994687893,1.5602960124098573,1.3698997642236066,0.9608630095837304,1.7226503887365585,1.2491709305266034,1.4762171143494973,1.262872354898634,1.654116695594996,1.2556898835853123,0.8772833331928763,1.1865474083693863,1.1517938874963232,1.3008775116911924,1.4463644135746647,1.288055494423736,0.6340396392456518,1.3063814469319,1.2232398677375511,1.15891302344202,1.3589710530458838,1.1992974770537623,1.4593791560455758,1.584441782027593,1.0269909180816073,1.4793655460060562,1.3917007853088643,1.2571707046439866,1.3660527339423179,1.2437273555149753,1.4997821201473118,1.0505062400494491,1.2271624462304562,1.2522892749785286,1.1479069298698703,1.2740554777689193,1.6135378025000504,1.4779250565947208,0.48450804869765934,1.290319258548755,1.3373735365780668,1.0771775960675591,1.615882980868075,1.1215603642136258,0.9884562872534157,1.296902963582076,1.5290256565811744,1.2190506415258546,1.504812702081043,1.2932681127696888,1.5155413353537843,1.2520075040029321,1.1119080465451439,1.5323408133995087,0.6804065537721831,0.6420565916610513,0.7650734529806654,1.365208076804349,1.185248804497062,1.2663185460891395,1.2330824265519251,1.1995870009905654,1.3656681963358743,1.3141517479092353,1.2718075933533548,1.277974400727185,1.1877484720665448,1.3054376649384622,1.3373114773309571,0.3648013940061606,0.49399477920547585,1.5887691164532436,1.363814650948399,0.6530001819642313,1.367020925276075,1.0996113607836,1.695281195144861,0.7978033780189103,0.78696357967384,1.1935359022658436,0.48741028886905075,0.804484600213729,1.2407443854897828,0.6977622179293747,1.459472674987069,0.8239690613202517,1.7219108887570573,1.2675410089312944,1.5434055036961702,1.3113464186420345,0.3500593294474417,1.0282185826785843,1.0519863666810751,1.2718231796656247,1.4518228998543061,1.3925181316050284,1.1393299709206972,0.6265305561233666,1.4398451180325902,1.4727431731233038,1.2843931053454853,1.4519856938216666,1.3497615679526698,1.388740604787264,1.2887591303633141,1.3874896174708942
CHEK2,0.13623514343492765,1.6167027230432691,0.0,0.5604867134767213,0.5713693905555675,0.0,1.4294642110347155,0.11143200536198733,1.2950764582739862,0.37124287547271867,1.055797230294706,1.5380911320596162,0.6820938174575304,0.37206058233216077,1.1204846568954558,0.7268021594379365,0.4210482124235619,1.457961944452685,0.09815002109201154,1.7168153466858187,0.5937202749441002,0.2322514235371705,0.5944211536351413,1.2248017700809262,0.513524433345201,0.0,0.16645837172253314,0.11818250701835183,0.6038498403246114,1.2764768141788272,1.5907058038409168,0.1955155879638726,0.40352223965503664,0.1147223795006459,0.40439452972497536,0.2045998348483486,0.2090165918312567,0.7857039846769748,0.2563263327783795,0.25201189338089,0.36591645385806115,0.19210997930906148,0.3467205563386497,0.38901605968850905,0.4240979674352276,1.3689917889081649,0.5699770933245684,0.8435015255368229,0.9400539620969552,0.07769875475393778,0.662813142093215,1.1914994840359374,0.11818250701835183,0.06004738366993889,1.3376540110765944,1.084994004396362,0.11214407375581854,0.8675802222025047,0.21354429401881575,0.1405169186556468,0.5612039207699201,1.1217227561268928,0.7587864111142752,1.2451913930643081,0.8448141259078092,1.668648651226012,0.654924300074564,0.9220455770319438,1.050234668222255,0.049723691948708355,0.0,0.47019843955566676,0.7842526934045798,0.13097478681526165,1.2672561208326483,0.28554031639322386,0.6130286650139777,1.3440709779247004,1.055797230294706,0.0,0.17849156782231052,0.27289909401398205,0.8878631597386829,0.4456560851243215,0.04119624694167531,0.08415499747243822,1.4192871844412216,1.1827770348244226,0.32868330376006244,1.196669987531528,0.40722583553215624,1.5782463753169738,0.1567849075543597,0.0597705810902546,1.1638636536220834,0.07674150118057374,0.9131096147547875,0.21113682698227518,0.04423089614102694,0.30392683648069474,0.19606141924558487,0.7849506118179551,1.531235883942434,1.4733020361294358,0.9854518538964934,0.0,0.1096057242876773,0.15721621941768427,0.20188474283985725,1.7536901028433423,0.7798620310106915,0.4487247871494404,0.0832928064968076,1.5060941119063214,0.4915965944104482,0.8450818568666909,1.0389511707238916,0.6939440869757858,0.414207711043346,0.013974333101371118,0.3569325684193453
STAG2,0.0,0.0,0.0,0.0,0.0,0.0,0.13259877629333197,0.0,0.08972411920684298,0.07121348960526455,0.030642125638109464,0.0,0.0,0.0,0.0,0.0,0.0,0.05436228844968911,0.0,0.8349808280351656,0.0,0.035389306097244035,0.0,0.0,0.0,0.028946278075506766,0.3542264573499261,0.30987466003676634,0.0,0.0,0.0,0.0,0.0,0.0,0.0,0.4334224202664297,0.0,0.026965266494181052,0.18057224564182084,0.0,0.0,0.2108459987393798,0.0,0.0,0.018064389360361564,0.01673401575980127,0.08447251693690148,0.0,0.0,0.0,0.0,0.18332770604480073,0.05380644369579382,0.0,0.0,0.05477903151961949,0.0,0.0,0.010732106117764246,0.0,0.0,0.019630756335508422,0.0,0.0,0.0,0.9206490067848291,0.2237108541820454,0.0,0.0,0.0,0.0,0.0,0.0,0.0,0.0,0.0,0.0,0.22999801229454706,0.04236417524800773,0.0,0.0,0.0,0.0,0.12203211498749504,0.0,0.0,0.08006636691588251,0.013640910669386311,0.0,0.027767432231216162,0.0,0.0,0.0,0.0,0.0,0.0,0.0,0.05000242871484164,0.021148035251066684,0.0,0.0,0.0,0.010302441316428301,0.573665363064385,0.0,0.0,0.0,0.2333972641018831,0.0,0.02658762234808418,0.0,0.0,0.0,0.2487776936497124,0.0,0.0,0.0,0.01583056305886714,0.0,0.026729250487489024,0.0
STAG3,1.941878976344293,1.6815467160923472,1.8942643642951589,1.6511375462395737,1.8175764824458651,1.582974563556488,1.9087461274621496,1.660300618851833,1.7486994134159353,1.706830474370127,1.8111852425238897,1.780400095926901,1.7275263492629624,1.7704092369506907,1.8572483274976117,1.835260016167254,1.7789744855831064,1.9269690248490592,1.7551612574700468,1.701866910149144,1.8859582510798465,1.658212571064475,1.7310704619494042,1.4803106749421477,1.8723015742522162,1.7409789429218172,1.867331697870395,1.8690920971805411,1.862491066133518,1.9139730740686591,1.8687319123247168,1.8877694127570213,1.9384076806407653,1.430658676057372,1.6989825474993867,1.609400390006429,1.6187912807393223,1.6015561674679737,1.736052285277096,1.5518909612159593,1.6512862766725334,1.8113056327287973,1.4426718298267864,1.9193210116610964,2.0467421558517227,1.821405066416865,1.7569236487374158,1.79791814682101,1.4316853548131065,2.050210616580123,1.5593169940541558,1.598384490135067,1.6022453311163383,1.7707394567456218,1.5762445480466307,1.8624712288659344,1.7762494036021736,1.8242519066354441,1.5458495512648545,1.7933915668750158,1.748479634609139,1.8972063058255306,1.8676056370507714,1.8510708064249841,1.9157658135142197,2.1655651452466373,1.8584670233027765,1.7321110107860433,1.611009335385062,1.6277002134276268,1.790372888647075,1.824393519349343,1.758365113218818,1.7530156191880812,1.8066765978041013,1.8063731628901571,1.6011135259135774,1.8967488388236946,1.7699802410606795,2.2874300783417105,2.0473131941687432,1.7736678546396254,1.8859136399526863,1.975222261977972,1.9040032341159165,1.9468752026176601,1.8259445293097731,1.6747769973659092,1.5906350943973593,1.7903867912221436,1.8967654429856105,1.3823760891796002,1.6501386866754033,1.8472266911398902,1.7354148943971863,1.6907820999981062,2.0192249186174385,1.8150835171543724,1.7746550496319349,1.5280044642370194,1.747895780399536,1.8355612861932635,1.6368240086924035,2.0368524420329477,1.7498110832817702,1.362300216740971,1.8163432176200816,1.7991939052174994,1.6520865331032566,1.9154644465611501,1.9498506061312557,1.8484080923726014,2.0532205897784204,1.942387600681915,1.6393181732308055,1.6515694782611192,1.740890563711146,1.5712225920129979,1.909436650899014,1.417849300858278,1.9824821188470896
SMC1A,2.439167177678406,2.525574947594652,2.0612923384782937,2.4837697208215035,2.3553868408362346,1.609025461794442,2.4329326904538964,2.1234770153571825,2.3314472622637585,2.747734181797626,2.6255243332675446,3.0031293129201555,2.5107051762634685,2.4234052907615267,2.3917284474528056,2.4038987390500663,2.5097573627982346,2.552131108253784,2.332458342686368,2.5234400835023476,2.462302907785936,2.6810926035955953,2.5139057720250118,2.983336326789748,2.405148272300409,2.401552455659754,2.1058360914672036,2.5346948486782326,2.2931308139590167,2.3413351886060645,2.4894658665412033,2.1405683350533775,2.317787807821348,2.3301322073373525,2.220192843685427,2.5901400312314538,2.4942802770974124,2.620804222528401,2.409581019902552,2.309217772692638,2.6381632268751662,2.6768025480900626,2.654605752582348,2.490328071826841,2.2910646357079405,2.469234793667656,2.4612778359351104,2.261689840342773,2.662618941355036,2.392003332527503,2.689359870677718,2.5592505572220383,2.6028538751669323,1.7213851597587717,2.4336004626258623,2.6631656743929484,2.210994387821288,2.5870906230297925,2.4643471345429773,2.4004598595579574,2.5627012220648036,2.651660222221541,2.425677971357979,2.5331254542548027,2.565141039442869,2.605287745667484,2.2245386731345858,2.439607941215955,2.607707373329164,2.0044654367703,1.8209870829958699,1.9617767701769786,2.7127812736048846,2.5214348778137263,2.6353796166189727,2.325291832874222,2.604654249934721,2.623495674888532,2.5151645565711385,2.117970448613972,2.251796986298346,2.5764668545701888,2.352589052083038,2.4387262794402704,1.2708962435805258,2.101208229903102,2.719030070670247,2.4915709417101053,2.482051686673986,2.4640446071919158,2.186717869176684,2.722291141745756,2.2279918580467797,1.8020395576743637,2.499680087187059,2.0026099462993967,2.694444055794245,2.427050593751114,2.093729179271638,2.2901631750635465,2.0724096485306185,2.6223714994847964,2.565050491397517,2.3381105962662234,2.3355526726823994,1.6950647950253828,2.206067138255873,2.24267653864024,2.628936865918694,2.5057240086757844,2.372916288710202,2.5663454842461,1.707114553339419,2.633414602742593,2.4698710953824436,2.6060394491582795,2.5316684113151506,2.635389567646814,2.3916302615174296,2.5229847625942674,2.2252749298695695
SMC1B,0.4588544251745516,0.0,0.04008583860283585,0.0,0.16485062528283842,0.0,0.0,0.0,0.0,0.18339123150840236,0.0,0.013640910669386311,0.0,0.842938616731921,0.0,0.0,0.0,0.0,0.0,0.0,0.0,0.15412950079018206,0.0,0.6953925649074536,0.0,0.0,0.0,0.0,0.11516644963493532,0.0,0.0972062459743658,0.0,0.0,0.0,0.0,0.0,0.0,0.17383101556769984,0.0,0.043659469410870476,0.015176395555201392,0.0,0.0,0.0,0.0,0.0,0.0,0.0,0.0,0.0,0.0,0.0,0.0,0.0,0.0,0.0,0.019701914442548204,0.0,0.0,0.0,0.0,0.0,0.0,0.0,0.0,0.30897240260058706,0.0,0.0,0.0,0.0,0.0,0.0,0.0,0.0,0.2440041274779542,0.0,0.2771218468979327,0.37598469522469075,0.0,0.0,0.0,0.0,0.05945911469341074,0.10514166032342377,0.0,0.08372396639300847,0.0,0.1263782165402494,0.0,0.09616063142704492,0.0,0.0,0.0,0.0,0.0,0.0,0.0,0.0,0.22153685563730743,0.0,0.0,0.0,0.3483457451134808,0.476174277145156,0.07994125391779659,0.0,0.0,0.0,0.0,1.2162685987852855,0.0,0.32434978890218785,0.0,0.11845940203804717,0.0,0.0,0.041207930906161726,0.0,0.0,0.0,0.0
RAD21,2.766467953031591,2.6906308019549274,2.288653863605169,2.7130840242314807,2.7659112830594177,0.5460115999014364,2.710102474709334,2.5353375939332543,2.472482897484778,2.6463542163651947,2.6639935153817165,2.934292389953538,2.787757629804766,2.6597034004993785,2.6938716248901895,2.4970183051291555,2.6123967344310093,2.589748508761036,2.37055315582608,2.6990740605162937,3.016207689617481,2.5791439354477497,2.653193328352503,3.1799896796938727,2.635535300878607,2.4177208945976423,2.30153643440983,2.787303161567817,2.458160503539435,2.50206163089152,2.67960536222206,2.0694572863399996,2.2694764376862664,2.704693552677143,2.3720205208479315,2.642687133259772,2.8508194215319387,2.688365020687352,2.5394566270849137,2.998193246119195,2.882718849991279,2.8107913960443787,2.845113646617966,2.767829563482504,2.2922480005541375,2.6071246225633944,2.666387351024577,2.451745222315402,2.790568753646935,2.329539836301475,2.9459447420897824,2.781501352993759,2.986142396042061,1.760947434637819,2.6617282259703154,2.6175379912464343,2.394457549774846,2.8300626003439064,2.9549314321506595,2.602443517871948,2.9190992953316077,2.4483178762034004,2.6036663986883837,2.853732475998116,2.761575166357227,2.6422611303218044,2.605131303169238,2.695572130542953,2.7478130017314117,1.6808728592959916,1.9525455747717768,1.9851770627926417,2.7508141586603996,2.7990225284415526,2.3537220240695724,2.341377382162391,2.726816234283385,2.786875987633345,3.2098792877056215,1.8413592896341866,2.4593693190972363,2.5821856476971665,2.509995052960893,2.4360602046398983,0.5449613426760677,2.1209760165074423,2.7979610566041786,2.8668090922977667,2.5538842147083645,2.638531487108485,2.5417734581460674,2.72790820521368,2.619521590150045,2.2456135501012353,2.766023959796167,2.1157428430617204,2.468066812717333,2.480648044713919,2.310936272592015,2.4298469108151366,2.1661731274852323,2.779128369250977,2.9715987316700594,2.559612644561546,2.8546465089927686,1.6221631297034549,2.221967923161915,1.8373327417588226,2.826909433669209,2.9059056200819664,2.512326455588438,2.393443659194643,2.0583273200928387,2.7599773713002382,2.345424763444139,2.792807209679266,2.7611868560731727,2.8926302408637685,2.450173647258119,2.4995509413749493,2.3515965295375723
HORMAD1,2.3735646954562974,2.7287041966823113,2.6046999929011174,2.4955672584579416,1.8316948665277506,1.7350021934953097,2.5809414008938667,2.7909700821134416,2.6783649227842186,2.193692905448034,2.7816849390189273,2.7703744990725556,2.4280217592594684,1.8789214797498506,2.7764198721106754,2.8200461772920153,2.9775363798228547,2.542592369534827,1.8528178635421315,2.786669540218084,2.763220335648774,2.3964883334405447,2.8270568365001525,1.7075468773049618,2.671916065608889,2.143507706439729,2.710305018656194,2.347679828088348,2.8473154729900503,2.356143810225275,2.420105071912912,2.6033711619595388,2.3641101355516523,2.6008644095665927,2.7706282173607426,2.121960305449784,1.9762719749404,2.561228364734999,2.0815782387508444,2.5626576163773658,2.6128006908732213,3.1082902611841288,2.3371544555139807,2.6346397313059686,2.507122282783113,2.669582413658198,2.8216285892437734,2.4004696185422194,2.8258466710974837,2.745495509482065,2.716442236843321,2.5423694982978713,2.4627852625496307,2.6790183632106137,3.067251491268219,2.6144860618150965,2.591140818760115,2.600055617311697,2.6739407899576912,2.9117586824067994,2.3767349049985222,2.6565650142039,2.0001803256099953,2.556601081653847,2.8093527013295123,2.245556509071206,2.3061163877294564,2.271918642154166,2.2587601074829395,2.0775677397008887,2.171463056002581,2.080828184596046,2.3908877595500093,1.9339691360728348,2.5199066836777715,2.1773118924781167,2.4490462702495974,2.3721581186858236,2.2387410104992282,2.647590817331603,2.518900172694398,2.4586444793756743,2.586992866856271,2.4069719708167234,1.9781407036979946,2.575239709981822,2.5660357664559243,2.91615176261925,2.867273796848806,2.5499155536219553,2.41589384525681,2.1820566090102504,2.658028634565889,2.018331503994909,2.003997934166806,1.8548733688068388,2.443699468942789,2.7579406453946276,2.254261447165636,2.3298985675339323,2.4067815429602035,2.674935144260109,2.536736774569439,2.2854022188622483,2.486508442895693,2.104873376726019,2.8064581114586034,2.4974079853108315,3.0605489530206778,2.066691981840656,2.7007504189987,2.5201330519093417,2.3360405375675954,2.3016608037260387,2.233796048627903,2.325774957367404,2.9678326109894897,3.0085944524355046,2.494735604862796,2.401084301505006,3.029170149931306
HORMAD2,2.028038652083829,1.8324066725529358,1.9796351651838067,1.8213782413502613,2.0201003349950897,2.0698785692452586,1.8945500518614846,1.7274587182683667,1.728918925761849,1.7979730711147643,1.762139005383862,1.923172004735388,1.9671169500078773,1.838569955061617,1.6975721958023136,1.9289172905431902,1.7821065738953952,1.9322325505118454,1.692802107241726,1.8830368432078823,1.959453642404622,1.9526740071988367,1.86952401233492,2.348117195474063,1.9318418771294181,1.9058386478000346,1.9477534202210895,1.9938699681559948,1.7742719013513315,1.9500876267887246,2.2434375488267353,2.2248964144540224,1.8039185926372074,1.668367269892413,1.8720564894536997,1.7005018636658826,2.0611241018181086,1.946077039547694,1.9719254631357968,2.0354901903349614,2.0099514534467193,1.784961775768809,2.0062645072603527,1.810497945094704,1.9538611939107324,1.6560905435818913,1.8845380109473462,2.030773941379372,1.7485127569068604,1.8970700032092556,1.8208692481140765,1.7127131574195757,1.622230692787701,1.7665244916153227,1.8352746479862319,1.7834287151879225,1.8136642319982446,1.7902632522182516,1.6161067171255075,1.884879204448612,1.8784428555174393,1.6127173534031178,1.778929042973907,1.7628817099280074,1.8996809364875127,1.7329811441577192,1.906793130251334,2.0198086450227892,1.8062140550041126,2.0050478049987204,2.1045021688214174,1.882896028615773,1.809502251818212,1.8764612840655288,1.798075406487343,2.0287600844937064,1.923722213793798,1.9186152154865699,2.074943795603096,1.8521160596478816,1.8738079498000506,1.9275450581376363,1.9874300190539709,1.9292456240827343,2.199939267796037,2.0928772019727986,1.759743873220299,1.683582680872996,1.9544395313701246,1.8881516023404297,1.8546686148509943,1.7823358691597064,1.98540084690731,1.9663344813316446,1.696474631324945,2.171845179091749,1.8677620697018915,2.145179625939,2.160307106104423,1.6923617277698264,2.120639477418316,1.7555399514761558,1.9806103050785766,1.7423627072956391,1.8268325071308815,1.94115640365458,2.0261532093375365,1.9423205690689,1.8795646261680614,2.087729856562351,1.8250148990307629,1.9760434086662555,2.0922841271647683,1.8270331175211074,1.8840221607015877,1.8210897431663369,1.7464274321151798,1.816992836001393,1.8409935513191031,1.9158956277318924,1.8840065259962493
SYCP2,0.16877038350082046,1.2658569208107826,0.7934381417224194,1.1436546345260377,0.47071906135081876,0.07416287550700706,0.8646913090569915,0.21051355180046855,0.7185698633848552,1.4061012382118598,0.898092235559008,0.46435460355164065,1.6476368634845486,0.10835717809041852,0.6009833113708295,0.6135787990443309,1.021657388274033,0.8102785675873748,0.39445926472204157,2.3973511934477156,0.7082755390591061,1.9134160332853056,0.47139558893221417,0.7031006996041601,0.6657111112416548,0.35106289894038534,1.3567072529353814,0.7630290714742032,0.2752454897846682,0.677440587921541,1.2849582443885526,1.0486198301281542,0.49896565434120305,0.25918208033818735,0.3586213138315178,0.5697827124241276,0.17702479850863317,2.2197261256726284,1.2928700747918391,0.7437303760446288,1.8510393857087253,0.4488481042050353,0.42958918539096375,0.14606864148894522,0.8608039238617674,0.6248027652529473,0.8389517669519431,1.736951167143662,0.7143114679319973,0.8871353004619081,0.33199177823206,1.1898561792467188,0.3945690171025351,0.4230940541499022,1.601339957998056,1.4229057426121832,0.3626101536903701,1.5826764232838098,0.41818994794576586,0.456070160781307,0.4014120253638086,1.0529722748139885,0.9649900067062311,0.7492338984018971,1.6800092252281962,1.499475999615508,0.4475263011689105,0.48805220289556583,2.132099703843553,0.2442172983885622,0.4306064309298112,0.342725401200669,0.44440203606300677,0.43770713692607127,2.1102630063182697,1.4794375327354035,1.4277402460165936,0.452911664939964,0.4139731191477534,0.8063653061224554,1.358396261956654,2.101902155953119,0.3486290208592297,1.9773715202772488,0.16279009195740446,0.3421564702677936,2.05013597099955,0.36075755751193667,0.8463529008551138,0.4235243882443349,0.24774526676996717,0.16722945407166856,0.0,0.6581886279958614,0.18358179111782255,0.46550436962950564,0.7184821882076243,1.1188580375258736,0.18428029441938237,1.1276332797258737,0.747988844797884,0.7878085526699631,1.2933999146479536,1.6810443993024786,0.5531147081152271,0.0,0.8561889508190368,0.13468095139302852,0.41808197795313284,0.6952366448324794,1.9628266155303153,0.5352567109038382,0.3390233333727542,0.37245068818818233,0.7249558026245205,0.06440003345655945,0.13165532924455173,0.19522159325284455,0.3992257921209379,0.10413533948402937,0.42782068397713346
SYCP3,1.27285182862857,1.9614149651126047,0.41081595428505935,1.7397239132751534,1.0365472908706892,0.020235488401988754,1.9171023135502718,1.1161567886585448,1.4898126450797762,1.5703779212379654,1.5421218232029037,1.9998512144020193,1.247411088063107,1.837262088702292,1.832034267569492,1.5205731107079998,2.035553532646345,1.6296305604009347,1.162717597754924,2.331307517793015,1.3120915243591431,1.8616328549990804,1.6814492653149578,2.1177864547820153,1.9359499922268133,0.4218695895602853,0.8161593562526483,1.1316224071619907,1.7220834409715589,1.4179605020520625,1.6132015868865095,0.4357885883269776,1.4175757608727277,1.4253720206864098,1.2502491427514637,2.1029016390786586,1.266194352116827,1.812975621921057,1.6581029194363837,1.4230133522149249,1.7294168146473503,1.9242994541548233,0.8639285417701581,1.5450725825805804,0.6920142389574266,1.755549921119905,1.3180492490185736,0.8828875532249616,2.0312760843193898,1.2477984244279638,1.9194735708502608,1.9378339966745706,2.1955523330906366,0.06717403367326402,1.5966489596162559,2.162060956570854,0.2983650550612413,2.0615904494416926,1.7558810165759495,0.6257029992246157,1.7003398357961401,1.712128011721932,1.775092694119104,1.8666953651957745,1.6154810381627456,1.8269958440518597,1.5770903970463122,1.5575938924888084,1.6979906077770195,0.24804899843720607,0.39407506562573746,0.38686611539981136,1.9905419546207985,1.825383692396376,1.856273625228544,1.3740100576179324,1.672708195622218,1.816184961693596,2.4038130616165896,0.3128974728972569,1.1713669756162188,1.3113941245181502,1.6690664617610063,1.4236722859481292,0.02605639296269646,0.21309838564847977,1.921360156934695,1.8028497781666188,1.1108977233298132,2.3312645167709363,0.45587295724695853,2.622909857947344,0.8692594631947533,0.32302412667909275,1.9124247255949691,0.1059462119053246,1.5185036662339837,1.3482111696467869,0.38395307112595617,1.16794394371052,0.5882289089481046,1.9079818220608284,2.1957216110516065,1.3894773288563493,1.6808981697599752,0.0588532930268766,0.5669368952911586,0.28728019880418254,1.4406997707376838,2.0516853187522046,1.1737350927582393,1.2218306914231483,0.5544046660858529,1.705773367197885,1.3914240492997847,1.6097195088770402,1.3886579580602458,2.197429026464323,1.556165745429019,0.9386998132393363,1.4735076951872517
MLH3,2.150884571305026,2.202674735059403,1.1902987916265946,2.4147471276822428,1.832322948893461,0.07729769723357553,2.638671649563173,1.505514967250233,2.4828276361222845,1.2339248631497741,2.3505821090023886,2.2210170837075207,2.475406599206703,1.6100007477290728,2.306145559308774,2.4757645539394377,1.9757255557984261,2.4609260010879055,2.0847786302516895,2.5616242992793015,2.40342043811685,1.9476960762792237,2.238548428417072,1.825997234349084,2.184908658367855,0.23020301336642146,1.2141621159490283,1.0866343267128686,1.8023173144035927,2.634546804089132,2.4739167613098685,1.2689014421412574,2.4539652653964086,0.6068591043940906,1.8256798123824896,1.8232357672759765,0.35420388508477635,2.1530724554009026,1.3912948079520198,1.6231364354917561,1.9792571212158134,2.075012277204146,1.2255587512733446,2.3893245067525783,2.416915386860629,2.580188909373068,1.4242019042560563,2.2458242020944224,1.5913730390755663,1.884785449389194,2.197399930778354,1.9363797618188758,1.7228332092054244,0.9520949614131327,2.110770802265156,2.571521490453806,1.3777012669555855,2.4375633342479643,1.0769421212009946,1.6714292557249353,2.0593552776164215,2.612484611954913,2.367533219931447,2.266426758891863,2.5807726068157324,1.7622467495990644,2.0729701292693634,2.2354145952299036,1.8565236347777494,0.6276441889740653,0.4646473582281501,0.11955538469528244,2.482796665148966,2.0811009766819257,2.3243728331241957,1.5241539667998996,1.7141355938563327,2.38940711530537,2.3758179289499832,1.5122774621407131,2.1011995837364714,1.9768035264895663,2.251943241980687,2.1467790253248094,0.16102341847994772,1.6271305300804013,2.524971344994701,2.274852038879162,1.6071716825586662,2.5095691730680447,1.685096928747267,1.7595308431471015,0.779184063586788,0.5795277436091083,2.2325993642057047,0.47034423259716207,1.7966226708459314,1.490241507674156,0.3854199925959075,1.3581936852486272,1.5457213111303951,2.1450317658258906,2.460763529232815,1.9119292954234821,2.4439566747197277,0.0,1.3644491676479726,1.1773565464057254,1.4400911064938107,2.1859426415043783,1.925908298097175,1.9390535191824276,1.3898751411114874,2.4371797903488854,1.8648259896958201,2.133030800695508,2.542099530358625,2.0616310568927427,2.2985410185165307,0.6249150328722318,1.9666076554064398
MSH4,0.0,1.8650873926968858,0.1284253890288373,0.15393501070416332,0.0,0.0,0.4111731191285895,0.0,0.0,0.07838211864492868,0.14674210267357826,0.0,0.17517326566379737,0.13610386800989382,0.07706065628296474,1.0037701215962453,0.0,0.0,0.0,0.0,0.13351968748646809,0.0,0.0,0.0,0.0,0.0,0.07674150118057374,0.0,0.0,0.0,0.48429283551160135,0.0,0.0,0.0,0.0,0.24756299707135393,0.1601026875023077,0.0,0.09590192165483037,0.0,0.0,0.0,0.22132030675705128,0.0,0.29136780428530784,0.0,0.0,0.0,0.0,0.10496281013527044,0.0,1.2373189655745507,0.0,0.0,0.0,0.0,0.0,0.0,0.0,0.0,0.0,0.0,0.14656833633300217,0.0,0.0,0.16048998241054102,0.13202839368378366,0.6192721384601237,1.4522967091523893,0.0,0.0,0.0,0.0,0.0,0.0,0.7296180246905644,1.2196073944747816,0.05833958776360923,0.5859880525972114,0.2884570027137008,0.0,0.5703981621180464,0.0,0.3377681709216305,0.1397314222437436,0.0,0.15812155482842954,0.0,0.0,0.5553253589892455,0.0,0.0,0.0,0.0,0.0,0.0,0.0,0.0,0.0,0.33628338786443235,0.0,0.44576201116660324,0.0,0.17060878368907864,0.0,0.0,0.0,0.0,0.0,0.07240311483721104,0.22798745873459308,0.09783549798049215,0.08985968324066601,0.0,0.0,0.48515200194017183,0.7846714849663147,0.0,0.0,0.387068383420176,0.21225804420273486
ESR1,1.8594199873940098,1.8448034156359432,1.6525174709403747,1.548291114781466,1.3843993830650185,0.8375598174368936,1.673788186316461,1.569340398286007,1.6899431968730136,1.3200036995031907,1.538108519209562,1.62137674389863,1.4897150417719232,1.2724845984644457,1.7297604861844147,1.400816605118153,1.2756522409696323,1.8402738834562682,1.6720541538531635,1.6002733221763608,1.2844356593970134,1.3161037355008993,1.8501303166548915,1.570866052102298,1.7630141943088922,1.1376805709136446,1.4765346336509415,1.35198867519723,1.6898805948448037,1.7948535474203815,1.516721188566064,1.7749535857463046,1.1746013641473536,1.3886001025341592,1.2173703251146273,1.5549780198883385,1.3635327570665572,1.3736523870017032,1.4224523490181489,1.6573107313655002,1.5757019993697627,1.3744525001101602,1.7662368285296828,1.4517795041359858,1.5330711532618508,1.822251889193954,1.4080555708120528,1.4438320549665644,1.598437862342695,1.4346535788181733,1.8138396672709212,1.513625912959426,1.2906175563582987,0.9075425464372103,1.4582218708196752,1.415051475319356,1.7261205910130366,1.840053279027376,1.3546298770238774,1.292326786918656,1.8631663623800365,1.7970679860228065,1.872722399939046,1.775552077992079,1.610648097723318,1.4870206397347905,1.660901242723009,1.8421381039050009,1.882262518929754,0.9874991450950896,1.3425149229037165,1.1166142787657205,1.8726682323165402,1.3161920931966673,1.8275365538524713,1.3439620518525954,1.6403212994125096,1.8483264846486447,1.1788341305705576,1.0743495812588628,1.2162794649834547,1.668436863932489,1.8604156018983462,1.4974105402433826,1.4651007493279784,1.5138873690345378,1.613886389700288,1.8116878295197982,1.3212801793460767,1.6465060053730136,1.2484255369196493,1.3523588194244192,1.8542600172717374,0.8811908207685704,1.824023405582338,1.760885178555812,1.7954573501053412,1.4992871929043488,1.807942185496591,1.8592251560829718,1.582166976863181,1.4261305442698053,1.8562656560842086,1.8324657488243363,1.8816460227243852,0.7595287126875074,1.0623859745105082,0.9074271783655231,1.7340863497269223,1.763977705245272,1.6275216278964872,1.407426175786373,1.3007241122805064,1.8311932172949683,1.4163466017507214,1.7107359155214292,1.3916742496427295,1.788910135583673,1.1998717566544153,1.3768529580458202,1.2991611185861773
PGR,0.10160525728578587,0.1282054022882136,0.09058247636244234,0.0,0.09837463848350185,0.040541793862846835,0.12075005333492556,0.04828269344740328,0.0,0.0,0.0,0.0,0.0,0.0,0.11951111870442586,0.0,0.09112433366116472,0.04935195913529153,0.040261223064434574,0.030077064579554953,0.0,0.0,0.0,0.0,0.13216004045657515,0.0,0.0,0.03524852560295741,0.07509901589921557,0.0847899665346058,0.0,0.0,0.0,0.0,0.0,0.0,0.0,0.0,0.0,0.14304505732820666,0.04171025188483733,0.0,0.0,0.06322680199698132,0.09594691799139196,0.04684025420297235,0.026682042652505383,0.04576912463037549,0.0,0.0,0.13053555675618825,0.0,0.0,0.043764442310170244,0.0,0.0,0.09500170008506918,0.0,0.04921253463256027,0.10991769207803528,0.06566421470493414,0.0,0.0,0.048236185652847624,0.07354606091515468,0.0,0.0,0.12996435768884895,0.03609300257858344,0.06593988891740774,0.102770094038188,0.0,0.15298379267289391,0.0,0.0,0.0,0.0,0.0,0.038529829706570116,0.048422207836186885,0.0,0.0,0.026304324351908496,0.03205381077722093,0.061430600497748115,0.0,0.15120939288489368,0.03843618165610792,0.0,0.03969991772095141,0.0,0.0,0.10554399219892611,0.0,0.0,0.0,0.0,0.09734110879670181,0.11085319089448857,0.0,0.08156687720288337,0.02185871080814925,0.029229057804135244,0.07651349001563895,0.0,0.0,0.0,0.0,0.038763923241116216,0.07308899113535615,0.0,0.04189711737838125,0.04758491905769592,0.03228895739500372,0.0,0.0,0.02408322995438721,0.0,0.0,0.0,0.0
ERBB2,0.0,0.0,0.0,0.02658762234808418,0.01197860320351466,0.0,0.0,0.0,0.0,0.019132551289427452,0.0,0.0,0.005471851210059492,0.0,0.0029544975075078,0.0,0.026410567619772885,0.00604663011841478,0.0,0.02087551677389964,0.008612378900845307,0.0,0.010332283284820295,0.0,0.019701914442548204,0.0,0.006692982787115052,0.016353683577834812,0.01840272621230755,0.014069582501655862,0.02101770674970909,0.0,0.009114229515833365,0.024922449414317403,0.0,0.0,0.016157535611055398,0.008486888965491164,0.014640946881753174,0.0,0.0,0.0198797943565755,0.0,0.0,0.0,0.011137783188992398,0.008146218393432464,0.01660328788118515,0.017690345766073038,0.008200013832136126,0.0,0.0,0.0,0.0,0.0,0.003979950271704509,0.006603228897806544,0.004735080915266695,0.0,0.025489532597008153,0.0,0.008576525747413067,0.0,0.0,0.021533027966761004,0.0,0.004501392234940845,0.026304324351908496,0.0,0.0,0.02506424110866371,0.0,0.0,0.0,0.002774518335766412,0.0,0.0,0.0,0.0,0.0,0.0,0.023982727290981054,0.027260232216522382,0.015729483821129205,0.026074103760721265,0.0,0.023326331860027503,0.025631268570683624,0.024975622932793814,0.00482495109868,0.012944047166080861,0.0,0.0,0.022509856008940808,0.0,0.01735184178777496,0.0,0.0,0.0,0.0,0.0,0.0,0.016817200060822324,0.0,0.0,0.008791631304148341,0.0,0.0,0.002072384951203683,0.010726139427285305,0.0,0.016817200060822324,0.019417260953559078,0.0,0.0,0.0024324960397228857,0.018651976287864587,0.0,0.007213445260783387,0.0,0.012711684510398084
REC8,2.0313599048693045,1.7868472435610137,2.1487714465363266,1.365468585778131,1.6751836257878112,1.9750798543874868,1.9118832894057942,1.827127991097631,1.9602522092565768,1.420778806615065,1.8273719230782985,1.7679089952322582,1.771251751878142,1.6106055799944583,1.5078707363917403,1.7667223592113934,1.6680737276524635,2.079429315002915,1.4436066514756145,1.4533858803664503,1.6023618566308544,2.1891287354154048,1.8422547892053482,1.4243309188586109,1.9147175864659032,1.4419083640035892,2.114833409849323,1.8640969796303164,2.003242417488684,1.8203219481121018,1.9608082253889798,1.7741228717575321,1.8066540142320602,1.7975940904421102,1.8844416287015398,1.650121175849703,1.8845979209900645,2.2302030133664217,1.75458824549026,2.005184375859723,1.7820730154338524,1.9907733779084351,1.9078136250967472,2.1089258465118257,1.7639214207614091,2.105678077894537,1.9740152837564717,1.9018805637186575,1.6008406280297645,1.5545397378189836,2.077448106869335,1.9904829584331807,1.6520963695597535,1.3335954729124535,1.950767000593138,1.8874862784568005,1.654847942359046,1.9988814778599757,1.5280211396115537,1.7359120421930836,1.7519778065876357,1.843179890257174,2.0722430301048824,2.174374457718465,2.083485709747398,1.1028596579220564,1.5675941207444377,1.5880849585339807,1.962734090595803,1.429267800885093,2.1833277060448006,2.1716231757617814,2.0158900181260244,1.3290661744506906,1.8362877330491139,1.4044671967630893,2.0009374471392527,2.0826685309716533,1.8377010909338654,1.183772325560338,1.7239953447151877,2.0968353081951987,1.9331193644318079,1.8383467365212307,1.8869792828299956,1.7929802556170487,1.853237184885937,1.710701757039811,2.5106834775768814,1.837418530104596,1.8335782939060046,1.9870661431841827,2.101044904667137,1.5564539404436812,2.009383006266306,2.110563696554019,1.9267964771750072,1.8024000401148392,2.0442542148741616,2.150364704611994,2.0057951925227324,1.6615671995271457,1.5701228618147542,1.3215240837117088,1.9287682529734689,1.5811583928369204,1.8401610671408457,2.0552650796669782,1.6265325876003722,1.9571717072463906,1.969270237594422,1.7953098003200187,1.4764853815973873,1.8453093891236705,1.9362892946486556,2.1259486020433327,1.6167811265475134,1.9579145986329853,1.9845528951945839,1.8432200985887466,1.495439342951284
MSH5,2.3935725556597953,2.1924124997613563,2.375943777506776,2.392049468817529,2.3058919089005263,1.8432524878186884,2.3870078592206743,1.9758920297842533,2.1885152187175243,2.373694606955954,2.1585048937276263,2.5024345691089884,2.20240640217805,2.509995580615121,2.2751850550173036,2.295756487886133,2.3757368550473226,2.1671081073248675,2.0413958350033754,2.1739686714187374,2.0812487175277843,2.1447198690069933,2.3238071831506266,2.293566675820053,2.369502157010609,2.3294983771647146,2.1255390640117002,2.15405657008046,1.9498938761234956,2.0597071396851088,2.1685350702174824,2.4057586967463127,2.033403422845945,1.7896481141598206,1.9244588779462175,2.356260429622554,2.110603598263984,2.261347771414372,2.380764074985108,2.197985051956254,2.277968221488725,2.331192447369101,2.2890589844095337,2.175305470094079,2.288693232560184,2.1153477389780444,2.2104399529287355,1.941233626505498,2.249024725491673,2.1901503910995412,2.332771574698034,2.036631294108056,2.3656863167941733,1.9008442719826175,2.310024981431862,2.492642266179091,1.8879876822002115,2.279623167663888,2.2669514107071813,2.1995187981457858,2.3202881012374577,2.3414268041028974,2.4293570815406587,2.2637922895421556,2.3355443927518578,2.368111794423087,2.0509282611564896,2.2464072426758057,2.1819939078853,1.9731030438995085,1.8276248460204756,1.5872756365630627,2.2960543590773437,2.2196676216658675,2.292917506659307,2.0677352680597285,2.1352758282800006,2.23534668138701,2.104254643811934,2.279024666260898,2.3138238783556537,2.0916481237104207,2.318065322030214,2.10087208536794,1.6314276913297474,2.2668956234686535,2.311668604501017,2.2075354298106546,2.522819508904566,2.244777144976895,2.110221238828497,2.3968209076321965,2.2859956157955326,2.0474637432814324,2.380237662754273,2.3454665559499004,2.515956995244871,2.158033561035956,2.186018029145065,2.258673855775795,2.087079957645496,2.25258386137545,1.9972883926165443,2.2066432239833955,2.139653212849833,1.9078040132493508,1.931113598019676,1.8064191568593393,2.21144403718948,2.063900759888969,1.9341799278412126,2.3180894312119262,2.262058085679689,2.180890452099948,2.24435770329014,2.431721007944312,2.1656368585046604,2.518225976903776,2.0153607818713275,2.1147556895024766,2.236015467915035
