sample,GIPS_raw,GIPS_scaled,GIPS_group,expr_score,cn_score,mut_score,sv_gene_disruption,_PATIENT,OS,OS.time,DSS,DSS.time,DFI,DFI.time,PFI,PFI.time,Redaction
TCGA-A1-A0SK-01,7.999999999999999,0.7187500000000001,High,0.1739130434782608,0.8695652173913043,0.0,0.3478260869565217,TCGA-A1-A0SK,1,967.0,1.0,967.0,,,1,967.0,
TCGA-A1-A0SM-01,2.666666666666667,0.21875,Low,0.0,0.3478260869565217,0.0,0.1159420289855072,TCGA-A1-A0SM,0,242.0,0.0,242.0,0.0,242.0,0,242.0,
TCGA-A1-A0SO-01,9.0,0.8125000000000001,High,0.1304347826086956,1.0,0.0434782608695652,0.391304347826087,TCGA-A1-A0SO,0,852.0,0.0,852.0,0.0,852.0,0,852.0,
TCGA-A2-A04W-01,4.666666666666666,0.40625,Moderate,0.0434782608695652,0.5652173913043478,0.0,0.2028985507246376,TCGA-A2-A04W,0,3102.0,0.0,3102.0,0.0,3102.0,0,3102.0,
TCGA-A2-A0D1-01,3.333333333333333,0.28125,Low,0.0434782608695652,0.391304347826087,0.0,0.144927536231884,TCGA-A2-A0D1,0,1051.0,0.0,1051.0,0.0,1051.0,0,1051.0,
TCGA-A2-A0EN-01,2.0,0.15625,Low,0.0,0.2608695652173913,0.0,0.0869565217391304,TCGA-A2-A0EN,0,4088.0,0.0,4088.0,0.0,4088.0,0,4088.0,
TCGA-A2-A0EQ-01,4.999999999999999,0.4375,Moderate,0.0,0.6521739130434783,0.0,0.217391304347826,TCGA-A2-A0EQ,0,2426.0,0.0,2426.0,0.0,2426.0,0,2426.0,
TCGA-A2-A0T1-01,3.333333333333333,0.28125,Low,0.0,0.4347826086956521,0.0,0.144927536231884,TCGA-A2-A0T1,0,521.0,0.0,521.0,0.0,521.0,0,521.0,
TCGA-A2-A1FV-01,4.0,0.34375,Low,0.0869565217391304,0.4347826086956521,0.0,0.1739130434782608,TCGA-A2-A1FV,0,714.0,0.0,714.0,0.0,714.0,0,714.0,
TCGA-A2-A3XV-01,5.0,0.4375000000000001,Moderate,0.391304347826087,0.217391304347826,0.0434782608695652,0.217391304347826,TCGA-A2-A3XV,0,996.0,0.0,996.0,0.0,996.0,0,996.0,
TCGA-A2-A3XZ-01,3.666666666666667,0.3125000000000001,Low,0.0434782608695652,0.4347826086956521,0.0,0.1594202898550724,TCGA-A2-A3XZ,0,1532.0,0.0,1532.0,0.0,1532.0,0,1532.0,
TCGA-A2-A4S1-01,6.333333333333332,0.5625,High,0.0869565217391304,0.7391304347826086,0.0,0.2753623188405796,TCGA-A2-A4S1,0,820.0,0.0,820.0,0.0,820.0,0,820.0,
TCGA-A7-A0CG-01,2.666666666666667,0.21875,Low,0.0,0.3478260869565217,0.0,0.1159420289855072,TCGA-A7-A0CG,0,1043.0,0.0,1043.0,,,0,1043.0,
TCGA-A7-A26G-01,5.333333333333333,0.4687500000000001,Moderate,0.1304347826086956,0.5217391304347826,0.0434782608695652,0.2318840579710144,TCGA-A7-A26G,0,722.0,0.0,722.0,0.0,722.0,0,722.0,
TCGA-A7-A4SB-01,5.333333333333332,0.46875,Moderate,0.0434782608695652,0.6521739130434783,0.0,0.2318840579710144,TCGA-A7-A4SB,0,418.0,0.0,418.0,0.0,418.0,0,418.0,
TCGA-A7-A4SF-01,6.333333333333331,0.5625,High,0.0,0.8260869565217391,0.0,0.2753623188405796,TCGA-A7-A4SF,0,545.0,0.0,545.0,,,0,545.0,
TCGA-A7-A56D-01,10.999999999999998,1.0,High,0.5652173913043478,0.8695652173913043,0.0,0.4782608695652174,TCGA-A7-A56D,0,448.0,0.0,448.0,0.0,448.0,0,448.0,
TCGA-A8-A076-01,5.999999999999998,0.53125,High,0.0,0.782608695652174,0.0,0.2608695652173912,TCGA-A8-A076,0,1642.0,0.0,1642.0,0.0,1642.0,0,1642.0,
TCGA-A8-A085-01,5.333333333333332,0.46875,Moderate,0.0434782608695652,0.6521739130434783,0.0,0.2318840579710144,TCGA-A8-A085,0,1124.0,0.0,1124.0,0.0,1124.0,0,1124.0,
TCGA-A8-A08B-01,7.999999999999997,0.7187499999999999,High,0.0434782608695652,1.0,0.0,0.3478260869565216,TCGA-A8-A08B,0,1156.0,0.0,1156.0,0.0,1156.0,0,1156.0,
TCGA-A8-A091-01,4.999999999999999,0.4375,Moderate,0.0434782608695652,0.6086956521739131,0.0,0.217391304347826,TCGA-A8-A091,0,1004.0,0.0,1004.0,1.0,243.0,1,243.0,
TCGA-A8-A09G-01,3.0000000000000004,0.2500000000000001,Low,0.0869565217391304,0.3043478260869565,0.0,0.1304347826086956,TCGA-A8-A09G,0,0.0,0.0,0.0,0.0,0.0,0,0.0,
TCGA-A8-A0A7-01,4.333333333333333,0.375,Moderate,0.0434782608695652,0.5217391304347826,0.0,0.1884057971014492,TCGA-A8-A0A7,0,30.0,0.0,30.0,0.0,30.0,0,30.0,
TCGA-AC-A2FE-01,1.0,0.0625,Low,0.0,0.1304347826086956,0.0,0.0434782608695652,TCGA-AC-A2FE,1,2636.0,1.0,2636.0,1.0,766.0,1,766.0,
TCGA-AC-A2QH-01,6.333333333333332,0.5625,High,0.1739130434782608,0.6521739130434783,0.0,0.2753623188405796,TCGA-AC-A2QH,0,1005.0,0.0,1005.0,0.0,1005.0,0,1005.0,
TCGA-AC-A3W6-01,2.333333333333333,0.1875,Low,0.0,0.3043478260869565,0.0,0.1014492753623188,TCGA-AC-A3W6,0,602.0,0.0,602.0,0.0,602.0,0,602.0,
TCGA-AC-A5EH-01,4.333333333333333,0.375,Moderate,0.0434782608695652,0.4782608695652174,0.0434782608695652,0.1884057971014493,TCGA-AC-A5EH,0,511.0,0.0,511.0,0.0,511.0,0,511.0,
TCGA-AC-A62X-01,4.999999999999999,0.4375,Moderate,0.0434782608695652,0.6086956521739131,0.0,0.217391304347826,TCGA-AC-A62X,0,417.0,0.0,417.0,0.0,417.0,0,417.0,
TCGA-AN-A041-01,4.999999999999999,0.4375,Moderate,0.0434782608695652,0.6086956521739131,0.0,0.217391304347826,TCGA-AN-A041,0,7.0,0.0,7.0,0.0,7.0,0,7.0,
TCGA-AN-A04D-01,3.6666666666666665,0.3125,Low,0.0869565217391304,0.391304347826087,0.0,0.1594202898550724,TCGA-AN-A04D,0,52.0,0.0,52.0,,,0,52.0,
TCGA-AN-A0AR-01,4.0,0.34375,Low,0.0,0.5217391304347826,0.0,0.1739130434782608,TCGA-AN-A0AR,0,10.0,0.0,10.0,0.0,10.0,0,10.0,
TCGA-AN-A0FF-01,1.6666666666666663,0.125,Low,0.0,0.217391304347826,0.0,0.072463768115942,TCGA-AN-A0FF,0,172.0,0.0,172.0,0.0,172.0,0,172.0,
TCGA-AO-A03L-01,6.666666666666664,0.5937499999999999,High,0.0,0.8695652173913043,0.0,0.289855072463768,TCGA-AO-A03L,0,2442.0,0.0,2442.0,0.0,2442.0,0,2442.0,
TCGA-AO-A03N-01,8.333333333333332,0.7500000000000001,High,0.217391304347826,0.8695652173913043,0.0,0.3623188405797101,TCGA-AO-A03N,0,2031.0,0.0,2031.0,1.0,1645.0,1,1645.0,
TCGA-AO-A0J2-01,6.999999999999997,0.6249999999999999,High,0.0,0.9130434782608696,0.0,0.3043478260869564,TCGA-AO-A0J2,0,997.0,0.0,997.0,0.0,997.0,0,997.0,
TCGA-AO-A0J5-01,2.333333333333333,0.1875,Low,0.0,0.3043478260869565,0.0,0.1014492753623188,TCGA-AO-A0J5,1,792.0,1.0,792.0,,,1,792.0,
TCGA-AO-A0JL-01,6.999999999999998,0.625,High,0.1304347826086956,0.782608695652174,0.0,0.3043478260869565,TCGA-AO-A0JL,0,1683.0,0.0,1683.0,0.0,1683.0,0,1683.0,
TCGA-AO-A128-01,3.0,0.25,Low,0.0434782608695652,0.3043478260869565,0.0434782608695652,0.1304347826086956,TCGA-AO-A128,0,3248.0,0.0,3248.0,0.0,3248.0,0,3248.0,
TCGA-AO-A12G-01,2.333333333333333,0.1875,Low,0.0,0.3043478260869565,0.0,0.1014492753623188,TCGA-AO-A12G,0,1639.0,0.0,1639.0,0.0,1639.0,0,1639.0,
TCGA-AO-A1KR-01,6.999999999999999,0.6250000000000001,High,0.217391304347826,0.6521739130434783,0.0434782608695652,0.3043478260869565,TCGA-AO-A1KR,0,2513.0,0.0,2513.0,0.0,2513.0,0,2513.0,
TCGA-AQ-A54N-01,10.333333333333336,0.9375000000000004,High,0.4782608695652174,0.8695652173913043,0.0,0.4492753623188407,TCGA-AQ-A54N,0,78.0,0.0,78.0,0.0,78.0,0,78.0,
TCGA-AR-A0TW-01,4.999999999999999,0.4375,Moderate,0.0,0.6086956521739131,0.0434782608695652,0.217391304347826,TCGA-AR-A0TW,0,3009.0,0.0,3009.0,1.0,739.0,1,739.0,
TCGA-AR-A0TX-01,3.6666666666666665,0.3125,Low,0.0434782608695652,0.391304347826087,0.0434782608695652,0.1594202898550724,TCGA-AR-A0TX,0,1972.0,0.0,1972.0,0.0,1972.0,0,1972.0,
TCGA-AR-A0U4-01,5.666666666666665,0.5,Moderate,0.0,0.6956521739130435,0.0434782608695652,0.2463768115942028,TCGA-AR-A0U4,0,3261.0,0.0,3261.0,0.0,3261.0,0,3261.0,
TCGA-AR-A1AH-01,5.666666666666665,0.5,Moderate,0.0434782608695652,0.6956521739130435,0.0,0.2463768115942028,TCGA-AR-A1AH,0,3807.0,0.0,3807.0,0.0,3807.0,1,1136.0,
TCGA-AR-A1AI-01,5.999999999999998,0.53125,High,0.0434782608695652,0.6956521739130435,0.0434782608695652,0.2608695652173912,TCGA-AR-A1AI,0,3296.0,0.0,3296.0,1.0,588.0,1,588.0,
TCGA-AR-A1AW-01,4.0,0.34375,Low,0.0,0.5217391304347826,0.0,0.1739130434782608,TCGA-AR-A1AW,0,2632.0,0.0,2632.0,0.0,2632.0,0,2632.0,
TCGA-B6-A0I5-01,5.333333333333333,0.4687500000000001,Moderate,0.217391304347826,0.4782608695652174,0.0,0.2318840579710144,TCGA-B6-A0I5,0,8556.0,0.0,8556.0,0.0,8556.0,0,8556.0,
TCGA-BH-A0AZ-01,3.666666666666667,0.3125000000000001,Low,0.0,0.4782608695652174,0.0,0.1594202898550724,TCGA-BH-A0AZ,0,1919.0,0.0,1919.0,0.0,1919.0,0,1919.0,
TCGA-BH-A0B0-01,4.333333333333333,0.375,Moderate,0.0434782608695652,0.5217391304347826,0.0,0.1884057971014492,TCGA-BH-A0B0,0,2477.0,0.0,2477.0,0.0,2477.0,0,2477.0,
TCGA-BH-A0B4-01,4.999999999999999,0.4375,Moderate,0.0869565217391304,0.5652173913043478,0.0,0.217391304347826,TCGA-BH-A0B4,0,1191.0,0.0,1191.0,0.0,1191.0,0,1191.0,
TCGA-BH-A0B5-01,5.999999999999998,0.53125,High,0.0434782608695652,0.7391304347826086,0.0,0.2608695652173912,TCGA-BH-A0B5,0,2136.0,0.0,2136.0,,,0,2136.0,
TCGA-BH-A0BF-01,4.999999999999999,0.4375,Moderate,0.0,0.6521739130434783,0.0,0.217391304347826,TCGA-BH-A0BF,1,1324.0,0.0,1324.0,0.0,1324.0,0,1324.0,
TCGA-BH-A0BM-01,0.3333333333333333,0.0,Low,0.0,0.0434782608695652,0.0,0.0144927536231884,TCGA-BH-A0BM,0,1876.0,0.0,1876.0,0.0,1876.0,0,1876.0,
TCGA-BH-A0BR-01,5.666666666666666,0.5000000000000001,High,0.0434782608695652,0.6956521739130435,0.0,0.2463768115942028,TCGA-BH-A0BR,0,2330.0,0.0,2330.0,0.0,2330.0,0,2330.0,
TCGA-BH-A0BZ-01,6.333333333333331,0.5625,High,0.0,0.8260869565217391,0.0,0.2753623188405796,TCGA-BH-A0BZ,0,2255.0,0.0,2255.0,0.0,2255.0,0,2255.0,
TCGA-BH-A0DG-01,4.333333333333333,0.375,Moderate,0.0434782608695652,0.5217391304347826,0.0,0.1884057971014492,TCGA-BH-A0DG,0,2041.0,0.0,2041.0,0.0,2041.0,0,2041.0,
TCGA-BH-A0DH-01,3.333333333333333,0.28125,Low,0.0,0.4347826086956521,0.0,0.1449275362318841,TCGA-BH-A0DH,0,1156.0,0.0,1156.0,0.0,1156.0,0,1156.0,
TCGA-BH-A0EE-01,6.333333333333331,0.5625,High,0.0869565217391304,0.7391304347826086,0.0,0.2753623188405796,TCGA-BH-A0EE,0,943.0,0.0,943.0,0.0,943.0,0,943.0,
TCGA-BH-A18G-01,2.0,0.15625,Low,0.0,0.217391304347826,0.0434782608695652,0.0869565217391304,TCGA-BH-A18G,0,149.0,0.0,149.0,0.0,149.0,0,149.0,
TCGA-BH-A18J-01,2.666666666666667,0.21875,Low,0.0,0.3478260869565217,0.0,0.1159420289855072,TCGA-BH-A18J,1,612.0,1.0,612.0,,,1,612.0,
TCGA-BH-A18T-01,5.666666666666665,0.5,Moderate,0.0434782608695652,0.6956521739130435,0.0,0.2463768115942028,TCGA-BH-A18T,1,224.0,1.0,224.0,,,1,224.0,
TCGA-BH-A1EN-01,6.999999999999997,0.6249999999999999,High,0.0,0.9130434782608696,0.0,0.3043478260869564,TCGA-BH-A1EN,1,2127.0,0.0,2127.0,0.0,2127.0,0,2127.0,
TCGA-BH-A1FC-01,7.666666666666665,0.6875,High,0.0434782608695652,0.9130434782608696,0.0434782608695652,0.3333333333333332,TCGA-BH-A1FC,1,3472.0,0.0,3472.0,,,0,3472.0,
TCGA-BH-A1FN-01,6.333333333333331,0.5625,High,0.0,0.8260869565217391,0.0,0.2753623188405796,TCGA-BH-A1FN,1,2192.0,1.0,2192.0,,,1,2192.0,
TCGA-BH-A203-01,5.666666666666665,0.5,Moderate,0.0,0.6956521739130435,0.0434782608695652,0.2463768115942028,TCGA-BH-A203,1,1174.0,1.0,1174.0,,,1,1174.0,
TCGA-C8-A12K-01,4.333333333333333,0.375,Moderate,0.0,0.5652173913043478,0.0,0.1884057971014492,TCGA-C8-A12K,0,0.0,0.0,0.0,0.0,0.0,0,0.0,
TCGA-C8-A12Q-01,4.0,0.34375,Low,0.0,0.5217391304347826,0.0,0.1739130434782608,TCGA-C8-A12Q,1,385.0,1.0,385.0,,,1,385.0,
TCGA-C8-A12V-01,1.6666666666666663,0.125,Low,0.0,0.1739130434782608,0.0434782608695652,0.072463768115942,TCGA-C8-A12V,0,385.0,0.0,385.0,,,0,385.0,
TCGA-C8-A131-01,4.666666666666666,0.40625,Moderate,0.0434782608695652,0.5652173913043478,0.0,0.2028985507246376,TCGA-C8-A131,0,411.0,0.0,411.0,0.0,411.0,0,411.0,
TCGA-C8-A135-01,4.0,0.34375,Low,0.0,0.5217391304347826,0.0,0.1739130434782608,TCGA-C8-A135,0,393.0,0.0,393.0,0.0,393.0,0,393.0,
TCGA-C8-A137-01,2.6666666666666665,0.21875,Low,0.0434782608695652,0.3043478260869565,0.0,0.1159420289855072,TCGA-C8-A137,0,379.0,0.0,379.0,1.0,136.0,1,136.0,
TCGA-C8-A138-01,6.999999999999998,0.625,High,0.0434782608695652,0.8695652173913043,0.0,0.3043478260869564,TCGA-C8-A138,0,380.0,0.0,380.0,0.0,380.0,0,380.0,
TCGA-C8-A1HF-01,4.0,0.34375,Low,0.0,0.5217391304347826,0.0,0.1739130434782608,TCGA-C8-A1HF,0,332.0,0.0,332.0,0.0,332.0,0,332.0,
TCGA-C8-A1HK-01,6.666666666666665,0.59375,High,0.0434782608695652,0.8260869565217391,0.0,0.289855072463768,TCGA-C8-A1HK,0,366.0,0.0,366.0,0.0,366.0,0,366.0,
TCGA-C8-A26X-01,4.999999999999999,0.4375,Moderate,0.0,0.6086956521739131,0.0434782608695652,0.217391304347826,TCGA-C8-A26X,0,376.0,0.0,376.0,0.0,376.0,0,376.0,
TCGA-C8-A274-01,4.666666666666666,0.40625,Moderate,0.0869565217391304,0.5217391304347826,0.0,0.2028985507246377,TCGA-C8-A274,0,508.0,0.0,508.0,0.0,508.0,0,508.0,
TCGA-D8-A1JF-01,6.333333333333332,0.5625,High,0.0869565217391304,0.7391304347826086,0.0,0.2753623188405796,TCGA-D8-A1JF,0,366.0,0.0,366.0,0.0,366.0,0,366.0,
TCGA-D8-A1JN-01,3.0,0.25,Low,0.0,0.391304347826087,0.0,0.1304347826086956,TCGA-D8-A1JN,0,620.0,0.0,620.0,0.0,620.0,0,620.0,
TCGA-D8-A1XT-01,3.333333333333333,0.28125,Low,0.0,0.4347826086956521,0.0,0.1449275362318841,TCGA-D8-A1XT,0,506.0,0.0,506.0,0.0,506.0,0,506.0,
TCGA-D8-A1Y3-01,4.666666666666666,0.40625,Moderate,0.0,0.6086956521739131,0.0,0.2028985507246376,TCGA-D8-A1Y3,0,430.0,0.0,430.0,0.0,430.0,0,430.0,
TCGA-D8-A27G-01,2.333333333333333,0.1875,Low,0.0,0.2608695652173913,0.0434782608695652,0.1014492753623188,TCGA-D8-A27G,0,409.0,0.0,409.0,0.0,409.0,0,409.0,
TCGA-D8-A27W-01,6.999999999999997,0.6249999999999999,High,0.0434782608695652,0.8695652173913043,0.0,0.3043478260869564,TCGA-D8-A27W,0,373.0,0.0,373.0,0.0,373.0,0,373.0,
TCGA-E2-A107-01,5.333333333333332,0.46875,Moderate,0.0434782608695652,0.6521739130434783,0.0,0.2318840579710144,TCGA-E2-A107,0,1047.0,0.0,1047.0,0.0,1047.0,0,1047.0,
TCGA-E2-A10C-01,7.333333333333331,0.65625,High,0.0,0.8695652173913043,0.0869565217391304,0.3188405797101448,TCGA-E2-A10C,0,1220.0,0.0,1220.0,0.0,1220.0,0,1220.0,
TCGA-E2-A14N-01,2.333333333333333,0.1875,Low,0.1304347826086956,0.1739130434782608,0.0,0.1014492753623188,TCGA-E2-A14N,0,1434.0,0.0,1434.0,0.0,1434.0,0,1434.0,
TCGA-E2-A14P-01,5.666666666666666,0.5000000000000001,High,0.0869565217391304,0.6086956521739131,0.0434782608695652,0.2463768115942028,TCGA-E2-A14P,0,1246.0,0.0,1246.0,0.0,1246.0,0,1246.0,
TCGA-E2-A14S-01,2.0,0.15625,Low,0.0,0.2608695652173913,0.0,0.0869565217391304,TCGA-E2-A14S,0,1009.0,0.0,1009.0,0.0,1009.0,0,1009.0,
TCGA-E2-A152-01,7.999999999999998,0.71875,High,0.0434782608695652,1.0,0.0,0.3478260869565217,TCGA-E2-A152,0,2128.0,0.0,2128.0,1.0,54.0,1,54.0,
TCGA-E2-A1B5-01,4.0,0.34375,Low,0.0,0.4782608695652174,0.0434782608695652,0.1739130434782608,TCGA-E2-A1B5,0,984.0,0.0,984.0,0.0,984.0,0,984.0,
TCGA-E2-A1IH-01,5.666666666666665,0.5,Moderate,0.0,0.7391304347826086,0.0,0.2463768115942028,TCGA-E2-A1IH,0,1026.0,0.0,1026.0,0.0,1026.0,0,1026.0,
TCGA-E2-A1LB-01,1.0,0.0625,Low,0.0,0.1304347826086956,0.0,0.0434782608695652,TCGA-E2-A1LB,0,2306.0,0.0,2306.0,0.0,2306.0,0,2306.0,
TCGA-E2-A1LE-01,4.0,0.34375,Low,0.0,0.5217391304347826,0.0,0.1739130434782608,TCGA-E2-A1LE,1,879.0,1.0,879.0,1.0,361.0,1,361.0,
TCGA-E2-A56Z-01,7.666666666666665,0.6875,High,0.0434782608695652,0.9565217391304348,0.0,0.3333333333333332,TCGA-E2-A56Z,0,252.0,0.0,252.0,0.0,252.0,0,252.0,
TCGA-E9-A1N4-01,1.6666666666666663,0.125,Low,0.0869565217391304,0.1304347826086956,0.0,0.072463768115942,TCGA-E9-A1N4,0,1000.0,0.0,1000.0,0.0,1000.0,0,1000.0,
TCGA-E9-A1N5-01,3.0,0.25,Low,0.0,0.391304347826087,0.0,0.1304347826086956,TCGA-E9-A1N5,0,1120.0,0.0,1120.0,0.0,1120.0,0,1120.0,
TCGA-E9-A22A-01,4.0,0.34375,Low,0.0,0.5217391304347826,0.0,0.1739130434782608,TCGA-E9-A22A,0,1189.0,0.0,1189.0,0.0,1189.0,0,1189.0,
TCGA-EW-A1OV-01,4.333333333333333,0.375,Moderate,0.0434782608695652,0.4782608695652174,0.0434782608695652,0.1884057971014492,TCGA-EW-A1OV,0,789.0,0.0,789.0,0.0,789.0,0,789.0,
TCGA-EW-A1P4-01,4.0,0.34375,Low,0.0,0.5217391304347826,0.0,0.1739130434782608,TCGA-EW-A1P4,0,907.0,0.0,907.0,0.0,907.0,0,907.0,
TCGA-EW-A423-01,6.999999999999997,0.6249999999999999,High,0.0869565217391304,0.8260869565217391,0.0,0.3043478260869564,TCGA-EW-A423,0,533.0,0.0,533.0,0.0,533.0,0,533.0,
TCGA-GM-A2D9-01,2.333333333333333,0.1875,Low,0.0,0.217391304347826,0.0869565217391304,0.1014492753623188,TCGA-GM-A2D9,1,1812.0,1.0,1812.0,1.0,536.0,1,536.0,
TCGA-GM-A2DB-01,4.666666666666667,0.4062500000000001,Moderate,0.0434782608695652,0.5652173913043478,0.0,0.2028985507246376,TCGA-GM-A2DB,0,2406.0,0.0,2406.0,0.0,2406.0,0,2406.0,
TCGA-GM-A2DH-01,5.999999999999998,0.53125,High,0.0434782608695652,0.6521739130434783,0.0869565217391304,0.2608695652173912,TCGA-GM-A2DH,0,2193.0,0.0,2193.0,0.0,2193.0,0,2193.0,
TCGA-GM-A2DK-01,4.0,0.34375,Low,0.0,0.5217391304347826,0.0,0.1739130434782609,TCGA-GM-A2DK,0,2645.0,0.0,2645.0,0.0,2645.0,0,2645.0,
TCGA-HN-A2NL-01,7.333333333333331,0.65625,High,0.0,0.9565217391304348,0.0,0.3188405797101448,TCGA-HN-A2NL,0,79.0,0.0,79.0,0.0,79.0,0,79.0,
TCGA-LD-A9QF-01,1.3333333333333333,0.09375,Low,0.0434782608695652,0.1304347826086956,0.0,0.0579710144927536,TCGA-LD-A9QF,0,323.0,0.0,323.0,0.0,323.0,0,323.0,
TCGA-LL-A5YO-01,4.999999999999999,0.4375,Moderate,0.0,0.6521739130434783,0.0,0.217391304347826,TCGA-LL-A5YO,0,440.0,0.0,440.0,0.0,440.0,0,440.0,
TCGA-LL-A6FP-01,6.666666666666666,0.5937500000000001,High,0.217391304347826,0.6521739130434783,0.0,0.289855072463768,TCGA-LL-A6FP,0,677.0,0.0,677.0,0.0,677.0,0,677.0,
TCGA-LL-A740-01,1.6666666666666663,0.125,Low,0.0,0.217391304347826,0.0,0.072463768115942,TCGA-LL-A740,0,441.0,0.0,441.0,0.0,441.0,0,441.0,
TCGA-LL-A9Q3-01,2.0,0.15625,Low,0.0434782608695652,0.217391304347826,0.0,0.0869565217391304,TCGA-LL-A9Q3,0,532.0,0.0,532.0,0.0,532.0,0,532.0,
TCGA-LQ-A4E4-01,4.0,0.34375,Low,0.0,0.5217391304347826,0.0,0.1739130434782608,TCGA-LQ-A4E4,0,849.0,0.0,849.0,,,1,681.0,
TCGA-OL-A5D6-01,1.6666666666666663,0.125,Low,0.0,0.1739130434782608,0.0434782608695652,0.072463768115942,TCGA-OL-A5D6,1,1104.0,0.0,1104.0,0.0,1104.0,0,1104.0,
TCGA-OL-A5D8-01,2.0,0.15625,Low,0.0434782608695652,0.217391304347826,0.0,0.0869565217391304,TCGA-OL-A5D8,0,973.0,0.0,973.0,,,0,973.0,
TCGA-OL-A5RY-01,0.6666666666666666,0.03125,Low,0.0,0.0869565217391304,0.0,0.0289855072463768,TCGA-OL-A5RY,0,752.0,0.0,752.0,0.0,752.0,0,752.0,
TCGA-OL-A5RZ-01,7.333333333333331,0.65625,High,0.0869565217391304,0.8695652173913043,0.0,0.3188405797101448,TCGA-OL-A5RZ,0,679.0,0.0,679.0,0.0,679.0,0,679.0,
TCGA-OL-A66N-01,4.333333333333333,0.375,Moderate,0.0869565217391304,0.4782608695652174,0.0,0.1884057971014492,TCGA-OL-A66N,0,792.0,0.0,792.0,0.0,792.0,0,792.0,
TCGA-OL-A66P-01,4.666666666666666,0.40625,Moderate,0.391304347826087,0.217391304347826,0.0,0.2028985507246376,TCGA-OL-A66P,0,428.0,0.0,428.0,0.0,428.0,0,428.0,
TCGA-OL-A97C-01,3.333333333333333,0.28125,Low,0.1304347826086956,0.3043478260869565,0.0,0.144927536231884,TCGA-OL-A97C,0,271.0,0.0,271.0,,,1,275.0,
TCGA-PL-A8LZ-01,4.0,0.34375,Low,0.0,0.5217391304347826,0.0,0.1739130434782609,TCGA-PL-A8LZ,0,302.0,0.0,302.0,,,0,302.0,
TCGA-S3-AA17-01,3.0,0.25,Low,0.0,0.3478260869565217,0.0434782608695652,0.1304347826086956,TCGA-S3-AA17,0,424.0,0.0,424.0,0.0,424.0,0,424.0,
TCGA-UU-A93S-01,6.333333333333332,0.5625,High,0.1739130434782608,0.6521739130434783,0.0,0.2753623188405797,TCGA-UU-A93S,1,116.0,1.0,116.0,,,1,116.0,
