chrom,start,end,sv_id,svtype,sv_len,filter,gene
13,32348295,32348613,chr13-32348296-INS-318,INS,318,.,BRCA2
14,68136314,68137014,chr14-68136315-DEL-700,DEL,700,.,RAD51B
14,68314587,68314644,chr14-68314588-INS-57,INS,57,.,RAD51B
14,68317509,68323563,chr14-68317510-INS-6054,INS,6054,.,RAD51B
14,68356436,68356980,chr14-68356437-INS-544,INS,544,.,RAD51B
14,68356707,68357253,chr14-68356708-INS-546,INS,546,.,RAD51B
14,68429796,68429850,chr14-68429797-DEL-54,DEL,54,.,RAD51B
14,68528662,68528736,chr14-68528663-DEL-74,DEL,74,.,RAD51B
17,58726417,58726489,chr17-58726418-INS-72,INS,72,.,RAD51C
17,58726454,58726608,chr17-58726455-DEL-154,DEL,154,.,RAD51C
17,58726610,58726885,chr17-58726611-INS-275,INS,275,.,RAD51C
17,58730461,58730912,chr17-58730462-DEL-451,DEL,451,.,RAD51C
17,33464509,33464571,chr17-33464510-DEL-62,DEL,62,.,RAD51D
17,61716776,61716912,chr17-61716777-INS-136,INS,136,.,BRIP1
17,61787118,61787180,chr17-61787119-DEL-62,DEL,62,.,BRIP1
17,61787311,61787399,chr17-61787312-INS-88,INS,88,.,BRIP1
22,28730264,28730402,chr22-28730265-INS-138,INS,138,.,CHEK2
X,123911195,123911329,chrX-123911196-DEL-134,DEL,134,.,STAG2
X,123921852,123921938,chrX-123921853-INS-86,INS,86,.,STAG2
7,99605389,99605551,chr7-99605390-DEL-162,DEL,162,.,STAG3
22,46464481,46464532,chr22-46464482-DEL-51,DEL,51,.,SMC1B
22,46469974,46472094,chr22-46469975-INS-2120,INS,2120,.,SMC1B
22,46487606,46487816,chr22-46487607-INS-210,INS,210,.,SMC1B
22,46487657,46488182,chr22-46487658-INS-525,INS,525,.,SMC1B
22,46487657,46487740,chr22-46487658-INS-83,INS,83,.,SMC1B
22,46500101,46500165,chr22-46500102-INS-64,INS,64,.,SMC1B
22,46502382,46502535,chr22-46502383-INS-153,INS,153,.,SMC1B
22,46502382,46502433,chr22-46502383-INS-51,INS,51,.,SMC1B
8,117858751,117858817,chr8-117858752-DEL-66,DEL,66,.,RAD21
8,117861583,117863301,chr8-117861584-DEL-1718,DEL,1718,.,RAD21
14,23700232,23700296,chr14-23700233-INS-64,INS,64,.,REC8
14,23705804,23706136,chr14-23705805-DEL-332,DEL,332,.,REC8
14,23723656,23723816,chr14-23723657-INS-160,INS,160,.,REC8
14,23736838,23736918,chr14-23736839-INS-80,INS,80,.,REC8
1,161571558,161653409,chr1-161571558-DEL-81851,DEL,81851,.,HORMAD1
1,161613096,161614732,chr1-161613097-INS-1636,INS,1636,.,HORMAD1
1,161615949,161617424,chr1-161615950-DEL-1475,DEL,1475,.,HORMAD1
1,161627029,161627105,chr1-161627030-INS-76,INS,76,.,HORMAD1
1,161645635,161645691,chr1-161645636-DEL-56,DEL,56,.,HORMAD1
1,161649057,161649506,chr1-161649058-DEL-449,DEL,449,.,HORMAD1
22,30454536,30454658,chr22-30454537-INS-122,INS,122,.,HORMAD2
22,30454865,30454931,chr22-30454866-DEL-66,DEL,66,.,HORMAD2
22,30478324,30479386,chr22-30478325-INS-1062,INS,1062,.,HORMAD2
20,8168391,8168655,chr20-8168392-INS-264,INS,264,.,SYCP2
20,8206970,8207153,chr20-8206971-DEL-183,DEL,183,.,SYCP2
12,52894974,52895059,chr12-52894975-INS-85,INS,85,.,SYCP3
1,93192114,93192206,chr1-93192115-DEL-92,DEL,92,.,MSH4
6,31932021,31932148,chr6-31932022-DEL-127,DEL,127,.,MSH5
6,31932534,31932651,chr6-31932535-DEL-117,DEL,117,.,MSH5
