path,size_bytes,classification,header_preview,gene_preview
E:\apply\journal publication\TNBC_SV_DNA_Repair\dataset\BRCA_clinicalMatrix.tsv.gz,1698413,not identified as TCGA-BRCA gene-level RNA,sampleID	AJCC_Stage_nature2012	Age_at_Initial_Pathologic_Diagnosis_nature2012	CN_Clusters_nature2012	Converted_Stage_nature2012	Days_to_Date_of_Last_Contact_nature2012	Days_to_date_of_Death_nature2012	ER_Status_nature2012	Gender_nature2012	HER2_Final_Status_nature2012	Integrated_Clusters_no_exp__nat,TCGA-3C-AAAU-01																													TCGA-3C-AAAU-01										TCGA-3C-AAAU	TCGA Breast Cancer (BRCA)	breast invasive carcinoma	Breast					55	Le
E:\apply\journal publication\TNBC_SV_DNA_Repair\dataset\brca_metabric.tar.gz,510321901,archive; cohort named in filename; not verified TCGA-BRCA gene-level RNA,,
E:\apply\journal publication\TNBC_SV_DNA_Repair\dataset\brca_metabric_clinical_data.tsv,747984,external cohort; not TCGA-BRCA RNA,Study ID	Patient ID	Sample ID	Age at Diagnosis	Type of Breast Surgery	Cancer Type	Cancer Type Detailed	Cellularity	Chemotherapy	Pam50 + Claudin-low subtype	Cohort	ER status measured by IHC	ER Status	Neoplasm Histologic Grade	HER2 status measured by SNP6	HER2 Status	Tumor Other Histologic Subtype	Hor,brca_metabric	MB-0000	MB-0000	75.65	MASTECTOMY	Breast Cancer	Breast Invasive Ductal Carcinoma	NA	NO	claudin-low	1	Positve	Positive	3	NEUTRAL	Negative
E:\apply\journal publication\TNBC_SV_DNA_Repair\dataset\BRCA_survival.txt,69154,not identified as TCGA-BRCA gene-level RNA,sample	_PATIENT	OS	OS.time	DSS	DSS.time	DFI	DFI.time	PFI	PFI.time	Redaction,TCGA-3C-AAAU-01	TCGA-3C-AAAU	0	4047	0	4047	1	1808	1	1808
E:\apply\journal publication\TNBC_SV_DNA_Repair\dataset\clinical.project-tcga-ov.2026-05-22.tar.gz,434150,archive; cohort named in filename; not verified TCGA-BRCA gene-level RNA,,
E:\apply\journal publication\TNBC_SV_DNA_Repair\dataset\COSMIC_Cancer_Gene_Census.tsv,183760,not identified as TCGA-BRCA gene-level RNA,Gene Symbol	Name	Entrez GeneId	Genome Location	Tier	Hallmark	Chr Band	Somatic	Germline	Tumour Types(Somatic)	Tumour Types(Germline)	Cancer Syndrome	Tissue Type	Molecular Genetics	Role in Cancer	Mutation Types	Translocation Partner	Other Germline Mut	Other Syndrome	Synonyms,"A1CF	APOBEC1 complementation factor	29974	10:50799421-50885675	2		10q11.23	yes		melanoma			E		oncogene	Mis				""ACF,ACF64,ACF65,APOBEC1CF,ASP,CCDS73133"
E:\apply\journal publication\TNBC_SV_DNA_Repair\dataset\full idea.txt,9472,not identified as TCGA-BRCA gene-level RNA,Here is the corrected Paper 5 plan with actual downloaded file names replacing the original dataset references.,
E:\apply\journal publication\TNBC_SV_DNA_Repair\dataset\gnomad.v4.1.sv.sites.bed.gz,1348435777,non-expression genomic data,,
E:\apply\journal publication\TNBC_SV_DNA_Repair\dataset\GSE176078_Wu_etal_2021_BRCA_scRNASeq.tar.gz,558829202,archive; cohort named in filename; not verified TCGA-BRCA gene-level RNA,,
E:\apply\journal publication\TNBC_SV_DNA_Repair\dataset\GSE25066_RAW.tar,1203927040,archive; cohort named in filename; not verified TCGA-BRCA gene-level RNA,,
E:\apply\journal publication\TNBC_SV_DNA_Repair\dataset\GSE25066_series_matrix.txt.gz,61627399,external cohort; not TCGA-BRCA RNA,"!Series_title	""Genomic predictor of response and survival following neoadjuvant taxane-anthracycline chemotherapy in breast cancer""","!Series_geo_accession	""GSE25066"""
E:\apply\journal publication\TNBC_SV_DNA_Repair\dataset\GTEx_Analysis_v10_eQTL.tar,2561047718,archive; cohort named in filename; not verified TCGA-BRCA gene-level RNA,,
E:\apply\journal publication\TNBC_SV_DNA_Repair\dataset\HM450_hg38_probes.tsv.gz,28881309,non-expression genomic data,,
E:\apply\journal publication\TNBC_SV_DNA_Repair\dataset\mc3_BRCA_mc3.txt.gz,2138824,not identified as TCGA-BRCA gene-level RNA,sample	chr	start	end	reference	alt	gene	effect	Amino_Acid_Change	DNA_VAF	SIFT	PolyPhen,TCGA-3C-AAAU-01	10	122668955	122668955	G	A	WDR11	3'UTR		0.39
E:\apply\journal publication\TNBC_SV_DNA_Repair\dataset\ov_tcga_pub_clinical_data.tsv,110791,not identified as TCGA-BRCA gene-level RNA,Study ID	Patient ID	Sample ID	ACGH Data	Cancer Type	Cancer Type Detailed	Complete Data	Disease Free (Months)	Disease Free Status	Fraction Genome Altered	Neoplasm Histologic Grade	MRNA Data	Mutation Count	Oncotree Code	Overall Survival (Months)	Overall Survival Status	Platinum Status	Primary Therapy,ov_tcga_pub	TCGA-04-1331	TCGA-04-1331-01	Yes	Ovarian Cancer	High-Grade Serous Ovarian Cancer	Yes	15.08	1:Recurred/Progressed	0.4372	G3	Yes	75	HGSOC	43
E:\apply\journal publication\TNBC_SV_DNA_Repair\dataset\TCGA.BRCA.sampleMap_Gistic2_CopyNumber_Gistic2_all_thresholded.by_genes.gz,2364989,rejected: copy number is not RNA expression,Gene Symbol	TCGA-3C-AAAU-01	TCGA-3C-AALI-01	TCGA-3C-AALJ-01	TCGA-3C-AALK-01	TCGA-4H-AAAK-01	TCGA-5L-AAT0-01	TCGA-5L-AAT1-01	TCGA-5T-A9QA-01	TCGA-A1-A0SB-01	TCGA-A1-A0SD-01	TCGA-A1-A0SE-01	TCGA-A1-A0SF-01	TCGA-A1-A0SG-01	TCGA-A1-A0SH-01	TCGA-A1-A0SI-01	TCGA-A1-A0SJ-01	TCGA-A1-A0SK-01	TCGA-A1-A0SM-01,ACAP3	0	-1	-1	0	0	0	0	-1	0	-1	0	0	0	-1	0	0	1	-1	-1	-1	1	0	0	1	0	-1	0	2	0	1	-1	1	0	0	1	0	0	0	0	-1	-1	0	0	-1	-1	1	0	0	0	-1	0	-1	-1	0	0	0	0	-1	0	0	0	0	-1
E:\apply\journal publication\TNBC_SV_DNA_Repair\dataset\TCGA.BRCA.sampleMap_HiSeqV2_exon.gz,673203373,rejected: exon-level expression; no gene reconstruction permitted,sample	TCGA-A2-A3XU-01	TCGA-AR-A2LR-01	TCGA-B6-A3ZX-01	TCGA-OL-A5D7-01	TCGA-E2-A570-01	TCGA-A8-A06O-01	TCGA-AQ-A54N-01	TCGA-A7-A425-01	TCGA-GM-A3XG-01	TCGA-D8-A1JI-01	TCGA-E2-A15M-01	TCGA-E9-A1N5-11	TCGA-E2-A15S-01	TCGA-BH-A0B3-11	TCGA-D8-A141-01	TCGA-XX-A89A-01	TCGA-C8-A138-01	TCGA-C8-A12Q-01	TCGA-,chr3:52007981-52008646:-	1.2474	0.8961	1.6680	2.0052	1.4209	2.3711	0.1974	2.5076	2.0914	2.6861	1.0766	2.6866	1.4587	2.0653	1.8881	1.7085	1.4039	1.3471
E:\apply\journal publication\TNBC_SV_DNA_Repair\dataset\TCGA.BRCA.sampleMap_HumanMethylation450.gz,783161707,non-expression genomic data,,
E:\apply\journal publication\TNBC_SV_DNA_Repair\dataset\TCGA.OV.sampleMap_Gistic2_CopyNumber_Gistic2_all_thresholded.by_genes.gz,944715,rejected: copy number is not RNA expression,Gene Symbol	TCGA-04-1331-01	TCGA-04-1332-01	TCGA-04-1335-01	TCGA-04-1336-01	TCGA-04-1337-01	TCGA-04-1338-01	TCGA-04-1341-01	TCGA-04-1342-01	TCGA-04-1343-01	TCGA-04-1346-01	TCGA-04-1347-01	TCGA-04-1348-01	TCGA-04-1349-01	TCGA-04-1350-01	TCGA-04-1351-01	TCGA-04-1353-01	TCGA-04-1356-01	TCGA-04-1357-01,ACAP3	-1	0	-1	1	0	-2	-1	0	1	-1	0	0	0	1	-1	-1	1	-1	-1	1	1	-1	2	2	0	-1	1	-1	-1	0	2	0	-1	-1	-1	0	0	-1	-1	1	0	0	0	1	1	-1	1	-2	0	-1	-1	1	-1	-1	-1	1	-1	-1	1
E:\apply\journal publication\TNBC_SV_DNA_Repair\dataset\TCGA.OV.sampleMap_HiSeqV2.gz,16904473,"rejected: ovarian cohort, not TCGA-BRCA",sample	TCGA-61-1910-01	TCGA-61-1728-01	TCGA-09-1666-01	TCGA-24-1469-01	TCGA-04-1348-01	TCGA-61-1917-01	TCGA-61-2009-01	TCGA-31-1950-01	TCGA-31-1951-01	TCGA-61-1995-01	TCGA-24-2297-01	TCGA-24-1555-01	TCGA-25-1322-01	TCGA-24-1427-01	TCGA-29-1698-01	TCGA-23-1023-01	TCGA-13-0924-01	TCGA-24-1847-01	TCGA-,ARHGEF10L	9.6011	9.3203	8.1951	8.5826	8.7195	8.0901	8.6452	9.8853	10.1132	8.7514	8.6169	8.6420	9.4061	9.1621	10.1697	9.5461	8.7713	9.2335	8.9051	8.888
E:\apply\journal publication\TNBC_SV_DNA_Repair\dataset\TCGA_phenotype.tsv.gz,61165,not identified as TCGA-BRCA gene-level RNA,sample	sample_type_id	sample_type	_primary_disease,TCGA-D3-A1QA-07	07	Additional Metastatic	skin cutaneous melanoma
E:\apply\journal publication\TNBC_SV_DNA_Repair\dataset\variants_freeze4_sv_insdel_alt.vcf.gz,24621084,non-expression genomic data,,
