donor_sample_id,cell_class,subtype,n_cells,library_counts,HORMAD1,HORMAD2,STAG3,REC8,SMC1B,SYCP2,SYCP3,MSH4,MSH5
CID3586,immune,HER2+,5117,11952383.0,1.0,0.0,120.0,103.0,1.0,11.0,5.0,0.0,17.0
CID3586,normal_epithelial,HER2+,698,5433586.0,0.0,0.0,6.0,34.0,0.0,66.0,1.0,1.0,5.0
CID3586,stromal,HER2+,363,975445.0,0.0,0.0,0.0,10.0,0.0,1.0,0.0,0.0,0.0
CID3838,immune,HER2+,1893,27401354.0,8.0,3.0,204.0,151.0,4.0,28.0,33.0,0.0,14.0
CID3838,stromal,HER2+,460,12931021.0,1.0,0.0,46.0,76.0,2.0,52.0,12.0,0.0,10.0
CID3921,immune,HER2+,2195,10352596.0,1.0,0.0,86.0,83.0,1.0,23.0,0.0,0.0,11.0
CID3921,malignant_epithelial,HER2+,441,13515331.0,0.0,0.0,8.0,24.0,5.0,725.0,1.0,0.0,17.0
CID3921,stromal,HER2+,388,2732398.0,0.0,0.0,2.0,12.0,0.0,5.0,0.0,0.0,2.0
CID3941,immune,ER+,358,724840.0,0.0,0.0,20.0,3.0,0.0,1.0,2.0,0.0,6.0
CID3941,malignant_epithelial,ER+,196,1430433.0,1.0,0.0,10.0,0.0,0.0,30.0,0.0,0.0,1.0
CID3941,stromal,ER+,77,362180.0,0.0,0.0,1.0,2.0,0.0,2.0,0.0,0.0,1.0
CID3946,immune,TNBC,249,277519.0,2.0,0.0,2.0,2.0,0.0,1.0,0.0,0.0,0.0
CID3946,stromal,TNBC,525,802297.0,0.0,1.0,5.0,2.0,0.0,2.0,1.0,0.0,0.0
CID3948,immune,ER+,1904,3289188.0,0.0,0.0,23.0,26.0,1.0,3.0,4.0,1.0,2.0
CID3948,malignant_epithelial,ER+,261,2339114.0,0.0,0.0,2.0,5.0,0.0,79.0,0.0,0.0,3.0
CID3948,stromal,ER+,162,337533.0,1.0,0.0,0.0,4.0,0.0,3.0,0.0,0.0,2.0
CID3963,immune,TNBC,3151,10835757.0,3.0,0.0,72.0,133.0,4.0,31.0,8.0,0.0,12.0
CID3963,malignant_epithelial,TNBC,222,2853046.0,5.0,0.0,10.0,12.0,26.0,111.0,1.0,0.0,3.0
CID3963,normal_epithelial,TNBC,1,4595.0,0.0,0.0,0.0,0.0,0.0,0.0,0.0,0.0,0.0
CID3963,stromal,TNBC,153,606448.0,0.0,0.0,1.0,9.0,0.0,6.0,0.0,0.0,0.0
CID4040,immune,ER+,1741,9654093.0,1.0,0.0,160.0,97.0,2.0,33.0,13.0,2.0,9.0
CID4040,stromal,ER+,790,13442315.0,1.0,0.0,35.0,56.0,4.0,68.0,9.0,1.0,6.0
CID4066,immune,HER2+,2430,5154639.0,0.0,0.0,43.0,65.0,3.0,22.0,1.0,0.0,7.0
CID4066,malignant_epithelial,HER2+,521,9781665.0,0.0,0.0,10.0,14.0,8.0,118.0,3.0,0.0,6.0
CID4066,normal_epithelial,HER2+,270,2657794.0,0.0,0.0,3.0,10.0,4.0,16.0,0.0,0.0,1.0
CID4066,stromal,HER2+,2088,10640476.0,0.0,0.0,6.0,33.0,1.0,15.0,7.0,1.0,6.0
CID4067,immune,ER+,1008,1842338.0,0.0,0.0,12.0,10.0,0.0,5.0,2.0,1.0,2.0
CID4067,malignant_epithelial,ER+,2352,11260042.0,0.0,0.0,26.0,17.0,22.0,61.0,19.0,2.0,27.0
CID4067,stromal,ER+,404,1168891.0,0.0,0.0,2.0,3.0,0.0,4.0,0.0,0.0,0.0
CID4290A,immune,ER+,1000,1433072.0,1.0,0.0,10.0,7.0,1.0,4.0,2.0,0.0,10.0
CID4290A,malignant_epithelial,ER+,4053,30262485.0,0.0,0.0,35.0,33.0,1.0,982.0,7.0,2.0,60.0
CID4290A,normal_epithelial,ER+,18,130990.0,0.0,0.0,0.0,0.0,0.0,1.0,0.0,0.0,0.0
CID4290A,stromal,ER+,718,1998555.0,0.0,1.0,4.0,8.0,0.0,5.0,1.0,1.0,1.0
CID4398,immune,ER+,4085,8013322.0,2.0,0.0,104.0,37.0,2.0,19.0,6.0,0.0,0.0
CID4398,stromal,ER+,366,1635984.0,0.0,0.0,3.0,1.0,2.0,5.0,4.0,0.0,0.0
CID44041,immune,TNBC,1023,2468196.0,0.0,0.0,36.0,32.0,1.0,6.0,3.0,0.0,4.0
CID44041,normal_epithelial,TNBC,151,1370666.0,0.0,0.0,3.0,7.0,0.0,47.0,5.0,0.0,3.0
CID44041,stromal,TNBC,957,3795551.0,0.0,0.0,12.0,13.0,0.0,13.0,3.0,0.0,1.0
CID4461,immune,ER+,153,204535.0,0.0,0.0,1.0,1.0,0.0,0.0,0.0,0.0,0.0
CID4461,malignant_epithelial,ER+,207,491668.0,0.0,0.0,1.0,4.0,0.0,10.0,1.0,0.0,1.0
CID4461,stromal,ER+,271,173597.0,0.0,0.0,3.0,1.0,0.0,1.0,0.0,0.0,0.0
CID4463,immune,ER+,318,1068155.0,0.0,0.0,7.0,2.0,0.0,0.0,0.0,0.0,2.0
CID4463,malignant_epithelial,ER+,659,7556646.0,0.0,0.0,14.0,14.0,0.0,725.0,6.0,0.0,22.0
CID4463,normal_epithelial,ER+,26,412688.0,0.0,0.0,0.0,1.0,0.0,5.0,0.0,0.0,0.0
CID4463,stromal,ER+,135,541663.0,0.0,0.0,1.0,1.0,1.0,3.0,0.0,0.0,0.0
CID4465,immune,TNBC,440,681026.0,2.0,0.0,2.0,5.0,0.0,1.0,0.0,0.0,0.0
CID4465,malignant_epithelial,TNBC,124,343481.0,35.0,0.0,0.0,0.0,0.0,5.0,0.0,0.0,0.0
CID4465,normal_epithelial,TNBC,10,25937.0,0.0,0.0,0.0,0.0,0.0,0.0,0.0,0.0,0.0
CID4465,stromal,TNBC,990,826927.0,3.0,0.0,1.0,4.0,0.0,3.0,0.0,0.0,0.0
CID4471,immune,ER+,1076,4495561.0,0.0,0.0,35.0,25.0,0.0,3.0,5.0,0.0,3.0
CID4471,malignant_epithelial,ER+,212,2680361.0,0.0,0.0,3.0,4.0,0.0,33.0,1.0,0.0,3.0
CID4471,normal_epithelial,ER+,1966,18889175.0,1.0,0.0,13.0,40.0,4.0,166.0,25.0,1.0,20.0
CID4471,stromal,ER+,5355,34258525.0,2.0,0.0,35.0,144.0,2.0,86.0,7.0,2.0,25.0
CID4495,immune,TNBC,6194,36579820.0,5.0,3.0,617.0,399.0,12.0,38.0,24.0,0.0,67.0
CID4495,malignant_epithelial,TNBC,1184,12747048.0,60.0,1.0,20.0,13.0,72.0,79.0,4.0,0.0,62.0
CID4495,stromal,TNBC,607,4515279.0,2.0,0.0,13.0,30.0,0.0,23.0,6.0,0.0,2.0
CID44971,immune,TNBC,5467,21159529.0,0.0,0.0,256.0,524.0,11.0,60.0,7.0,0.0,58.0
CID44971,malignant_epithelial,TNBC,894,17082834.0,13.0,0.0,51.0,17.0,32.0,599.0,8.0,1.0,56.0
CID44971,normal_epithelial,TNBC,735,9250581.0,0.0,0.0,5.0,13.0,0.0,102.0,3.0,0.0,13.0
CID44971,stromal,TNBC,890,5447505.0,0.0,0.0,3.0,18.0,0.0,12.0,1.0,1.0,0.0
CID44991,immune,TNBC,2649,13166717.0,1.0,0.0,29.0,50.0,4.0,19.0,5.0,0.0,15.0
CID44991,malignant_epithelial,TNBC,4018,39502275.0,39.0,0.0,48.0,82.0,26.0,826.0,38.0,1.0,98.0
CID44991,normal_epithelial,TNBC,24,119810.0,0.0,0.0,0.0,1.0,0.0,0.0,1.0,0.0,0.0
CID44991,stromal,TNBC,332,1484094.0,0.0,0.0,0.0,7.0,0.0,1.0,1.0,0.0,1.0
CID4513,immune,TNBC,4304,27593754.0,7.0,0.0,116.0,190.0,8.0,30.0,23.0,3.0,53.0
CID4513,malignant_epithelial,TNBC,1058,19077740.0,0.0,0.0,4.0,18.0,2.0,9.0,4.0,0.0,27.0
CID4513,stromal,TNBC,257,2941204.0,0.0,0.0,2.0,9.0,0.0,13.0,3.0,0.0,4.0
CID4515,immune,TNBC,1512,5132414.0,14.0,0.0,163.0,28.0,2.0,2.0,14.0,0.0,4.0
CID4515,malignant_epithelial,TNBC,2169,44986558.0,2351.0,3.0,168.0,86.0,542.0,121.0,27.0,0.0,19.0
CID4515,normal_epithelial,TNBC,36,331264.0,0.0,0.0,0.0,2.0,0.0,5.0,1.0,0.0,0.0
CID4515,stromal,TNBC,432,2980267.0,3.0,0.0,12.0,15.0,2.0,10.0,2.0,1.0,0.0
CID45171,immune,HER2+,1574,3431135.0,0.0,0.0,30.0,25.0,1.0,6.0,13.0,0.0,0.0
CID45171,malignant_epithelial,HER2+,813,13919347.0,0.0,0.0,71.0,10.0,7.0,67.0,13.0,7.0,9.0
CID45171,stromal,HER2+,60,191167.0,0.0,0.0,1.0,0.0,1.0,0.0,0.0,0.0,0.0
CID4523,immune,TNBC,532,1475493.0,0.0,0.0,2.0,8.0,1.0,3.0,1.0,0.0,1.0
CID4523,malignant_epithelial,TNBC,1167,23281838.0,0.0,0.0,70.0,16.0,9.0,36.0,9.0,0.0,5.0
CID4523,stromal,TNBC,55,670716.0,0.0,0.0,4.0,4.0,0.0,0.0,0.0,0.0,1.0
CID4530N,immune,ER+,443,1898528.0,0.0,0.0,7.0,9.0,0.0,6.0,3.0,0.0,1.0
CID4530N,malignant_epithelial,ER+,1715,28520366.0,0.0,0.0,85.0,90.0,0.0,188.0,2.0,12.0,9.0
CID4530N,normal_epithelial,ER+,398,8906495.0,0.0,2.0,10.0,25.0,0.0,83.0,11.0,0.0,1.0
CID4530N,stromal,ER+,1853,14361715.0,6.0,0.0,18.0,82.0,3.0,53.0,9.0,1.0,1.0
CID4535,immune,ER+,803,4803133.0,1.0,0.0,24.0,28.0,1.0,19.0,3.0,0.0,2.0
CID4535,malignant_epithelial,ER+,2223,44760176.0,0.0,0.0,77.0,76.0,3.0,1588.0,76.0,1.0,24.0
CID4535,normal_epithelial,ER+,22,396633.0,0.0,0.0,0.0,2.0,1.0,3.0,1.0,0.0,0.0
CID4535,stromal,ER+,913,5154735.0,0.0,0.0,5.0,12.0,1.0,25.0,1.0,0.0,2.0
