,TCGA-A1-A0SK-01,TCGA-A1-A0SP-01,TCGA-A2-A04U-01,TCGA-A2-A0CM-01,TCGA-A2-A0D0-01,TCGA-A2-A0D2-01,TCGA-A2-A0SX-01,TCGA-A2-A0T0-01,TCGA-A2-A0T2-01,TCGA-A2-A0YE-01,TCGA-A2-A1G6-01,TCGA-A2-A3XT-01,TCGA-A2-A3XX-01,TCGA-A2-A3XY-01,TCGA-A7-A0DA-01,TCGA-A7-A26G-01,TCGA-A7-A4SE-01,TCGA-A7-A6VV-01,TCGA-A7-A6VW-01,TCGA-A7-A6VY-01,TCGA-A8-A07O-01,TCGA-A8-A08R-01,TCGA-A8-A09X-01,TCGA-AC-A2BK-01,TCGA-AC-A2QH-01,TCGA-AC-A2QJ-01,TCGA-AC-A6IW-01,TCGA-AC-A7VC-01,TCGA-AN-A04D-01,TCGA-AN-A0AL-01,TCGA-AN-A0AR-01,TCGA-AN-A0AT-01,TCGA-AN-A0XU-01,TCGA-AO-A03U-01,TCGA-AO-A0J4-01,TCGA-AO-A0J6-01,TCGA-AO-A0JL-01,TCGA-AO-A124-01,TCGA-AO-A128-01,TCGA-AO-A129-01,TCGA-AO-A12F-01,TCGA-AO-A1KR-01,TCGA-AQ-A04J-01,TCGA-AR-A0TS-01,TCGA-AR-A0U1-01,TCGA-AR-A0U4-01,TCGA-AR-A1AR-01,TCGA-AR-A1AY-01,TCGA-AR-A256-01,TCGA-AR-A2LR-01,TCGA-AR-A5QQ-01,TCGA-B6-A3ZX-01,TCGA-B6-A400-01,TCGA-B6-A402-01,TCGA-BH-A0B3-01,TCGA-BH-A0B9-01,TCGA-BH-A0BG-01,TCGA-BH-A0BL-01,TCGA-BH-A0E0-01,TCGA-BH-A0RX-01,TCGA-BH-A0WA-01,TCGA-BH-A18G-01,TCGA-BH-A18V-01,TCGA-BH-A1EW-01,TCGA-BH-A1F6-01,TCGA-BH-A1FC-01,TCGA-BH-A42U-01,TCGA-C8-A12V-01,TCGA-C8-A131-01,TCGA-C8-A1HJ-01,TCGA-C8-A26X-01,TCGA-C8-A26Y-01,TCGA-C8-A27B-01,TCGA-C8-A3M7-01,TCGA-D8-A13Z-01,TCGA-D8-A143-01,TCGA-D8-A147-01,TCGA-D8-A1JF-01,TCGA-D8-A1JL-01,TCGA-D8-A1XK-01,TCGA-D8-A1XQ-01,TCGA-D8-A27F-01,TCGA-D8-A27H-01,TCGA-D8-A27M-01,TCGA-E2-A14N-01,TCGA-E2-A14R-01,TCGA-E2-A14X-01,TCGA-E2-A150-01,TCGA-E2-A158-01,TCGA-E2-A1L7-01,TCGA-E2-A1LH-01,TCGA-E2-A1LL-01,TCGA-E9-A5FL-01,TCGA-EW-A1OV-01,TCGA-EW-A1OW-01,TCGA-EW-A1P4-01,TCGA-EW-A1P8-01,TCGA-EW-A1PB-01,TCGA-EW-A1PH-01,TCGA-EW-A3U0-01,TCGA-EW-A6SB-01,TCGA-GI-A2C9-01,TCGA-GM-A2DB-01,TCGA-GM-A2DF-01,TCGA-GM-A2DH-01,TCGA-HN-A2NL-01,TCGA-LL-A441-01,TCGA-LL-A5YO-01,TCGA-LL-A73Y-01,TCGA-OL-A6VO-01,TCGA-S3-AA10-01,TCGA-S3-AA15-01
ATM,0.3333333333333333,0.3333333333333333,0.6666666666666666,0.3333333333333333,0.3333333333333333,0.0,0.3333333333333333,0.0,0.0,0.3333333333333333,0.0,0.3333333333333333,0.3333333333333333,0.0,0.3333333333333333,0.3333333333333333,0.3333333333333333,0.3333333333333333,0.3333333333333333,0.3333333333333333,0.0,0.3333333333333333,0.0,0.0,0.3333333333333333,0.3333333333333333,0.3333333333333333,0.3333333333333333,0.0,0.3333333333333333,0.3333333333333333,0.3333333333333333,0.3333333333333333,0.0,0.3333333333333333,0.0,0.3333333333333333,0.3333333333333333,0.0,0.6666666666666666,0.3333333333333333,0.3333333333333333,0.3333333333333333,0.3333333333333333,0.3333333333333333,0.3333333333333333,0.0,0.0,0.3333333333333333,0.0,0.0,0.0,0.3333333333333333,0.3333333333333333,0.3333333333333333,0.0,0.3333333333333333,0.3333333333333333,0.3333333333333333,0.0,0.3333333333333333,0.3333333333333333,0.3333333333333333,0.3333333333333333,0.0,0.3333333333333333,0.0,0.0,0.0,0.3333333333333333,0.3333333333333333,0.3333333333333333,0.3333333333333333,0.0,0.3333333333333333,0.0,0.6666666666666666,0.3333333333333333,0.3333333333333333,0.3333333333333333,0.3333333333333333,0.0,0.3333333333333333,0.3333333333333333,0.0,0.0,0.3333333333333333,0.3333333333333333,0.3333333333333333,0.3333333333333333,0.0,0.3333333333333333,0.3333333333333333,0.0,0.0,0.3333333333333333,0.3333333333333333,0.0,0.0,0.0,0.6666666666666666,0.3333333333333333,0.3333333333333333,0.0,0.6666666666666666,0.0,0.3333333333333333,0.3333333333333333,0.0,0.3333333333333333,0.0,0.0
BRCA1,0.3333333333333333,0.3333333333333333,0.3333333333333333,0.3333333333333333,0.3333333333333333,0.3333333333333333,0.3333333333333333,0.0,0.0,0.3333333333333333,0.0,0.3333333333333333,0.3333333333333333,0.3333333333333333,0.3333333333333333,0.3333333333333333,0.3333333333333333,0.3333333333333333,0.6666666666666666,0.3333333333333333,0.0,0.0,0.3333333333333333,0.3333333333333333,0.3333333333333333,0.3333333333333333,0.0,0.0,0.0,0.3333333333333333,0.0,0.3333333333333333,0.6666666666666666,0.0,0.3333333333333333,0.0,0.3333333333333333,0.3333333333333333,0.0,0.3333333333333333,0.0,0.6666666666666666,0.3333333333333333,0.0,0.3333333333333333,0.6666666666666666,0.3333333333333333,0.3333333333333333,0.3333333333333333,0.0,0.0,0.3333333333333333,0.0,0.3333333333333333,0.0,0.3333333333333333,0.0,0.0,0.3333333333333333,0.0,0.6666666666666666,0.6666666666666666,0.0,0.3333333333333333,0.3333333333333333,0.3333333333333333,0.0,0.0,0.3333333333333333,0.6666666666666666,0.3333333333333333,0.0,0.3333333333333333,0.3333333333333333,0.3333333333333333,0.3333333333333333,0.3333333333333333,0.3333333333333333,0.0,0.3333333333333333,0.3333333333333333,0.3333333333333333,0.3333333333333333,0.3333333333333333,0.0,0.3333333333333333,0.3333333333333333,0.3333333333333333,0.3333333333333333,0.3333333333333333,0.3333333333333333,0.3333333333333333,0.6666666666666666,0.0,0.0,0.3333333333333333,0.3333333333333333,0.0,0.3333333333333333,0.0,0.6666666666666666,0.6666666666666666,0.3333333333333333,0.0,0.0,0.3333333333333333,0.0,0.3333333333333333,0.3333333333333333,0.3333333333333333,0.3333333333333333,0.3333333333333333
BRCA2,0.3333333333333333,0.6666666666666666,0.3333333333333333,0.0,0.3333333333333333,0.0,0.0,0.3333333333333333,0.0,0.3333333333333333,0.0,0.3333333333333333,0.3333333333333333,0.0,0.3333333333333333,0.3333333333333333,0.3333333333333333,0.3333333333333333,0.3333333333333333,0.3333333333333333,0.3333333333333333,0.0,0.0,0.3333333333333333,0.3333333333333333,0.3333333333333333,0.3333333333333333,0.3333333333333333,0.3333333333333333,0.0,0.3333333333333333,0.0,0.0,0.3333333333333333,0.3333333333333333,0.3333333333333333,0.3333333333333333,0.6666666666666666,0.0,0.3333333333333333,0.3333333333333333,0.3333333333333333,0.0,0.0,0.3333333333333333,0.3333333333333333,0.3333333333333333,0.3333333333333333,0.3333333333333333,0.0,0.3333333333333333,0.3333333333333333,0.6666666666666666,0.0,0.3333333333333333,0.3333333333333333,0.0,0.3333333333333333,0.3333333333333333,0.3333333333333333,0.3333333333333333,0.0,0.3333333333333333,0.0,0.3333333333333333,0.3333333333333333,0.0,0.0,0.6666666666666666,0.0,0.3333333333333333,0.3333333333333333,0.3333333333333333,0.3333333333333333,0.3333333333333333,0.3333333333333333,0.3333333333333333,0.3333333333333333,0.3333333333333333,0.3333333333333333,0.0,0.3333333333333333,0.0,0.3333333333333333,0.3333333333333333,0.3333333333333333,0.3333333333333333,0.3333333333333333,0.3333333333333333,0.0,0.0,0.3333333333333333,0.3333333333333333,0.3333333333333333,0.3333333333333333,0.0,0.3333333333333333,0.0,0.3333333333333333,0.3333333333333333,0.0,0.0,0.3333333333333333,0.3333333333333333,0.3333333333333333,0.3333333333333333,0.0,0.3333333333333333,0.3333333333333333,0.0,0.3333333333333333,0.0
BRIP1,0.3333333333333333,0.3333333333333333,0.6666666666666666,0.3333333333333333,0.3333333333333333,0.3333333333333333,0.3333333333333333,0.3333333333333333,0.0,0.3333333333333333,0.0,0.3333333333333333,0.3333333333333333,0.3333333333333333,0.3333333333333333,0.3333333333333333,0.3333333333333333,0.3333333333333333,0.6666666666666666,0.0,0.0,0.3333333333333333,0.3333333333333333,0.3333333333333333,0.3333333333333333,0.6666666666666666,0.0,0.0,0.3333333333333333,0.0,0.3333333333333333,0.0,0.3333333333333333,0.0,0.3333333333333333,0.0,0.6666666666666666,0.3333333333333333,0.0,0.3333333333333333,0.0,0.6666666666666666,0.0,0.0,0.0,0.3333333333333333,0.3333333333333333,0.3333333333333333,0.3333333333333333,0.3333333333333333,0.0,0.3333333333333333,0.3333333333333333,0.3333333333333333,0.0,0.0,0.3333333333333333,0.0,0.3333333333333333,0.0,0.3333333333333333,0.3333333333333333,0.3333333333333333,0.3333333333333333,0.3333333333333333,0.3333333333333333,0.0,0.0,0.3333333333333333,0.0,0.3333333333333333,0.0,0.3333333333333333,0.3333333333333333,0.3333333333333333,0.3333333333333333,0.3333333333333333,0.3333333333333333,0.0,0.3333333333333333,0.3333333333333333,0.3333333333333333,0.3333333333333333,0.3333333333333333,0.0,0.3333333333333333,0.3333333333333333,0.3333333333333333,0.3333333333333333,0.0,0.0,0.3333333333333333,0.6666666666666666,0.3333333333333333,0.3333333333333333,0.3333333333333333,0.3333333333333333,0.0,0.3333333333333333,0.0,0.6666666666666666,0.3333333333333333,0.0,0.0,0.0,0.3333333333333333,0.3333333333333333,0.3333333333333333,0.3333333333333333,0.3333333333333333,0.3333333333333333,0.0
CHEK2,0.3333333333333333,0.3333333333333333,0.3333333333333333,0.3333333333333333,0.3333333333333333,0.3333333333333333,0.3333333333333333,0.0,0.0,0.3333333333333333,0.0,0.3333333333333333,0.0,0.0,0.3333333333333333,0.3333333333333333,0.3333333333333333,0.3333333333333333,0.3333333333333333,0.3333333333333333,0.0,0.3333333333333333,0.3333333333333333,0.3333333333333333,0.3333333333333333,0.3333333333333333,0.0,0.0,0.0,0.3333333333333333,0.0,0.0,0.0,0.0,0.0,0.0,0.0,0.0,0.0,0.0,0.3333333333333333,0.0,0.0,0.0,0.3333333333333333,0.0,0.3333333333333333,0.3333333333333333,0.3333333333333333,0.6666666666666666,0.0,0.3333333333333333,0.3333333333333333,0.3333333333333333,0.3333333333333333,0.3333333333333333,0.3333333333333333,0.3333333333333333,0.3333333333333333,0.0,0.3333333333333333,0.0,0.3333333333333333,0.3333333333333333,0.0,0.3333333333333333,0.0,0.0,0.3333333333333333,0.0,0.0,0.0,0.0,0.0,0.3333333333333333,0.3333333333333333,0.3333333333333333,0.0,0.3333333333333333,0.3333333333333333,0.0,0.3333333333333333,0.0,0.3333333333333333,0.3333333333333333,0.3333333333333333,0.3333333333333333,0.3333333333333333,0.0,0.0,0.0,0.0,0.3333333333333333,0.0,0.3333333333333333,0.0,0.3333333333333333,0.0,0.3333333333333333,0.0,0.3333333333333333,0.3333333333333333,0.3333333333333333,0.3333333333333333,0.3333333333333333,0.3333333333333333,0.0,0.3333333333333333,0.0,0.3333333333333333,0.3333333333333333,0.0
ERBB2,,,,,,,,,,,,,,,,,,,,,,,,,,,,,,,,,,,,,,,,,,,,,,,,,,,,,,,,,,,,,,,,,,,,,,,,,,,,,,,,,,,,,,,,,,,,,,,,,,,,,,,,,,,,,,,,
ESR1,,,,,,,,,,,,,,,,,,,,,,,,,,,,,,,,,,,,,,,,,,,,,,,,,,,,,,,,,,,,,,,,,,,,,,,,,,,,,,,,,,,,,,,,,,,,,,,,,,,,,,,,,,,,,,,,
HORMAD1,0.6666666666666666,0.3333333333333333,0.3333333333333333,0.3333333333333333,0.3333333333333333,0.3333333333333333,0.3333333333333333,0.3333333333333333,0.3333333333333333,0.3333333333333333,0.0,0.3333333333333333,0.3333333333333333,0.3333333333333333,0.3333333333333333,0.0,0.3333333333333333,0.3333333333333333,0.3333333333333333,0.3333333333333333,0.3333333333333333,0.3333333333333333,0.0,0.3333333333333333,0.0,0.3333333333333333,0.3333333333333333,0.6666666666666666,0.6666666666666666,0.3333333333333333,0.0,0.0,0.3333333333333333,0.0,0.3333333333333333,0.3333333333333333,0.6666666666666666,0.3333333333333333,0.6666666666666666,0.3333333333333333,0.3333333333333333,0.3333333333333333,0.3333333333333333,0.3333333333333333,0.3333333333333333,0.3333333333333333,0.3333333333333333,0.3333333333333333,0.3333333333333333,0.3333333333333333,0.0,0.0,0.3333333333333333,0.3333333333333333,0.3333333333333333,0.3333333333333333,0.3333333333333333,0.3333333333333333,0.3333333333333333,0.3333333333333333,0.0,0.3333333333333333,0.3333333333333333,0.3333333333333333,0.3333333333333333,0.3333333333333333,0.0,0.3333333333333333,0.3333333333333333,0.3333333333333333,0.3333333333333333,0.3333333333333333,0.3333333333333333,0.3333333333333333,0.3333333333333333,0.3333333333333333,0.3333333333333333,0.3333333333333333,0.3333333333333333,0.3333333333333333,0.3333333333333333,0.0,0.0,0.0,0.3333333333333333,0.3333333333333333,0.3333333333333333,0.3333333333333333,0.3333333333333333,0.3333333333333333,0.3333333333333333,0.3333333333333333,0.0,0.3333333333333333,0.3333333333333333,0.0,0.3333333333333333,0.3333333333333333,0.3333333333333333,0.3333333333333333,0.3333333333333333,0.3333333333333333,0.0,0.3333333333333333,0.3333333333333333,0.3333333333333333,0.3333333333333333,0.3333333333333333,0.3333333333333333,0.3333333333333333,0.3333333333333333,0.0
HORMAD2,0.6666666666666666,0.3333333333333333,0.3333333333333333,0.3333333333333333,0.3333333333333333,0.3333333333333333,0.3333333333333333,0.0,0.0,0.3333333333333333,0.0,0.3333333333333333,0.0,0.0,0.3333333333333333,0.0,0.3333333333333333,0.3333333333333333,0.3333333333333333,0.3333333333333333,0.0,0.3333333333333333,0.3333333333333333,0.3333333333333333,0.0,0.6666666666666666,0.0,0.0,0.0,0.3333333333333333,0.0,0.0,0.0,0.0,0.0,0.0,0.0,0.3333333333333333,0.0,0.0,0.3333333333333333,0.0,0.0,0.0,0.3333333333333333,0.0,0.3333333333333333,0.3333333333333333,0.3333333333333333,0.3333333333333333,0.0,0.3333333333333333,0.3333333333333333,0.3333333333333333,0.3333333333333333,0.3333333333333333,0.3333333333333333,0.3333333333333333,0.3333333333333333,0.0,0.3333333333333333,0.0,0.6666666666666666,0.0,0.0,0.3333333333333333,0.0,0.0,0.3333333333333333,0.0,0.0,0.0,0.0,0.0,0.3333333333333333,0.3333333333333333,0.0,0.0,0.0,0.3333333333333333,0.0,0.3333333333333333,0.0,0.3333333333333333,0.0,0.3333333333333333,0.3333333333333333,0.3333333333333333,0.0,0.3333333333333333,0.0,0.0,0.3333333333333333,0.0,0.3333333333333333,0.0,0.3333333333333333,0.0,0.6666666666666666,0.0,0.3333333333333333,0.3333333333333333,0.3333333333333333,0.3333333333333333,0.0,0.3333333333333333,0.0,0.3333333333333333,0.0,0.3333333333333333,0.3333333333333333,0.0
MLH3,0.3333333333333333,0.3333333333333333,0.6666666666666666,0.3333333333333333,0.3333333333333333,0.0,0.3333333333333333,0.3333333333333333,0.0,0.3333333333333333,0.0,0.3333333333333333,0.3333333333333333,0.0,0.3333333333333333,0.3333333333333333,0.3333333333333333,0.3333333333333333,0.6666666666666666,0.3333333333333333,0.3333333333333333,0.0,0.3333333333333333,0.3333333333333333,0.3333333333333333,0.6666666666666666,0.3333333333333333,0.3333333333333333,0.6666666666666666,0.0,0.0,0.0,0.0,0.0,0.3333333333333333,0.3333333333333333,0.6666666666666666,0.0,0.0,0.3333333333333333,0.3333333333333333,0.3333333333333333,0.3333333333333333,0.0,0.3333333333333333,0.3333333333333333,0.0,0.3333333333333333,0.3333333333333333,0.0,0.0,0.3333333333333333,0.0,0.0,0.3333333333333333,0.3333333333333333,0.3333333333333333,0.3333333333333333,0.3333333333333333,0.3333333333333333,0.3333333333333333,0.0,0.0,0.3333333333333333,0.3333333333333333,0.3333333333333333,0.0,0.0,0.0,0.0,0.3333333333333333,0.3333333333333333,0.3333333333333333,0.0,0.3333333333333333,0.3333333333333333,0.3333333333333333,0.3333333333333333,0.3333333333333333,0.6666666666666666,0.0,0.3333333333333333,0.0,0.3333333333333333,0.3333333333333333,0.6666666666666666,0.0,0.3333333333333333,0.3333333333333333,0.3333333333333333,0.6666666666666666,0.3333333333333333,0.3333333333333333,0.3333333333333333,0.3333333333333333,0.3333333333333333,0.3333333333333333,0.0,0.3333333333333333,0.3333333333333333,0.6666666666666666,0.3333333333333333,0.3333333333333333,0.0,0.3333333333333333,0.3333333333333333,0.3333333333333333,0.3333333333333333,0.0,0.3333333333333333,0.3333333333333333,0.0
MSH4,0.0,0.3333333333333333,0.3333333333333333,0.3333333333333333,0.3333333333333333,0.3333333333333333,0.0,0.3333333333333333,0.3333333333333333,0.3333333333333333,0.0,0.3333333333333333,0.0,0.0,0.3333333333333333,0.0,0.3333333333333333,0.3333333333333333,0.0,0.0,0.3333333333333333,0.3333333333333333,0.6666666666666666,0.3333333333333333,0.0,0.3333333333333333,0.6666666666666666,0.3333333333333333,0.3333333333333333,0.3333333333333333,0.3333333333333333,0.3333333333333333,0.3333333333333333,0.0,0.0,0.3333333333333333,0.0,0.3333333333333333,0.3333333333333333,0.0,0.3333333333333333,0.0,0.0,0.3333333333333333,0.0,0.0,0.3333333333333333,0.0,0.0,0.3333333333333333,0.0,0.0,0.0,0.3333333333333333,0.3333333333333333,0.0,0.0,0.3333333333333333,0.0,0.0,0.3333333333333333,0.0,0.3333333333333333,0.3333333333333333,0.0,0.6666666666666666,0.0,0.3333333333333333,0.3333333333333333,0.0,0.3333333333333333,0.3333333333333333,0.3333333333333333,0.3333333333333333,0.3333333333333333,0.3333333333333333,0.3333333333333333,0.6666666666666666,0.3333333333333333,0.3333333333333333,0.3333333333333333,0.0,0.3333333333333333,0.3333333333333333,0.0,0.3333333333333333,0.3333333333333333,0.3333333333333333,0.0,0.3333333333333333,0.3333333333333333,0.0,0.0,0.6666666666666666,0.3333333333333333,0.0,0.3333333333333333,0.3333333333333333,0.3333333333333333,0.3333333333333333,0.3333333333333333,0.3333333333333333,0.0,0.0,0.3333333333333333,0.3333333333333333,0.3333333333333333,0.3333333333333333,0.3333333333333333,0.3333333333333333,0.0,0.0
MSH5,0.3333333333333333,0.3333333333333333,0.6666666666666666,0.3333333333333333,0.0,0.3333333333333333,0.0,0.6666666666666666,0.3333333333333333,0.3333333333333333,0.0,0.3333333333333333,0.3333333333333333,0.3333333333333333,0.3333333333333333,0.0,0.3333333333333333,0.3333333333333333,0.3333333333333333,0.0,0.0,0.3333333333333333,0.0,0.6666666666666666,0.3333333333333333,0.3333333333333333,0.3333333333333333,0.3333333333333333,0.0,0.3333333333333333,0.3333333333333333,0.3333333333333333,0.3333333333333333,0.0,0.3333333333333333,0.0,0.3333333333333333,0.3333333333333333,0.0,0.0,0.0,0.3333333333333333,0.0,0.3333333333333333,0.3333333333333333,0.0,0.0,0.0,0.0,0.3333333333333333,0.0,0.0,0.3333333333333333,0.3333333333333333,0.3333333333333333,0.0,0.3333333333333333,0.3333333333333333,0.0,0.3333333333333333,0.3333333333333333,0.0,0.3333333333333333,0.0,0.0,0.3333333333333333,0.0,0.0,0.0,0.3333333333333333,0.0,0.0,0.3333333333333333,0.3333333333333333,0.3333333333333333,0.3333333333333333,0.3333333333333333,0.0,0.3333333333333333,0.3333333333333333,0.3333333333333333,0.3333333333333333,0.3333333333333333,0.0,0.3333333333333333,0.0,0.3333333333333333,0.3333333333333333,0.0,0.3333333333333333,0.3333333333333333,0.3333333333333333,0.3333333333333333,0.6666666666666666,0.3333333333333333,0.3333333333333333,0.3333333333333333,0.0,0.3333333333333333,0.3333333333333333,0.3333333333333333,0.3333333333333333,0.6666666666666666,0.3333333333333333,0.3333333333333333,0.3333333333333333,0.3333333333333333,0.0,0.3333333333333333,0.3333333333333333,0.3333333333333333,0.0
PALB2,0.3333333333333333,0.0,0.3333333333333333,0.3333333333333333,0.3333333333333333,0.0,0.3333333333333333,0.0,0.3333333333333333,0.3333333333333333,0.0,0.3333333333333333,0.3333333333333333,0.3333333333333333,0.3333333333333333,0.0,0.3333333333333333,0.0,0.3333333333333333,0.0,0.0,0.3333333333333333,0.3333333333333333,0.3333333333333333,0.0,0.3333333333333333,0.3333333333333333,0.3333333333333333,0.0,0.3333333333333333,0.0,0.3333333333333333,0.3333333333333333,0.0,0.0,0.0,0.3333333333333333,0.6666666666666666,0.0,0.0,0.3333333333333333,0.0,0.0,0.3333333333333333,0.0,0.0,0.3333333333333333,0.0,0.0,0.3333333333333333,0.0,0.3333333333333333,0.0,0.3333333333333333,0.3333333333333333,0.0,0.3333333333333333,0.3333333333333333,0.6666666666666666,0.0,0.3333333333333333,0.0,0.3333333333333333,0.3333333333333333,0.0,0.0,0.0,0.0,0.3333333333333333,0.0,0.3333333333333333,0.6666666666666666,0.3333333333333333,0.3333333333333333,0.3333333333333333,0.3333333333333333,0.3333333333333333,0.3333333333333333,0.3333333333333333,0.0,0.0,0.0,0.0,0.0,0.0,0.0,0.3333333333333333,0.0,0.0,0.3333333333333333,0.0,0.3333333333333333,0.3333333333333333,0.3333333333333333,0.3333333333333333,0.3333333333333333,0.3333333333333333,0.0,0.3333333333333333,0.0,0.0,0.3333333333333333,0.3333333333333333,0.0,0.6666666666666666,0.3333333333333333,0.0,0.0,0.3333333333333333,0.3333333333333333,0.3333333333333333,0.3333333333333333
PGR,,,,,,,,,,,,,,,,,,,,,,,,,,,,,,,,,,,,,,,,,,,,,,,,,,,,,,,,,,,,,,,,,,,,,,,,,,,,,,,,,,,,,,,,,,,,,,,,,,,,,,,,,,,,,,,,
RAD21,0.3333333333333333,0.3333333333333333,0.0,0.3333333333333333,0.3333333333333333,0.3333333333333333,0.3333333333333333,0.3333333333333333,0.3333333333333333,0.3333333333333333,0.0,0.3333333333333333,0.3333333333333333,0.3333333333333333,0.3333333333333333,0.3333333333333333,0.3333333333333333,0.3333333333333333,0.0,0.3333333333333333,0.3333333333333333,0.3333333333333333,0.3333333333333333,0.3333333333333333,0.3333333333333333,0.6666666666666666,0.3333333333333333,0.3333333333333333,0.3333333333333333,0.0,0.0,0.0,0.3333333333333333,0.0,0.3333333333333333,0.0,0.3333333333333333,0.3333333333333333,0.3333333333333333,0.3333333333333333,0.3333333333333333,0.6666666666666666,0.3333333333333333,0.3333333333333333,0.3333333333333333,0.3333333333333333,0.0,0.3333333333333333,0.3333333333333333,0.3333333333333333,0.3333333333333333,0.3333333333333333,0.3333333333333333,0.3333333333333333,0.3333333333333333,0.0,0.3333333333333333,0.3333333333333333,0.3333333333333333,0.3333333333333333,0.3333333333333333,0.0,0.3333333333333333,0.3333333333333333,0.3333333333333333,0.3333333333333333,0.3333333333333333,0.3333333333333333,0.3333333333333333,0.3333333333333333,0.3333333333333333,0.0,0.3333333333333333,0.0,0.0,0.3333333333333333,0.3333333333333333,0.3333333333333333,0.3333333333333333,0.3333333333333333,0.3333333333333333,0.3333333333333333,0.3333333333333333,0.3333333333333333,0.3333333333333333,0.3333333333333333,0.3333333333333333,0.3333333333333333,0.3333333333333333,0.3333333333333333,0.3333333333333333,0.3333333333333333,0.6666666666666666,0.0,0.3333333333333333,0.0,0.3333333333333333,0.3333333333333333,0.3333333333333333,0.3333333333333333,0.3333333333333333,0.3333333333333333,0.3333333333333333,0.3333333333333333,0.3333333333333333,0.3333333333333333,0.3333333333333333,0.3333333333333333,0.3333333333333333,0.3333333333333333,0.3333333333333333,0.0
RAD51,0.3333333333333333,0.3333333333333333,0.0,0.3333333333333333,0.3333333333333333,0.0,0.3333333333333333,0.6666666666666666,0.0,0.3333333333333333,0.0,0.3333333333333333,0.3333333333333333,0.3333333333333333,0.3333333333333333,0.3333333333333333,0.3333333333333333,0.3333333333333333,0.3333333333333333,0.3333333333333333,0.0,0.0,0.0,0.3333333333333333,0.3333333333333333,0.3333333333333333,0.3333333333333333,0.0,0.6666666666666666,0.0,0.3333333333333333,0.3333333333333333,0.3333333333333333,0.0,0.0,0.3333333333333333,0.6666666666666666,0.3333333333333333,0.0,0.3333333333333333,0.3333333333333333,0.3333333333333333,0.3333333333333333,0.3333333333333333,0.3333333333333333,0.3333333333333333,0.3333333333333333,0.3333333333333333,0.3333333333333333,0.3333333333333333,0.0,0.3333333333333333,0.3333333333333333,0.3333333333333333,0.0,0.3333333333333333,0.3333333333333333,0.3333333333333333,0.3333333333333333,0.3333333333333333,0.3333333333333333,0.0,0.3333333333333333,0.0,0.3333333333333333,0.3333333333333333,0.0,0.0,0.0,0.6666666666666666,0.3333333333333333,0.6666666666666666,0.3333333333333333,0.0,0.3333333333333333,0.0,0.3333333333333333,0.3333333333333333,0.0,0.0,0.3333333333333333,0.3333333333333333,0.3333333333333333,0.3333333333333333,0.3333333333333333,0.3333333333333333,0.0,0.3333333333333333,0.3333333333333333,0.3333333333333333,0.3333333333333333,0.0,0.3333333333333333,0.3333333333333333,0.3333333333333333,0.0,0.3333333333333333,0.3333333333333333,0.3333333333333333,0.3333333333333333,0.3333333333333333,0.3333333333333333,0.0,0.3333333333333333,0.3333333333333333,0.3333333333333333,0.3333333333333333,0.0,0.0,0.3333333333333333,0.3333333333333333,0.0
RAD51B,0.3333333333333333,0.3333333333333333,0.6666666666666666,0.3333333333333333,0.3333333333333333,0.0,0.3333333333333333,0.3333333333333333,0.0,0.3333333333333333,0.0,0.3333333333333333,0.3333333333333333,0.0,0.3333333333333333,0.3333333333333333,0.3333333333333333,0.3333333333333333,0.3333333333333333,0.3333333333333333,0.3333333333333333,0.0,0.3333333333333333,0.3333333333333333,0.3333333333333333,0.6666666666666666,0.3333333333333333,0.3333333333333333,0.3333333333333333,0.3333333333333333,0.3333333333333333,0.0,0.3333333333333333,0.0,0.3333333333333333,0.3333333333333333,0.3333333333333333,0.3333333333333333,0.0,0.3333333333333333,0.3333333333333333,0.6666666666666666,0.3333333333333333,0.0,0.3333333333333333,0.3333333333333333,0.0,0.3333333333333333,0.3333333333333333,0.0,0.0,0.3333333333333333,0.0,0.3333333333333333,0.3333333333333333,0.3333333333333333,0.3333333333333333,0.3333333333333333,0.3333333333333333,0.3333333333333333,0.3333333333333333,0.0,0.3333333333333333,0.3333333333333333,0.3333333333333333,0.3333333333333333,0.0,0.0,0.0,0.0,0.3333333333333333,0.3333333333333333,0.3333333333333333,0.0,0.3333333333333333,0.3333333333333333,0.3333333333333333,0.3333333333333333,0.6666666666666666,0.3333333333333333,0.3333333333333333,0.3333333333333333,0.3333333333333333,0.3333333333333333,0.0,0.3333333333333333,0.0,0.3333333333333333,0.3333333333333333,0.3333333333333333,0.6666666666666666,0.6666666666666666,0.3333333333333333,0.3333333333333333,0.3333333333333333,0.3333333333333333,0.3333333333333333,0.0,0.3333333333333333,0.3333333333333333,0.6666666666666666,0.3333333333333333,0.3333333333333333,0.0,0.3333333333333333,0.3333333333333333,0.3333333333333333,0.3333333333333333,0.0,0.3333333333333333,0.3333333333333333,0.0
RAD51C,0.3333333333333333,0.3333333333333333,0.3333333333333333,0.3333333333333333,0.3333333333333333,0.3333333333333333,0.3333333333333333,0.3333333333333333,0.0,0.3333333333333333,0.0,0.3333333333333333,0.3333333333333333,0.3333333333333333,0.3333333333333333,0.3333333333333333,0.3333333333333333,0.3333333333333333,0.3333333333333333,0.3333333333333333,0.0,0.3333333333333333,0.3333333333333333,0.3333333333333333,0.3333333333333333,0.6666666666666666,0.0,0.0,0.3333333333333333,0.3333333333333333,0.3333333333333333,0.0,0.3333333333333333,0.0,0.3333333333333333,0.0,0.3333333333333333,0.3333333333333333,0.0,0.3333333333333333,0.0,0.6666666666666666,0.0,0.0,0.0,0.3333333333333333,0.3333333333333333,0.3333333333333333,0.3333333333333333,0.3333333333333333,0.0,0.3333333333333333,0.3333333333333333,0.3333333333333333,0.0,0.0,0.0,0.0,0.3333333333333333,0.0,0.3333333333333333,0.3333333333333333,0.3333333333333333,0.3333333333333333,0.3333333333333333,0.3333333333333333,0.0,0.0,0.3333333333333333,0.0,0.3333333333333333,0.0,0.3333333333333333,0.3333333333333333,0.3333333333333333,0.3333333333333333,0.3333333333333333,0.3333333333333333,0.0,0.3333333333333333,0.3333333333333333,0.3333333333333333,0.3333333333333333,0.3333333333333333,0.0,0.3333333333333333,0.3333333333333333,0.3333333333333333,0.3333333333333333,0.0,0.0,0.3333333333333333,0.6666666666666666,0.0,0.3333333333333333,0.3333333333333333,0.3333333333333333,0.0,0.3333333333333333,0.0,0.6666666666666666,0.3333333333333333,0.3333333333333333,0.0,0.0,0.3333333333333333,0.0,0.3333333333333333,0.3333333333333333,0.3333333333333333,0.3333333333333333,0.0
RAD51D,0.3333333333333333,0.3333333333333333,0.3333333333333333,0.3333333333333333,0.3333333333333333,0.0,0.3333333333333333,0.0,0.0,0.3333333333333333,0.0,0.3333333333333333,0.3333333333333333,0.3333333333333333,0.3333333333333333,0.3333333333333333,0.3333333333333333,0.3333333333333333,0.3333333333333333,0.3333333333333333,0.0,0.3333333333333333,0.3333333333333333,0.3333333333333333,0.3333333333333333,0.3333333333333333,0.0,0.0,0.0,0.3333333333333333,0.0,0.3333333333333333,0.0,0.0,0.3333333333333333,0.0,0.3333333333333333,0.3333333333333333,0.0,0.3333333333333333,0.0,0.6666666666666666,0.3333333333333333,0.0,0.3333333333333333,0.3333333333333333,0.3333333333333333,0.3333333333333333,0.3333333333333333,0.0,0.0,0.3333333333333333,0.0,0.3333333333333333,0.0,0.3333333333333333,0.0,0.0,0.3333333333333333,0.0,0.3333333333333333,0.3333333333333333,0.3333333333333333,0.3333333333333333,0.3333333333333333,0.3333333333333333,0.0,0.0,0.3333333333333333,0.6666666666666666,0.3333333333333333,0.0,0.3333333333333333,0.3333333333333333,0.3333333333333333,0.3333333333333333,0.3333333333333333,0.3333333333333333,0.0,0.3333333333333333,0.3333333333333333,0.3333333333333333,0.3333333333333333,0.3333333333333333,0.0,0.0,0.3333333333333333,0.3333333333333333,0.3333333333333333,0.3333333333333333,0.3333333333333333,0.3333333333333333,0.3333333333333333,0.3333333333333333,0.0,0.3333333333333333,0.3333333333333333,0.0,0.3333333333333333,0.0,0.3333333333333333,0.3333333333333333,0.6666666666666666,0.3333333333333333,0.0,0.3333333333333333,0.3333333333333333,0.3333333333333333,0.0,0.6666666666666666,0.3333333333333333,0.0
REC8,0.3333333333333333,0.3333333333333333,0.3333333333333333,0.0,0.3333333333333333,0.3333333333333333,0.3333333333333333,0.0,0.0,0.3333333333333333,0.0,0.3333333333333333,0.3333333333333333,0.0,0.3333333333333333,0.6666666666666666,0.3333333333333333,0.3333333333333333,0.3333333333333333,0.3333333333333333,0.3333333333333333,0.3333333333333333,0.3333333333333333,0.6666666666666666,0.3333333333333333,0.0,0.3333333333333333,0.3333333333333333,0.0,0.0,0.0,0.0,0.3333333333333333,0.0,0.3333333333333333,0.3333333333333333,0.3333333333333333,0.3333333333333333,0.3333333333333333,0.3333333333333333,0.3333333333333333,0.3333333333333333,0.0,0.0,0.0,0.3333333333333333,0.3333333333333333,0.3333333333333333,0.3333333333333333,0.3333333333333333,0.0,0.3333333333333333,0.0,0.0,0.3333333333333333,0.3333333333333333,0.3333333333333333,0.3333333333333333,0.3333333333333333,0.3333333333333333,0.3333333333333333,0.0,0.3333333333333333,0.3333333333333333,0.3333333333333333,0.3333333333333333,0.0,0.0,0.0,0.3333333333333333,0.0,0.3333333333333333,0.6666666666666666,0.0,0.6666666666666666,0.3333333333333333,0.0,0.3333333333333333,0.3333333333333333,0.6666666666666666,0.0,0.3333333333333333,0.0,0.3333333333333333,0.0,0.3333333333333333,0.0,0.3333333333333333,0.3333333333333333,0.0,0.3333333333333333,0.3333333333333333,0.3333333333333333,0.3333333333333333,0.3333333333333333,0.3333333333333333,0.3333333333333333,0.0,0.3333333333333333,0.3333333333333333,0.3333333333333333,0.3333333333333333,0.3333333333333333,0.0,0.3333333333333333,0.3333333333333333,0.3333333333333333,0.3333333333333333,0.0,0.3333333333333333,0.3333333333333333,0.3333333333333333
SMC1A,0.3333333333333333,0.0,0.3333333333333333,0.3333333333333333,0.3333333333333333,0.0,0.0,0.3333333333333333,0.3333333333333333,0.0,0.0,0.3333333333333333,0.3333333333333333,0.3333333333333333,0.3333333333333333,0.0,0.0,0.0,0.3333333333333333,0.3333333333333333,0.0,0.0,0.0,0.3333333333333333,0.0,0.3333333333333333,0.0,0.0,0.0,0.0,0.3333333333333333,0.3333333333333333,0.3333333333333333,0.0,0.3333333333333333,0.3333333333333333,0.6666666666666666,0.3333333333333333,0.3333333333333333,0.0,0.3333333333333333,0.3333333333333333,0.0,0.0,0.0,0.3333333333333333,0.0,0.3333333333333333,0.3333333333333333,0.3333333333333333,0.0,0.0,0.3333333333333333,0.0,0.0,0.3333333333333333,0.0,0.0,0.0,0.0,0.3333333333333333,0.0,0.0,0.0,0.0,0.3333333333333333,0.0,0.0,0.0,0.3333333333333333,0.0,0.0,0.0,0.0,0.0,0.3333333333333333,0.3333333333333333,0.0,0.3333333333333333,0.0,0.6666666666666666,0.3333333333333333,0.3333333333333333,0.0,0.0,0.3333333333333333,0.3333333333333333,0.0,0.3333333333333333,0.3333333333333333,0.6666666666666666,0.0,0.6666666666666666,0.0,0.3333333333333333,0.0,0.0,0.3333333333333333,0.0,0.3333333333333333,0.6666666666666666,0.3333333333333333,0.0,0.0,0.6666666666666666,0.3333333333333333,0.0,0.0,0.3333333333333333,0.0,0.0,0.0
SMC1B,0.6666666666666666,0.3333333333333333,0.0,0.3333333333333333,0.3333333333333333,0.0,0.3333333333333333,0.3333333333333333,0.0,0.3333333333333333,0.0,0.3333333333333333,0.0,0.0,0.6666666666666666,0.0,0.3333333333333333,0.3333333333333333,0.3333333333333333,0.3333333333333333,0.0,0.3333333333333333,0.3333333333333333,0.3333333333333333,0.6666666666666666,0.3333333333333333,0.0,0.0,0.0,0.3333333333333333,0.3333333333333333,0.3333333333333333,0.3333333333333333,0.0,0.3333333333333333,0.3333333333333333,0.0,0.3333333333333333,0.0,0.0,0.3333333333333333,0.0,0.0,0.3333333333333333,0.3333333333333333,0.0,0.3333333333333333,0.3333333333333333,0.3333333333333333,0.3333333333333333,0.0,0.3333333333333333,0.3333333333333333,0.3333333333333333,0.3333333333333333,0.3333333333333333,0.3333333333333333,0.3333333333333333,0.3333333333333333,0.3333333333333333,0.6666666666666666,0.0,0.3333333333333333,0.0,0.0,0.3333333333333333,0.0,0.0,0.0,0.0,0.0,0.3333333333333333,0.3333333333333333,0.0,0.3333333333333333,0.3333333333333333,0.0,0.0,0.3333333333333333,0.3333333333333333,0.0,0.3333333333333333,0.3333333333333333,0.3333333333333333,0.0,0.3333333333333333,0.3333333333333333,0.3333333333333333,0.3333333333333333,0.3333333333333333,0.3333333333333333,0.0,0.3333333333333333,0.0,0.3333333333333333,0.3333333333333333,0.3333333333333333,0.0,0.3333333333333333,0.3333333333333333,0.3333333333333333,0.3333333333333333,0.3333333333333333,0.3333333333333333,0.3333333333333333,0.3333333333333333,0.0,0.3333333333333333,0.0,0.3333333333333333,0.3333333333333333,0.0
STAG2,0.3333333333333333,0.0,0.3333333333333333,0.3333333333333333,0.3333333333333333,0.3333333333333333,0.3333333333333333,0.3333333333333333,0.3333333333333333,0.0,0.0,0.3333333333333333,0.0,0.3333333333333333,0.3333333333333333,0.3333333333333333,0.0,0.0,0.3333333333333333,0.3333333333333333,0.0,0.3333333333333333,0.0,0.6666666666666666,0.3333333333333333,0.0,0.0,0.0,0.0,0.3333333333333333,0.3333333333333333,0.3333333333333333,0.3333333333333333,0.0,0.3333333333333333,0.3333333333333333,0.0,0.3333333333333333,0.3333333333333333,0.0,0.3333333333333333,0.3333333333333333,0.0,0.0,0.0,0.3333333333333333,0.0,0.3333333333333333,0.3333333333333333,0.3333333333333333,0.0,0.0,0.0,0.0,0.0,0.0,0.0,0.3333333333333333,0.0,0.0,0.3333333333333333,0.0,0.0,0.0,0.0,0.3333333333333333,0.0,0.0,0.0,0.3333333333333333,0.0,0.0,0.3333333333333333,0.0,0.0,0.3333333333333333,0.3333333333333333,0.3333333333333333,0.3333333333333333,0.0,0.6666666666666666,0.3333333333333333,0.3333333333333333,0.0,0.0,0.3333333333333333,0.3333333333333333,0.0,0.3333333333333333,0.3333333333333333,0.3333333333333333,0.3333333333333333,0.3333333333333333,0.0,0.3333333333333333,0.0,0.0,0.3333333333333333,0.0,0.3333333333333333,0.0,0.3333333333333333,0.0,0.0,0.3333333333333333,0.3333333333333333,0.0,0.0,0.3333333333333333,0.0,0.0,0.0
STAG3,0.0,0.3333333333333333,0.3333333333333333,0.0,0.3333333333333333,0.3333333333333333,0.3333333333333333,0.3333333333333333,0.3333333333333333,0.3333333333333333,0.0,0.3333333333333333,0.0,0.0,0.3333333333333333,0.0,0.3333333333333333,0.3333333333333333,0.0,0.0,0.3333333333333333,0.3333333333333333,0.3333333333333333,0.3333333333333333,0.6666666666666666,0.6666666666666666,0.0,0.6666666666666666,0.0,0.0,0.0,0.3333333333333333,0.3333333333333333,0.0,0.3333333333333333,0.0,0.3333333333333333,0.3333333333333333,0.3333333333333333,0.0,0.3333333333333333,0.3333333333333333,0.0,0.0,0.0,0.3333333333333333,0.3333333333333333,0.0,0.3333333333333333,0.3333333333333333,0.0,0.3333333333333333,0.0,0.3333333333333333,0.3333333333333333,0.0,0.3333333333333333,0.3333333333333333,0.3333333333333333,0.3333333333333333,0.3333333333333333,0.0,0.3333333333333333,0.0,0.3333333333333333,0.0,0.0,0.3333333333333333,0.0,0.0,0.3333333333333333,0.3333333333333333,0.3333333333333333,0.6666666666666666,0.0,0.0,0.0,0.3333333333333333,0.3333333333333333,0.3333333333333333,0.0,0.0,0.0,0.3333333333333333,0.0,0.3333333333333333,0.0,0.3333333333333333,0.0,0.3333333333333333,0.3333333333333333,0.3333333333333333,0.0,0.0,0.3333333333333333,0.0,0.3333333333333333,0.3333333333333333,0.0,0.0,0.6666666666666666,0.0,0.3333333333333333,0.3333333333333333,0.0,0.3333333333333333,0.3333333333333333,0.0,0.0,0.3333333333333333,0.3333333333333333,0.0
SYCP2,0.3333333333333333,0.3333333333333333,0.3333333333333333,0.3333333333333333,0.3333333333333333,0.3333333333333333,0.3333333333333333,0.0,0.3333333333333333,0.6666666666666666,0.0,0.3333333333333333,0.3333333333333333,0.3333333333333333,0.3333333333333333,0.6666666666666666,0.3333333333333333,0.3333333333333333,0.3333333333333333,0.0,0.0,0.3333333333333333,0.0,0.3333333333333333,0.3333333333333333,0.3333333333333333,0.3333333333333333,0.0,0.0,0.0,0.3333333333333333,0.0,0.6666666666666666,0.0,0.0,0.0,0.3333333333333333,0.3333333333333333,0.3333333333333333,0.0,0.3333333333333333,0.0,0.3333333333333333,0.0,0.3333333333333333,0.0,0.3333333333333333,0.3333333333333333,0.3333333333333333,0.3333333333333333,0.0,0.0,0.3333333333333333,0.0,0.3333333333333333,0.0,0.0,0.3333333333333333,0.3333333333333333,0.3333333333333333,0.0,0.0,0.0,0.3333333333333333,0.3333333333333333,0.3333333333333333,0.0,0.0,0.3333333333333333,0.3333333333333333,0.3333333333333333,0.3333333333333333,0.3333333333333333,0.0,0.3333333333333333,0.3333333333333333,0.3333333333333333,0.3333333333333333,0.3333333333333333,0.3333333333333333,0.3333333333333333,0.0,0.0,0.3333333333333333,0.0,0.3333333333333333,0.3333333333333333,0.3333333333333333,0.0,0.3333333333333333,0.3333333333333333,0.3333333333333333,0.3333333333333333,0.0,0.3333333333333333,0.0,0.3333333333333333,0.3333333333333333,0.3333333333333333,0.3333333333333333,0.0,0.0,0.0,0.3333333333333333,0.3333333333333333,0.3333333333333333,0.3333333333333333,0.0,0.3333333333333333,0.0,0.3333333333333333,0.0
SYCP3,0.0,0.3333333333333333,0.3333333333333333,0.3333333333333333,0.3333333333333333,0.0,0.0,0.3333333333333333,0.0,0.3333333333333333,0.0,0.0,0.3333333333333333,0.3333333333333333,0.0,0.0,0.3333333333333333,0.3333333333333333,0.3333333333333333,0.0,0.0,0.3333333333333333,0.3333333333333333,0.0,0.0,0.6666666666666666,0.0,0.0,0.0,0.3333333333333333,0.0,0.0,0.0,0.0,0.3333333333333333,0.3333333333333333,0.6666666666666666,0.3333333333333333,0.0,0.3333333333333333,0.3333333333333333,0.3333333333333333,0.3333333333333333,0.3333333333333333,0.3333333333333333,0.3333333333333333,0.3333333333333333,0.0,0.0,0.0,0.0,0.0,0.0,0.3333333333333333,0.0,0.0,0.0,0.3333333333333333,0.3333333333333333,0.0,0.0,0.0,0.3333333333333333,0.3333333333333333,0.3333333333333333,0.3333333333333333,0.3333333333333333,0.0,0.6666666666666666,0.0,0.0,0.3333333333333333,0.0,0.0,0.3333333333333333,0.3333333333333333,0.0,0.0,0.0,0.3333333333333333,0.0,0.3333333333333333,0.0,0.3333333333333333,0.0,0.3333333333333333,0.0,0.3333333333333333,0.0,0.3333333333333333,0.6666666666666666,0.3333333333333333,0.3333333333333333,0.0,0.3333333333333333,0.3333333333333333,0.3333333333333333,0.0,0.3333333333333333,0.3333333333333333,0.3333333333333333,0.3333333333333333,0.3333333333333333,0.0,0.0,0.3333333333333333,0.0,0.0,0.0,0.3333333333333333,0.3333333333333333,0.0
