model,outcome,predictor,N,status,reason,beta,se,ci_low,ci_high,p,r_squared,hc3_se,hc3_ci_low,hc3_ci_high,hc3_p,spearman_rho,spearman_p,pearson_r,pearson_p,vif,coefficient_stability_warning,breusch_pagan_p,shapiro_residual_p,reset_quadratic_p,cooks_threshold,influential_n,gene,fdr,incremental_r_squared,incremental_f_p
Canonical single gene,HRD_total,BRCA1_expr_z,103,estimated,,-3.7398206711017843,2.221603913974696,-8.146885231384674,0.6672438891811052,0.09538866239393376,0.02729163587485628,2.376459852000928,-8.454077756628193,0.9744364144246238,0.1186856196503911,-0.17388678034564847,0.07898104938457867,-0.16520180348548363,0.09538866239393416,{'BRCA1_expr_z': 1.0},False,0.8819876963797134,0.06812710906586925,0.005766806107386396,0.038834951456310676,6,BRCA1,0.1240052611121139,,
Candidate beyond canonical BRCA1,HRD_total,candidate_mean_z,103,estimated,,17.94943311840009,3.827277579500779,10.356223407469692,25.54264282933049,8.673365542473223e-06,0.20266458532487852,3.8258276604581543,10.359100005554318,25.539766231245864,8.611864135403273e-06,0.3538653107356274,0.00024550761780329974,0.38016405826091193,7.465452030491522e-05,"{'candidate_mean_z': 1.0367812980155122, 'BRCA1_expr_z': 1.0367812980155122}",False,0.11636136238803865,0.3348105217793731,0.9760065477650267,0.038834951456310676,8,BRCA1,0.0001127537520521519,0.17537294945002224,8.673365542473308e-06
Canonical single gene,HRD_total,BRCA2_expr_z,103,estimated,,6.2689217893254146,2.2182912529298706,1.8684286574591953,10.669414921191635,0.0056816280106056945,0.07327847874355853,2.3065927394097208,1.693262261128261,10.844581317522568,0.0077343693902611945,0.24332394203219576,0.013261309955895985,0.2706999792086406,0.005681628010605709,{'BRCA2_expr_z': 1.0},False,0.08171579646195008,0.004121432192659034,0.6928359312235564,0.038834951456310676,7,BRCA2,0.024620388045958008,,
Candidate beyond canonical BRCA2,HRD_total,candidate_mean_z,103,estimated,,13.62028423414812,4.230805259833797,5.226487098530965,22.01408136976527,0.0017332233376020593,0.16030431253914001,4.428046482234768,4.83516613102325,22.40540233727299,0.002706769897812967,0.3538653107356274,0.00024550761780329974,0.38016405826091193,7.465452030491522e-05,"{'candidate_mean_z': 1.2030188568095574, 'BRCA2_expr_z': 1.203018856809558}",False,0.9543336099430509,0.02092752612626311,0.30997404209236223,0.038834951456310676,4,BRCA2,0.0021250926114141882,0.08702583379558149,0.0017332233376020423
Canonical single gene,HRD_total,PALB2_expr_z,103,estimated,,4.989679910020041,2.2724063553111233,0.4818369718358202,9.497522848204262,0.030397112054282846,0.045561694682023646,2.3762797985850224,0.2757800020369414,9.703579818003142,0.03823940400234556,0.15003612327397778,0.13035754636799593,0.21345185565373662,0.03039711205428308,{'PALB2_expr_z': 1.0},False,0.1918498844366025,0.005678294767943624,0.9099462014740769,0.038834951456310676,5,PALB2,0.06586040945094616,,
Candidate beyond canonical PALB2,HRD_total,candidate_mean_z,103,estimated,,15.059959838812846,4.381985193446262,6.366226020747455,23.753693656878237,0.0008589687880649208,0.14638643743604796,4.624713253011621,5.884660463841236,24.235259213784456,0.001540992170777126,0.3538653107356274,0.00024550761780329974,0.38016405826091193,7.465452030491522e-05,"{'candidate_mean_z': 1.2694885585760698, 'PALB2_expr_z': 1.2694885585760693}",False,0.9057134870730472,0.012695164894855462,0.488754099770745,0.038834951456310676,6,PALB2,0.0013958242806054962,0.10082474275402431,0.0008589687880649128
Canonical single gene,HRD_total,RAD51_expr_z,103,estimated,,4.449235943663584,2.3669330096284864,-0.24612244928900928,9.144594336616178,0.06302469223197545,0.033802098079297904,2.6347836502441258,-0.777466069220937,9.675937956548106,0.09437116582171406,0.13189819843504266,0.18414700117093055,0.18385346904341487,0.06302469223197553,{'RAD51_expr_z': 1.0},False,0.40487049698291633,0.015572148866231648,0.7766890890383117,0.038834951456310676,9,RAD51,0.09103566655729786,,
Candidate beyond canonical RAD51,HRD_total,candidate_mean_z,103,estimated,,15.184470552469765,3.8996777026117906,7.447621059354873,22.921320045584658,0.00017830311322661598,0.16100607591226868,4.2046749308856155,6.842515245253523,23.526425859686007,0.00047836869264305344,0.3538653107356274,0.00024550761780329974,0.38016405826091193,7.465452030491522e-05,"{'candidate_mean_z': 1.0229323214139658, 'RAD51_expr_z': 1.0229323214139656}",False,0.6896921351898291,0.01942212687810662,0.2579149291237168,0.038834951456310676,7,RAD51,0.0004635880943892015,0.12720397783297077,0.00017830311322661734
Canonical single gene,HRD_total,RAD51B_expr_z,103,estimated,,1.7493725736401862,2.1861098074548257,-2.587281227119524,6.086026374399896,0.4254605611877139,0.006300202507584118,2.6010443098589486,-3.41039966370536,6.909144810985732,0.502759601392325,0.11779763724135807,0.2359952367075564,0.07937381499955966,0.42546056118771364,{'RAD51B_expr_z': 1.0},False,0.12811303755449113,0.004461939636662643,0.4301999737194451,0.038834951456310676,5,RAD51B,0.46091560795335673,,
Candidate beyond canonical RAD51B,HRD_total,candidate_mean_z,103,estimated,,15.944615084021597,3.9658148525016688,8.076551369213753,23.81267879882944,0.00011276694387218786,0.1445755800942523,4.397800277200912,7.219504590225085,24.66972557781811,0.00045564886637913647,0.3538653107356274,0.00024550761780329974,0.38016405826091193,7.465452030491522e-05,"{'candidate_mean_z': 1.0376037010923764, 'RAD51B_expr_z': 1.0376037010923767}",False,0.8814866511674826,0.014665451504659479,0.5293931677904111,0.038834951456310676,6,RAD51B,0.00036649256758461055,0.1382753775866682,0.00011276694387218737
Canonical single gene,HRD_total,RAD51C_expr_z,103,estimated,,-1.8077037847721857,2.1763019859689474,-6.124901505979595,2.5094939364352227,0.40814136477154517,0.006784817862459103,2.095090475636357,-5.963799715141697,2.348392145597325,0.3902759548934567,-0.0045152556685659284,0.9638954404988891,-0.08237000584229397,0.408141364771544,{'RAD51C_expr_z': 1.0},False,0.4656137303201715,0.017207039469475643,0.0071092260970626,0.038834951456310676,3,RAD51C,0.46091560795335673,,
Candidate beyond canonical RAD51C,HRD_total,candidate_mean_z,103,estimated,,17.05317391087153,3.8978416925507546,9.31996700942532,24.786380812317738,2.9846346572777247e-05,0.1663523656697632,4.136787966491117,8.845904407487975,25.260443414255082,7.752942264041675e-05,0.3538653107356274,0.00024550761780329974,0.38016405826091193,7.465452030491522e-05,"{'candidate_mean_z': 1.0285233542490868, 'RAD51C_expr_z': 1.0285233542490866}",False,0.7833779505751917,0.06938182961244471,0.9361441099030257,0.038834951456310676,5,RAD51C,0.00017855311477911297,0.1595675478073041,2.984634657277656e-05
Canonical single gene,HRD_total,RAD51D_expr_z,103,estimated,,4.535302281571312,2.1812688983681428,0.20825154224900366,8.86235302089362,0.04013200513931321,0.04104596585695108,2.1682703469589133,0.2340371716720906,8.836567391470533,0.03897647225746625,0.25561730235610153,0.009160175179263014,0.2025980401113279,0.040132005139313136,{'RAD51D_expr_z': 1.0},False,0.7897681707442697,0.0017077897851670613,0.12845879443448147,0.038834951456310676,6,RAD51D,0.06705425486245803,,
Candidate beyond canonical RAD51D,HRD_total,candidate_mean_z,103,estimated,,15.315893748338766,4.380111826197309,6.625876637538894,24.005910859138638,0.0007041637937199783,0.14552167842696073,4.426706448543961,6.533434233890219,24.098353262787313,0.0007958287398541858,0.3538653107356274,0.00024550761780329974,0.38016405826091193,7.465452030491522e-05,"{'candidate_mean_z': 1.2671196739672526, 'RAD51D_expr_z': 1.267119673967253}",False,0.9140252658401051,0.01031634877653147,0.37589489125282194,0.038834951456310676,2,RAD51D,0.001332286367113564,0.10447571257000965,0.0007041637937199711
Canonical single gene,HRD_total,BRIP1_expr_z,103,estimated,,8.00069948132952,2.2314493111106937,3.574104301512233,12.427294661146806,0.0005203119774259651,0.11290902357703292,2.2141366417604305,3.608447980445052,12.392950982213986,0.00047294280738629184,0.3207259707739993,0.000956563571198217,0.3360193797640739,0.0005203119774259627,{'BRIP1_expr_z': 1.0},False,0.10181614682843963,0.023308806206609144,0.17772932912514977,0.038834951456310676,7,BRIP1,0.006764055706537547,,
Candidate beyond canonical BRIP1,HRD_total,candidate_mean_z,103,estimated,,12.079872836020513,4.275368050945206,3.5976643920557034,20.56208127998532,0.005700889132873325,0.1784917740393155,4.605520463659259,2.9426514084835933,21.217094263557435,0.010082056968908112,0.3538653107356274,0.00024550761780329974,0.38016405826091193,7.465452030491522e-05,"{'candidate_mean_z': 1.25569274436907, 'BRIP1_expr_z': 1.2556927443690695}",False,0.426094502588343,0.040771733308297524,0.17080778955697873,0.038834951456310676,7,BRIP1,0.005700889132873325,0.06558275046228257,0.005700889132873274
Canonical single gene,HRD_total,ATM_expr_z,103,estimated,,1.366359987610632,2.263606900635304,-3.1240271995246824,5.856747174745946,0.5474491335892074,0.003594537171459078,2.3021430926376643,-3.200472638332904,5.9331926135541675,0.5541623831014013,0.034463155796329234,0.7296456473306139,0.059954459145746944,0.5474491335892064,{'ATM_expr_z': 1.0000000000000004},False,0.6952495480882035,0.008643431712510247,0.19154681947525973,0.038834951456310676,4,ATM,0.5474491335892074,,
Candidate beyond canonical ATM,HRD_total,candidate_mean_z,103,estimated,,18.424616450444944,4.2941120932875405,9.90522036033233,26.94401254055756,4.1204564949026065e-05,0.15851130982618078,4.510403549737877,9.476104271050872,27.373128629839016,8.903205979287928e-05,0.3538653107356274,0.00024550761780329974,0.38016405826091193,7.465452030491522e-05,"{'candidate_mean_z': 1.2366498725361308, 'ATM_expr_z': 1.2366498725361308}",False,0.9241917788611822,0.027641394829833823,0.48804227353009455,0.038834951456310676,4,ATM,0.00017855311477911297,0.1549167726547217,4.120456494902607e-05
Canonical single gene,HRD_total,CHEK2_expr_z,103,estimated,,7.126354786217883,2.1465131299154834,2.868250142304218,11.384459430131548,0.0012533424184493131,0.09839289376072635,2.1083337860509612,2.943987690398088,11.308721882037677,0.0010311534350351105,0.2702726577377729,0.005761143697949998,0.3136764156909578,0.0012533424184493142,{'CHEK2_expr_z': 1.0},False,0.06463410023227688,0.015516659351507705,0.37919682069715954,0.038834951456310676,5,CHEK2,0.008146725719920535,,
Candidate beyond canonical CHEK2,HRD_total,candidate_mean_z,103,estimated,,13.000299343004066,4.052908490552964,4.95944433086429,21.041154355143842,0.0017981552865812362,0.1825049483069099,4.193129808821549,4.681249229139956,21.319349456868174,0.00251098320732344,0.3538653107356274,0.00024550761780329974,0.38016405826091193,7.465452030491522e-05,"{'candidate_mean_z': 1.1339574269966737, 'CHEK2_expr_z': 1.1339574269966732}",False,0.500497514257323,0.0859706368135532,0.26362572653681726,0.038834951456310676,7,CHEK2,0.0021250926114141882,0.08411205454618353,0.0017981552865812091
Canonical single gene,HRD_total,STAG2_expr_z,103,estimated,,5.564225518170387,2.1510555981252484,1.2971098392393898,9.831341197101384,0.011113412534850271,0.062133500974234535,2.2652342634840585,1.0706100808990549,10.05784095544172,0.015741341996367703,0.22204950747701835,0.024178916226797482,0.24926592421395005,0.011113412534850261,{'STAG2_expr_z': 1.0},False,0.39121743326121194,0.024852675561016082,0.45728294898439537,0.038834951456310676,5,STAG2,0.028894872590610705,,
Candidate beyond canonical STAG2,HRD_total,candidate_mean_z,103,estimated,,14.139433606945989,4.334387508169223,5.540132240814373,22.738734973077605,0.0015130772621854078,0.1523385762290318,4.76848539809755,4.678894390977488,23.599972822914488,0.00378264591557923,0.3538653107356274,0.00024550761780329974,0.38016405826091193,7.465452030491522e-05,"{'candidate_mean_z': 1.250781183192862, 'STAG2_expr_z': 1.250781183192862}",False,0.8698332443397384,0.01593215984932115,0.4459379043344144,0.038834951456310676,8,STAG2,0.0021250926114141882,0.09020507525479726,0.0015130772621854145
Canonical single gene,HRD_total,RAD21_expr_z,103,estimated,,5.68025981411588,2.1859374749344087,1.3439478747197269,10.016571753512032,0.010761988665961371,0.06266626411317511,2.3638445149807223,0.9910281637483012,10.36949146448346,0.018087430556312945,0.20892120936525124,0.034185867103143155,0.2503323073699741,0.010761988665961453,{'RAD21_expr_z': 1.0},False,0.7371901316185996,0.02412312135646617,0.008841566695726706,0.038834951456310676,7,RAD21,0.028894872590610705,,
Candidate beyond canonical RAD21,HRD_total,candidate_mean_z,103,estimated,,14.958407921473093,4.7978082379104325,5.439693026475773,24.477122816470413,0.002380007810103099,0.14570711012485837,4.816671061915904,5.40226972089139,24.514546122054796,0.0024713482446829024,0.3538653107356274,0.00024550761780329974,0.38016405826091193,7.465452030491522e-05,"{'candidate_mean_z': 1.520642996397224, 'RAD21_expr_z': 1.5206429963972241}",False,0.3591359256902396,0.011979644689224344,0.28872591068733466,0.038834951456310676,6,RAD21,0.0025783417942783575,0.08304084601168327,0.0023800078101030957
Canonical single gene,HRD_total,SMC1A_expr_z,103,estimated,,4.5833036685388695,2.2170616932251517,0.18524965237879965,8.981357684698938,0.041264156838435706,0.04059587587022162,2.2801711398916007,0.06005748645162967,9.10654985062611,0.04709028820646136,0.21485366206847653,0.02929938391846424,0.20148418267998516,0.04126415683843639,{'SMC1A_expr_z': 1.0},False,0.35455035512067345,0.02636609746815003,0.6944857124321907,0.038834951456310676,5,SMC1A,0.06705425486245803,,
Candidate beyond canonical SMC1A,HRD_total,candidate_mean_z,103,estimated,,15.593365534650015,4.4665898407482345,6.731778506009034,24.454952563290995,0.0007173849669073036,0.14482360515781922,4.51372786198236,6.638258014444455,24.548473054855577,0.0008097350981031865,0.3538653107356274,0.00024550761780329974,0.38016405826091193,7.465452030491522e-05,"{'candidate_mean_z': 1.3165723474997546, 'SMC1A_expr_z': 1.3165723474997546}",False,0.9621617697492391,0.015060405276957197,0.44907695773101475,0.038834951456310676,6,SMC1A,0.001332286367113564,0.1042277292875976,0.0007173849669073088
