model,outcome,predictor,N,status,reason,beta,se,ci_low,ci_high,p,r_squared,hc3_se,hc3_ci_low,hc3_ci_high,hc3_p,spearman_rho,spearman_p,pearson_r,pearson_p,vif,coefficient_stability_warning,breusch_pagan_p,shapiro_residual_p,reset_quadratic_p,cooks_threshold,influential_n
Adjust Proliferation,HRD_total,candidate_mean_z,103,estimated,,12.887990434535991,3.901266697421643,5.147988420975389,20.627992448096595,0.0013254672264941883,0.20864411930200755,4.501069395264048,3.9579969517668037,21.817983917305177,0.0051080831695266785,0.3538653107356274,0.00024550761780329974,0.38016405826091193,7.465452030491522e-05,"{'candidate_mean_z': 1.0853947914703619, 'proliferation': 1.0853947914703617}",False,0.465879008971365,0.0524930302771735,0.1297271074298471,0.038834951456310676,5.0
Adjust Purity,HRD_total,candidate_mean_z,100,estimated,,16.08824398133062,4.156177176923697,7.839382773053423,24.33710518960782,0.000196649268798335,0.16458885961636105,4.570634222492851,7.016800265100024,25.159687697561218,0.0006592689903102735,0.3770611044688316,0.00011020437137289212,0.39819848795420837,4.079250120591679e-05,"{'candidate_mean_z': 1.0895231366005806, 'purity': 1.0895231366005806}",False,0.8021996259276574,0.02501223482945853,0.5078129582250379,0.04,6.0
Adjust BRCA1/2,HRD_total,candidate_mean_z,0,unavailable,fewer than 10 complete patients,,,,,,,,,,,,,,,,,,,,,
Adjust FGA,HRD_total,candidate_mean_z,102,estimated,,11.69648746738591,3.834674363333248,4.087661592144315,19.305313342627507,0.0029346916992996903,0.2506320562936778,4.463535077145105,2.8398655036609775,20.553109431110844,0.010164459460367078,0.3552019978832241,0.0002489211991293411,0.37861739684447937,8.714749938101972e-05,"{'candidate_mean_z': 1.094956110478994, 'FGA': 1.094956110478994}",False,0.4214343204924351,0.07882836816695987,0.28841010395078226,0.0392156862745098,7.0
Adjust PAM50,HRD_total,candidate_mean_z,80,estimated,,11.385254745971636,4.3826589647589005,2.652616134144891,20.11789335779838,0.011314967193534801,0.2777077997055353,4.970526972709996,1.4812635588769627,21.28924593306631,0.02483938269042088,0.357079655373514,0.0011481681574523205,0.3768999286097712,0.0005688395046276342,"{'candidate_mean_z': 1.1238374547233145, 'PAM50_Her2': 1.0855167841219993, 'PAM50_LumA': 1.010074979900958, 'PAM50_LumB': 1.004369875888647, 'PAM50_Normal': 1.0463768348756426}",False,0.06819778895136053,0.029188800695064507,0.7037331874230998,0.05,4.0
Prespecified alternative predictor,HRD_total,candidate_median_z,103,estimated,,14.928337191406008,3.835553503770109,7.319630792751976,22.53704359006004,0.00017842335650730733,0.13042280843250686,4.223316464666448,6.550413385451316,23.306260997360702,0.0006175453068656946,0.36550717112610315,0.00014677967152024624,0.36114098138055045,0.00017842335650730944,{'candidate_median_z': 1.0000000000000002},False,0.8458885585272136,0.03284968193570329,0.43144035468554254,0.038834951456310676,8.0
Prespecified alternative predictor,HRD_total,HORMAD1_z,103,estimated,,7.119835749865414,2.078989675791467,2.995679475319462,11.243992024411366,0.0008909124507058961,0.10404046966891023,2.046900024158866,3.059336712134841,11.180334787595989,0.0007458047204416943,0.29158530997813137,0.0028046413750498034,0.32255304938708984,0.0008909124507058833,{'HORMAD1_z': 0.9999999999999998},False,0.804476977717155,0.018088376439964828,0.549572480151679,0.038834951456310676,3.0
Prespecified alternative predictor,HRD_total,STAG3_z,103,estimated,,2.534584373637358,2.112253332537011,-1.655558048064064,6.72472679533878,0.23296846853619252,0.014055700819773365,2.3527935444402788,-2.1327251238571714,7.201893871131888,0.28392778935505797,0.14536706327606902,0.14289254807537655,0.11855674092928548,0.23296846853619324,{'STAG3_z': 0.9999999999999998},False,0.701701865478995,0.0023212686126854723,0.621658602768064,0.038834951456310676,4.0
Prespecified alternative predictor,HRD_total,REC8_z,103,estimated,,3.0173025285667183,2.28735711178662,-1.5201986887545331,7.55480374588797,0.1901112661620946,0.01693674141834267,2.5331066139025844,-2.007699595045594,8.04230465217903,0.2363875928869288,0.15426574233090698,0.1197442131416564,0.13014123642544206,0.19011126616209612,{'REC8_z': 1.0},False,0.7709468517881946,0.006497789387626067,0.38881336785903087,0.038834951456310676,5.0
Exploratory candidate conditional on HORMAD1,HRD_total,candidate_mean_z,103,estimated,,12.497899836214682,4.21415948616148,4.137127441465962,20.8586722309634,0.0037769061238257786,0.1764724373544858,4.495551668215428,3.5788533667565368,21.416946305672827,0.006494483499755221,0.3538653107356274,0.00024550761780329974,0.38016405826091193,7.465452030491522e-05,"{'candidate_mean_z': 1.2170042148348543, 'HORMAD1_expr_z': 1.2170042148348543}",False,0.6794825767557137,0.04727487714076298,0.4471755345279914,0.038834951456310676,4.0
Exploratory candidate conditional on HORMAD2,HRD_total,candidate_mean_z,103,estimated,,16.95252323067819,4.147208773816894,8.724579142361042,25.180467318995333,8.81239825565221e-05,0.1481737600585361,4.308573980973726,8.404435167293164,25.500611294063212,0.0001539935619405177,0.3538653107356274,0.00024550761780329974,0.38016405826091193,7.465452030491522e-05,"{'candidate_mean_z': 1.139486198836991, 'HORMAD2_expr_z': 1.1394861988369913}",False,0.7830368149285414,0.014541933213231484,0.6390820480831729,0.038834951456310676,3.0
Exploratory candidate conditional on STAG3,HRD_total,candidate_mean_z,103,estimated,,20.9540470231836,4.8952396902465605,11.242030901750217,30.666063144616977,4.282792032946663e-05,0.16673229270572965,4.777274112812037,11.476071247537776,30.432022798829422,2.8591446344336845e-05,0.3538653107356274,0.00024550761780329974,0.38016405826091193,7.465452030491522e-05,"{'candidate_mean_z': 1.6229743560663774, 'STAG3_expr_z': 1.6229743560663776}",False,0.4062419398822651,0.08356097137311554,0.6764277576011156,0.038834951456310676,6.0
Exploratory candidate conditional on REC8,HRD_total,candidate_mean_z,103,estimated,,16.003530022430372,4.1439514249773515,7.782048421436533,24.22501162342421,0.00019978570481728506,0.1445247132488926,4.589018843058053,6.899047340174507,25.10801270468624,0.0007264255326708507,0.3538653107356274,0.00024550761780329974,0.38016405826091193,7.465452030491522e-05,"{'candidate_mean_z': 1.132844056036678, 'REC8_expr_z': 1.1328440560366784}",False,0.9516111243926477,0.014794820730165456,0.492067848663284,0.038834951456310676,5.0
Exploratory candidate conditional on SMC1B,HRD_total,candidate_mean_z,103,estimated,,14.583441866673011,4.786067427099131,5.088020405928818,24.078863327417203,0.002955784305404725,0.14673232255701185,5.359328851439262,3.9506860674121285,25.216197665933894,0.007674790000753029,0.3538653107356274,0.00024550761780329974,0.38016405826091193,7.465452030491522e-05,"{'candidate_mean_z': 1.5150278534361796, 'SMC1B_expr_z': 1.51502785343618}",False,0.9339005440476217,0.01305814615971944,0.573575139231819,0.038834951456310676,4.0
Exploratory candidate conditional on SYCP2,HRD_total,candidate_mean_z,103,estimated,,21.28722853298482,5.535698613590978,10.304560148899197,32.26989691707044,0.00021182064679331017,0.15942860446499463,5.09598537503471,11.176938690480082,31.397518375489557,6.318709235759095e-05,0.3538653107356274,0.00024550761780329974,0.38016405826091193,7.465452030491522e-05,"{'candidate_mean_z': 2.05739913976398, 'SYCP2_expr_z': 2.057399139763981}",False,0.703452580749022,0.03329103214516495,0.8996517476942587,0.038834951456310676,5.0
Exploratory candidate conditional on SYCP3,HRD_total,candidate_mean_z,103,estimated,,15.167555780611396,4.478547955806393,6.282244192280684,24.05286736894211,0.00101242259168832,0.14573605492744568,4.86905578637886,5.5074877786933545,24.827623782529436,0.0023996862600173087,0.3538653107356274,0.00024550761780329974,0.38016405826091193,7.465452030491522e-05,"{'candidate_mean_z': 1.3250451207079537, 'SYCP3_expr_z': 1.3250451207079537}",False,0.968788748048442,0.015084106206613577,0.36149461971859187,0.038834951456310676,6.0
Exploratory candidate conditional on MSH4,HRD_total,candidate_mean_z,103,estimated,,14.275241820541883,4.375621932905527,5.594132530153784,22.95635111092998,0.001511651393953195,0.15071145885980697,4.871985377306706,4.609361593662287,23.94112204742148,0.00419879432871986,0.3538653107356274,0.00024550761780329974,0.38016405826091193,7.465452030491522e-05,"{'candidate_mean_z': 1.2722504201044265, 'MSH4_expr_z': 1.272250420104427}",False,0.5787461853355682,0.02633313736652577,0.5977517490241534,0.038834951456310676,2.0
Exploratory candidate conditional on MSH5,HRD_total,candidate_mean_z,103,estimated,,17.97244645903332,5.469320369963999,7.121470619748337,28.823422298318306,0.0014019348789898274,0.1467620463817031,6.746254564744052,4.588069546370294,31.35682337169635,0.009000677950386789,0.3538653107356274,0.00024550761780329974,0.38016405826091193,7.465452030491522e-05,"{'candidate_mean_z': 1.9785400574789171, 'MSH5_expr_z': 1.9785400574789171}",False,0.630871162047637,0.014922660789852958,0.28901901639040767,0.038834951456310676,2.0
PAM50 basal within clinical TNBC,HRD_total,candidate_mean_z,68,estimated,,11.217829822026117,4.805957840624991,1.6224253984493764,20.813234245602857,0.02264159709751243,0.0762546141364202,5.394209380964307,0.44794330361400725,21.987716340438226,0.04144999645945812,0.24736955949001382,0.04197487995264638,0.276142380188953,0.0226415970975126,{'candidate_mean_z': 1.0},False,0.6879821086383986,0.005844026794980212,0.7552838800068611,0.058823529411764705,2.0
Exclude BRCA1/2 altered (requires known negatives),HRD_total,candidate_mean_z,0,unavailable,fewer than 10 complete patients,,,,,,,,,,,,,,,,,,,,,
Exclude Cook's distance >4/N,HRD_total,candidate_mean_z,97,estimated,,20.484449222242418,3.8128911222033572,12.914903295616927,28.05399514886791,5.517256676074266e-07,0.23302288499576373,3.667616472942613,13.203309938846264,27.765588505638572,2.2136811269833571e-07,0.4488584126809813,4.002325837338088e-06,0.48272444002325354,5.51725667607433e-07,{'candidate_mean_z': 1.0},False,0.3376854876382309,0.050041884783316976,0.5596450088909233,0.041237113402061855,4.0
