patient_id,sample_id,expression_sample_id,predictor_role,n_genes_scored,predictor_status,candidate_mean_z,candidate_median_z,HORMAD1_z,STAG3_z,REC8_z
TCGA-A1-A0SK,TCGA-A1-A0SK-01,TCGA-A1-A0SK-01A|507952aa-23c0-4239-ae19-04d8f862acc2,expression_predictor,9,complete,1.1564854420598791,1.0248792820628496,-1.2578605714406594,2.182163605868775,-0.9129974308341876
TCGA-A1-A0SP,TCGA-A1-A0SP-01,TCGA-A1-A0SP-01A-11R-A084-07,expression_predictor,9,complete,0.04248287896719918,-0.23287352758422164,-0.23287352758422164,-0.6163425440479671,-1.147603349072218
TCGA-A2-A0CM,TCGA-A2-A0CM-01,TCGA-A2-A0CM-01A|8fb0660c-fb39-47f0-8450-1f7abff3b656,expression_predictor,9,complete,0.3762959159065514,0.47281657864869275,0.8197503229707249,-0.6509071137570429,1.0182141381546737
TCGA-A2-A0D0,TCGA-A2-A0D0-01,TCGA-A2-A0D0-01A|d2a12641-a25f-4aab-99a4-433cf664ae73,expression_predictor,9,complete,-0.6082079401928617,-0.7199547483856693,-1.3204975210462855,-1.0071655209489137,0.7074891034488354
TCGA-A2-A0D2,TCGA-A2-A0D2-01,TCGA-A2-A0D2-01A|64bfe46f-8152-4c70-b69d-ea412a4dfcff,expression_predictor,9,complete,-0.128826532291063,-0.21795677425329715,1.0152903586503261,0.2455685578986348,0.0675225965414498
TCGA-A2-A0SX,TCGA-A2-A0SX-01,TCGA-A2-A0SX-01A|6e112ec6-1791-4764-8a62-7ad4dfea2d3b,expression_predictor,9,complete,0.6784632708226362,0.706955699663478,-0.6937257941183331,-0.16288216264263103,0.706955699663478
TCGA-A2-A0T0,TCGA-A2-A0T0-01,TCGA-A2-A0T0-01A|bbd09e9b-84ba-458f-a595-b03069b843dd,expression_predictor,9,complete,-0.735166142372427,-0.8686955704956424,0.5444071072753044,-0.6118997536432103,-1.456926745269337
TCGA-A2-A0T2,TCGA-A2-A0T2-01,TCGA-A2-A0T2-01A|54600389-6de5-44ce-ada1-8a8508b50980,expression_predictor,9,complete,-0.32045648016801753,-0.4888105230150044,0.2883257636837097,-0.7271280129075478,-1.5421825032850773
TCGA-A2-A0YE,TCGA-A2-A0YE-01,TCGA-A2-A0YE-01A|c94fb480-7f46-4c24-bcb1-26f66a57c45a,expression_predictor,9,complete,0.12743329160854233,0.07942283111261933,0.8718575456364049,0.07942283111261933,-0.6465652244495211
TCGA-A2-A1G6,TCGA-A2-A1G6-01,TCGA-A2-A1G6-01A|0c3ddae2-366f-4b21-ab46-a2cfe1963e42,expression_predictor,9,complete,-0.03911399173541105,-0.060459064773794716,-1.2739367724671695,-0.10493473856148922,-0.060459064773794716
TCGA-A2-A3XT,TCGA-A2-A3XT-01,TCGA-A2-A3XT-01A-11R-A22U-07,expression_predictor,9,complete,0.41973799305945647,0.24127851772541106,0.24127851772541106,-0.5432267323226235,0.9857093246992725
TCGA-A2-A3XX,TCGA-A2-A3XX-01,TCGA-A2-A3XX-01A|c0f6d246-c872-41a5-8135-2bdbdb1f924f,expression_predictor,9,complete,0.6115264440082684,0.8233388870081825,0.8233388870081825,2.106830275716889,0.322672608624071
TCGA-A2-A3XY,TCGA-A2-A3XY-01,TCGA-A2-A3XY-01A|fc9fab5b-52f0-4c79-bdf3-750c650a0fdc,expression_predictor,9,complete,0.4867090369697098,0.35522966023361685,0.8973475100395003,0.000621868155448555,1.5811708428529323
TCGA-A7-A0DA,TCGA-A7-A0DA-01,TCGA-A7-A0DA-01A|3293a2fa-d57c-448e-a336-a92def5dd92a,expression_predictor,9,complete,0.018218843386774798,0.04110488228077041,0.6036214765748233,-0.3717212878820144,0.21849997975373528
TCGA-A7-A26G,TCGA-A7-A26G-01,TCGA-A7-A26G-01A|cd417f4e-c065-4e73-a7c7-955b2fe71add,expression_predictor,9,complete,-0.31488630557874364,-0.18261462619512756,1.1156066350908131,-0.18261462619512756,-1.2072167280018178
TCGA-A7-A4SE,TCGA-A7-A4SE-01,TCGA-A7-A4SE-01A|87b7171a-7340-4e1e-849b-c52351f23ab0,expression_predictor,9,complete,0.5780062516914458,0.7306918618410861,0.7489769353436618,0.797972926085468,1.1555439853820924
TCGA-A7-A6VV,TCGA-A7-A6VV-01,TCGA-A7-A6VV-01A|1aa289bb-8ac9-4e9e-be61-3164afbe06a2,expression_predictor,9,complete,-0.44847716181856573,-0.33051070135864263,-1.303858678234477,-0.5098291511287399,-0.47809023345369184
TCGA-A7-A6VW,TCGA-A7-A6VW-01,TCGA-A7-A6VW-01A|b4835808-46fa-4b6c-a933-92acc9908319,expression_predictor,9,complete,-0.36235978271907643,-0.6296143490030305,-0.033310095429341546,-0.6740741293715318,0.7705967705114558
TCGA-A7-A6VY,TCGA-A7-A6VY-01,TCGA-A7-A6VY-01A|9f06e9cd-8184-4b66-a2e0-96da9a7159e8,expression_predictor,9,complete,-0.047779970822269105,-0.21971877878365453,-1.2641315423394999,-0.7170728816821366,1.1283269557025744
TCGA-A8-A07C,TCGA-A8-A07C-01,TCGA-A8-A07C-01A|d9ea5bde-aa1a-4210-976f-b2f67c6d0191,expression_predictor,9,complete,0.7680734447175603,0.7843861021620487,1.2030728999444167,0.09355132213321767,-1.4680934605983094
TCGA-A8-A07O,TCGA-A8-A07O-01,TCGA-A8-A07O-01A|d1237195-a00b-4c52-86b3-4627c42eb14c,expression_predictor,9,complete,-0.3317789647813963,-0.6033440659524432,1.1175575845069057,-0.8659563933954687,-1.413037257201694
TCGA-A8-A08R,TCGA-A8-A08R-01,TCGA-A8-A08R-01A|f6cb208f-cc43-4245-8392-dc5ada57bb9b,expression_predictor,9,complete,0.47612068421504816,0.6719121170450294,0.6719121170450294,-0.31546462173097056,0.8302803448141836
TCGA-A8-A09X,TCGA-A8-A09X-01,TCGA-A8-A09X-01A|09f1c0ee-ee22-435f-88c9-d9f5c936c45c,expression_predictor,9,complete,-0.7032791686047909,-0.8001907027778585,-1.2530173180657718,-0.648366103448537,-0.5734965779540577
TCGA-AC-A2BK,TCGA-AC-A2BK-01,TCGA-AC-A2BK-01A|bd86e2d9-6098-4f78-9e9b-f2f95367c739,expression_predictor,9,complete,0.22357356177001336,-0.12515495674201643,1.7903389317071732,0.3307170160702524,-1.055441289044788
TCGA-AC-A2QH,TCGA-AC-A2QH-01,TCGA-AC-A2QH-01A|ff570f9a-a252-496d-a452-344063851a7b,expression_predictor,9,complete,-0.6763972934365973,-0.9826093210730068,-1.1779606123540096,-0.1191694696670965,-2.207408479230491
TCGA-AC-A2QJ,TCGA-AC-A2QJ-01,TCGA-AC-A2QJ-01A|a260d9e5-d88e-44eb-8431-4266c1baf68a,expression_predictor,9,complete,-1.0559775678463963,-1.0371764024721093,-1.3204975210462855,-0.8841582892849206,-0.28306104971153656
TCGA-AC-A6IW,TCGA-AC-A6IW-01,TCGA-AC-A6IW-01A|3208ca18-f70a-415e-8d10-5e9cb8a24b52,expression_predictor,9,complete,-0.26998703702243393,-0.33051070135864263,1.2286571812134846,-0.18204878240755526,0.9812853609165134
TCGA-AC-A7VC,TCGA-AC-A7VC-01,TCGA-AC-A7VC-01A|aedc877a-f4b9-4657-b5c9-b7768b5751c9,expression_predictor,9,complete,-0.5285942549325897,-0.4704503178291148,-0.5409481720653108,0.1272051000233967,-0.8359404525328634
TCGA-AN-A04D,TCGA-AN-A04D-01,TCGA-AN-A04D-01A|d141392c-757b-44f5-b531-0bcc136d8b17,expression_predictor,9,complete,0.2478053901652124,0.41181027230705036,1.1524010022304112,-0.5124497387985465,-0.9762740066103487
TCGA-AN-A0AL,TCGA-AN-A0AL-01,TCGA-AN-A0AL-01A|f52fccc4-745f-4e5d-bff8-8d2009b6588d,expression_predictor,9,complete,-0.47064743337905474,-0.41957001565816804,-1.3204975210462855,-0.6341685831884667,-0.41957001565816804
TCGA-AN-A0AR,TCGA-AN-A0AR-01,TCGA-AN-A0AR-01A|422ef158-74dd-4a5e-88a6-5b0da33004d1,expression_predictor,9,complete,0.21577822043917128,-0.22023596395372433,0.8343532313851479,2.473270548823694,-0.9215002019638883
TCGA-AN-A0AT,TCGA-AN-A0AT-01,TCGA-AN-A0AT-01A|4dd3d7e2-8a60-41e8-8812-a06f413afe2b,expression_predictor,9,complete,0.45673012435634736,0.5995373885497983,0.8058326996474733,0.9209236534013566,-0.3442087597537858
TCGA-AN-A0G0,TCGA-AN-A0G0-01,TCGA-AN-A0G0-01A|e94299a9-67bc-4c30-963c-1476fbb7d5ff,expression_predictor,9,complete,-0.09552675541213626,-0.25810117435604346,0.8358456121638673,-0.6899437184895164,-0.16471907371573694
TCGA-AN-A0XU,TCGA-AN-A0XU-01,TCGA-AN-A0XU-01A|5fbe4a11-de4d-418e-9bc3-75b768d4a665,expression_predictor,9,complete,0.4949375852522119,0.5131351879417454,0.5131351879417454,0.66204075869405,0.47629400960622903
TCGA-AO-A03U,TCGA-AO-A03U-01,TCGA-AO-A03U-01B|7806768a-e8c6-48b0-a241-c036c230e78b,expression_predictor,9,complete,-0.849197563132667,-0.6891041658274198,-1.2280237219180778,-0.4342994663207181,-0.38390880086794427
TCGA-AO-A0J4,TCGA-AO-A0J4-01,TCGA-AO-A0J4-01A|7fa9ad2e-67a7-449f-be73-9e18dc46b529,expression_predictor,9,complete,0.010165847040646932,0.021060582190980552,1.3347860406482512,-0.668823771220554,0.035613140958531055
TCGA-AO-A0J6,TCGA-AO-A0J6-01,TCGA-AO-A0J6-01A|0f0b1a31-1f88-40e0-bd25-320046de4970,expression_predictor,9,complete,-0.048457592673051636,-0.2289201752463387,0.7601391477069788,-0.10404239476518634,-0.40879843979635605
TCGA-AO-A124,TCGA-AO-A124-01,TCGA-AO-A124-01A|a63cca36-139d-4054-9d99-9b04ddae7ec2,expression_predictor,9,complete,0.7036627974704551,0.6860364766956213,1.1184800020086147,2.856373195263361,-0.8257362872818621
TCGA-AO-A128,TCGA-AO-A128-01,TCGA-AO-A128-01A-11R-A10J-07,expression_predictor,9,complete,0.16263446805198828,0.01989605961653488,-0.4848432161549121,0.3512661494916086,1.6437359400679545
TCGA-AO-A129,TCGA-AO-A129-01,TCGA-AO-A129-01A|bdef0c66-0755-4581-b813-87c8512754ba,expression_predictor,9,complete,0.30105991373822516,0.34782624298806053,1.093508130357418,-0.3905469745687276,0.6732230047908089
TCGA-AO-A12F,TCGA-AO-A12F-01,TCGA-AO-A12F-01A|d6882616-b77d-4d4c-90dc-7318c57876e1,expression_predictor,9,complete,0.019465382729414542,-0.0045642318197355,0.09411822804174094,-0.5890541471466958,-1.093772627953242
TCGA-AO-A1KR,TCGA-AO-A1KR-01,TCGA-AO-A1KR-01A|707414cc-7f34-41c6-8803-6641521a4069,expression_predictor,9,complete,-0.5088818585635694,-0.5596033367985479,-1.2751876130398019,-0.8014527284463384,-0.07928417844331061
TCGA-AQ-A04J,TCGA-AQ-A04J-01,TCGA-AQ-A04J-01A|eb914a22-6e3f-4296-89d4-a960902fba2b,expression_predictor,9,complete,-0.032917120337258805,-0.042658628127660046,0.29207655696675616,-0.042658628127660046,0.015765038577982688
TCGA-AR-A0TS,TCGA-AR-A0TS-01,TCGA-AR-A0TS-01A|ad1ea8c5-ca8b-49e9-a650-6012d71daf24,expression_predictor,9,complete,0.6670966416586617,0.4482130119268977,0.4482130119268977,-0.16325426539629548,0.5884045472877212
TCGA-AR-A0TU,TCGA-AR-A0TU-01,TCGA-AR-A0TU-01A|017d71aa-0999-4d8e-9cb4-88b9013e61eb,expression_predictor,9,complete,0.21764581150225434,-0.33051070135864263,0.3375267244438671,-0.38363913733719907,2.272460739142644
TCGA-AR-A0U1,TCGA-AR-A0U1-01,,expression_predictor,0,no_complete_valid_local_STAR,,,,,
TCGA-AR-A0U4,TCGA-AR-A0U4-01,TCGA-AR-A0U4-01A|1f5bbb4e-9b0e-4953-a360-83fd7b6a2267,expression_predictor,9,complete,0.5449782002780001,0.3516951525840883,0.9532518258801977,-0.74830190541926,0.06345013377079152
TCGA-AR-A1AR,TCGA-AR-A1AR-01,TCGA-AR-A1AR-01A|7235fd65-e9cb-45f1-ac78-cad80823325e,expression_predictor,9,complete,0.3120006876575597,0.10396793150737528,0.19889719815657442,1.9486273502631228,-0.434293159179739
TCGA-AR-A1AY,TCGA-AR-A1AY-01,TCGA-AR-A1AY-01A|58764dda-7c61-4705-a834-4d654c60ef2b,expression_predictor,9,complete,0.7526219940507322,0.9382781495073146,-1.188201255702969,2.0352885785083905,-1.1579336165392573
TCGA-AR-A256,TCGA-AR-A256-01,TCGA-AR-A256-01A|398fa6bf-78af-473b-8f2c-a2b3b605131f,expression_predictor,9,complete,-0.11602345091684957,-0.19206342764265164,1.4219973673448099,-0.7503710297630126,-1.205079247781098
TCGA-AR-A2LR,TCGA-AR-A2LR-01,TCGA-AR-A2LR-01A|7acdca8d-6231-4077-b7ac-eec857c43092,expression_predictor,9,complete,0.31590555790370006,-0.27611353421423024,-0.4045700531581366,1.2044975208241768,-0.6731710046500231
TCGA-AR-A5QQ,TCGA-AR-A5QQ-01,TCGA-AR-A5QQ-01A|f55eb7a0-34e6-4d0d-9427-7d7896ddf060,expression_predictor,9,complete,-0.7006964624648763,-0.7126676084336458,-0.2150628504198836,-0.7126676084336458,0.4079835719313261
TCGA-B6-A3ZX,TCGA-B6-A3ZX-01,TCGA-B6-A3ZX-01A|f6565f25-4317-4615-a437-af79da929ecd,expression_predictor,9,complete,0.4659149531122456,0.5331771868672885,0.6690917722612719,0.2949367038255145,1.091514904944729
TCGA-B6-A400,TCGA-B6-A400-01,TCGA-B6-A400-01A|ee39aea6-23f8-470f-863c-545ef6c5ea77,expression_predictor,9,complete,0.35636736437316163,0.7150123123278463,0.9434215511510534,-0.2847725125376234,1.272411273487519
TCGA-B6-A402,TCGA-B6-A402-01,TCGA-B6-A402-01A|c4ceaaf8-4803-45d7-9937-42d25db60148,expression_predictor,9,complete,0.3999173583749446,-0.08529816701826798,0.863840876259871,-0.5736950158067342,-0.15641184071164468
TCGA-BH-A0B3,TCGA-BH-A0B3-01,TCGA-BH-A0B3-01A|37939d7d-074b-42b7-8d68-95a8afef4c38,expression_predictor,9,complete,-0.2136521382968021,-0.20990187131103905,-0.24879306868544182,-0.6584696032334495,0.33871628240859136
TCGA-BH-A0B9,TCGA-BH-A0B9-01,TCGA-BH-A0B9-01A|4f464ced-080f-41f1-9a00-955db0d5fda6,expression_predictor,9,complete,0.08689592914601142,0.09594992522862815,-1.2754054223980993,2.4158683890134864,0.230427777001773
TCGA-BH-A0BG,TCGA-BH-A0BG-01,TCGA-BH-A0BG-01A|742a677b-e99b-4916-bb92-3536c55ee5e3,expression_predictor,9,complete,-0.24020977255983292,-0.4659102345013078,1.4194160053894318,-0.2878185643648021,-0.4659102345013078
TCGA-BH-A0BL,TCGA-BH-A0BL-01,TCGA-BH-A0BL-01A|8a7fe670-bcef-4fcb-9759-9892ff5f4f61,expression_predictor,9,complete,0.2685113028472071,0.046024983586815074,-0.6083116051714688,1.447389389178349,0.7900573299899898
TCGA-BH-A0E0,TCGA-BH-A0E0-01,TCGA-BH-A0E0-01A|7882ff91-e415-48ae-9151-26b55f1cfc57,expression_predictor,9,complete,-0.4368958106758337,-0.5038123474038537,0.5390977448735733,-0.5038123474038537,-1.6450009535899612
TCGA-BH-A0RX,TCGA-BH-A0RX-01,TCGA-BH-A0RX-01A|77f150b1-5f40-442d-91c5-6d3571513513,expression_predictor,9,complete,-0.36369254065342294,-0.666871011514849,0.5863867805400369,-0.666871011514849,-0.4344157526370697
TCGA-BH-A0WA,TCGA-BH-A0WA-01,TCGA-BH-A0WA-01A|7789d241-991c-4cc9-a557-69d5c439b930,expression_predictor,9,complete,0.5132982455138064,0.7655038215792628,0.6155293451038732,0.9253962102350654,-0.51619725968717
TCGA-BH-A18G,TCGA-BH-A18G-01,TCGA-BH-A18G-01A|ff1f2f31-8607-4627-b487-c5e39e7c30f5,expression_predictor,9,complete,-0.8628989345675114,-0.9828820412712994,0.5044645337331726,-0.9973727158323199,-0.8167444083068783
TCGA-BH-A18V,TCGA-BH-A18V-01,TCGA-BH-A18V-01A|19baf63b-8488-4b90-83b7-a6c671da0095,expression_predictor,9,complete,0.13906080974745774,-0.22495584023356072,1.9141275478108704,-0.4511683095434821,-0.22495584023356072
TCGA-BH-A1EW,TCGA-BH-A1EW-01,TCGA-BH-A1EW-01A|f8b403a1-37cf-4acb-b5d7-b3437fafa7f8,expression_predictor,9,complete,0.024774383162576102,-0.4559762779293822,-1.203711705360339,-0.6714020089433324,3.0284685073373367
TCGA-BH-A1F6,TCGA-BH-A1F6-01,TCGA-BH-A1F6-01A|76bcf698-d2da-42de-b33c-c5deb721c643,expression_predictor,9,complete,-0.48146827647514123,-0.5239442689404913,-1.3021462984328294,-0.6826591571170495,-0.45995930964386034
TCGA-BH-A1FC,TCGA-BH-A1FC-01,TCGA-BH-A1FC-01A|09f9ebad-e7cd-4c20-9eab-8fd2066d9051,expression_predictor,9,complete,-0.0064302366027364655,-0.17786678820671167,1.441026901916474,-0.9300247883153758,-0.17459369737979435
TCGA-BH-A42U,TCGA-BH-A42U-01,TCGA-BH-A42U-01A|893122aa-117b-49a4-a81c-1229dde4d78a,expression_predictor,9,complete,-0.5463053459936306,-0.4827253436211042,-1.2864555481974564,-0.2948836476666466,1.1728378538938795
TCGA-C8-A12V,TCGA-C8-A12V-01,TCGA-C8-A12V-01A|71ce6854-2231-48ad-ba1b-54bb4ec7d713,expression_predictor,9,complete,-0.1409868072682147,-0.4559762779293822,0.5121745976580392,0.16386398512191758,1.3950126157476597
TCGA-C8-A131,TCGA-C8-A131-01,TCGA-C8-A131-01A|ae2e0936-a225-491b-8361-3c20663768d9,expression_predictor,9,complete,-0.5760873982231204,-0.8121187321615094,-1.3060348757627556,-1.0008542997987593,-1.0236031667534822
TCGA-C8-A1HJ,TCGA-C8-A1HJ-01,TCGA-C8-A1HJ-01A|f9fe6c47-0955-432f-b402-a6dc2665e04d,expression_predictor,9,complete,0.21588480781246747,0.21297762939228354,0.3234570997080815,-0.8504099782418573,-1.3875653185831844
TCGA-C8-A26X,TCGA-C8-A26X-01,TCGA-C8-A26X-01A|c782b873-2727-4fe4-9c9a-741964290349,expression_predictor,9,complete,-0.9952426185904439,-1.070518259682232,-1.3027165378184213,-1.0076174069294563,-0.6953059800097423
TCGA-C8-A26Y,TCGA-C8-A26Y-01,TCGA-C8-A26Y-01A|e8d97ce6-190e-4189-a148-5a8d9f4215c3,expression_predictor,9,complete,-0.07006619866741581,-0.22955396818223955,-1.289125386192897,-0.051396508491225325,-0.4025790012136733
TCGA-C8-A27B,TCGA-C8-A27B-01,TCGA-C8-A27B-01A|4ec56a4e-a3ce-4511-a517-199e2a535b1a,expression_predictor,9,complete,0.152578888855495,0.06499496535835356,0.5503432314896585,-0.812623095139876,0.2581486822553027
TCGA-C8-A3M7,TCGA-C8-A3M7-01,TCGA-C8-A3M7-01A|7aff89e2-86cb-43d8-96cd-341c02ebdd49,expression_predictor,9,complete,-0.3820754298759837,-0.33051070135864263,-1.248733873142679,-0.5115756674645161,-0.3501621408043744
TCGA-D8-A13Z,TCGA-D8-A13Z-01,TCGA-D8-A13Z-01A|fd371070-c312-4eca-b3da-d41b1c8a86a7,expression_predictor,9,complete,-0.419436782478428,-0.33051070135864263,-1.283190392973402,-0.7034429540163725,1.1152481442048816
TCGA-D8-A143,TCGA-D8-A143-01,TCGA-D8-A143-01A|be002264-f534-49b3-90d1-fd5a3f622fb2,expression_predictor,9,complete,-0.6839647798503229,-0.7027148651720143,-1.273339483631316,-0.7027148651720143,-1.1648800896317097
TCGA-D8-A147,TCGA-D8-A147-01,TCGA-D8-A147-01A|abefed1d-9f40-4a97-9435-4d9df47f7ebd,expression_predictor,9,complete,0.7371532450998147,0.7433086809826215,-0.5242257899712561,0.7433086809826215,0.5205862801471648
TCGA-D8-A1JF,TCGA-D8-A1JF-01,TCGA-D8-A1JF-01A|7300d49e-2e8c-42e0-873a-1674a19b71e6,expression_predictor,9,complete,-0.4936642754862389,-0.49077785116332284,-1.2287275892487637,-0.006240850610093561,-1.374350528387362
TCGA-D8-A1JL,TCGA-D8-A1JL-01,TCGA-D8-A1JL-01A|5fe2671d-4314-444b-adc1-64bbc6a85aab,expression_predictor,9,complete,-0.1676463515834134,-0.22949040235525284,0.6903193586767187,-0.17471343420358695,-0.008506984938704583
TCGA-D8-A1XK,TCGA-D8-A1XK-01,TCGA-D8-A1XK-01A|7d496f9f-8a04-496a-ad25-68b1b72f864a,expression_predictor,9,complete,0.029710684110751978,-0.3386588134254426,-1.1874035439146882,-0.20677970374582896,-0.37180667638337817
TCGA-D8-A1XQ,TCGA-D8-A1XQ-01,TCGA-D8-A1XQ-01A|ec7b77d4-41a2-4892-be79-23cb24f986d3,expression_predictor,9,complete,0.19435368504933392,-0.1478418297207591,1.8923568177132928,-0.363760216494098,-0.1478418297207591
TCGA-D8-A27F,TCGA-D8-A27F-01,TCGA-D8-A27F-01A|ac88a5c1-caae-4b08-87bc-0dedbe61d996,expression_predictor,9,complete,0.6086138741629952,0.2524211169035074,0.763042319134815,2.527203884982126,-1.2572681667706787
TCGA-D8-A27H,TCGA-D8-A27H-01,TCGA-D8-A27H-01A|427a04c9-9b48-49de-8a47-2adc4e1dd32a,expression_predictor,9,complete,-0.14287798991972941,-0.19032263116129516,-1.2913035908515047,0.08925506668581294,-0.4352741748684891
TCGA-D8-A27M,TCGA-D8-A27M-01,TCGA-D8-A27M-01A|b3b9ae66-e8d1-4a32-a2a9-46931b753527,expression_predictor,9,complete,0.5262356874893754,0.08930309525473624,0.7906600414834198,0.5911564830835552,0.34021434818316426
TCGA-E2-A14N,TCGA-E2-A14N-01,TCGA-E2-A14N-01A|0648c6fc-df6d-450a-a5a0-e5655febbdf1,expression_predictor,9,complete,-0.5334287514791929,-0.4375099354743524,0.051998544943942404,-0.9905468950154701,0.40441813304506874
TCGA-E2-A14R,TCGA-E2-A14R-01,TCGA-E2-A14R-01A|6e8e0eef-1fc8-446c-9038-3a06657784ec,expression_predictor,9,complete,1.2487582085378632,1.1596308497233125,1.1796356382260282,0.032500744316307235,1.6578741493623375
TCGA-E2-A14X,TCGA-E2-A14X-01,TCGA-E2-A14X-01A|ada5cdcf-f9e0-4209-aa92-ac3b921bbdf4,expression_predictor,9,complete,-0.2790019274011051,-0.4225432844337868,-1.1800408304249559,-0.4225432844337868,-0.6038370800143482
TCGA-E2-A150,TCGA-E2-A150-01,TCGA-E2-A150-01A|7860a938-e43a-4c3a-83b4-6578cea95df8,expression_predictor,9,complete,0.18259181134804775,0.43782821045227527,0.7867791839188741,-0.4700916286316193,-0.09850264064303073
TCGA-E2-A158,TCGA-E2-A158-01,TCGA-E2-A158-01A|27f4c9d4-d6ba-4fea-9f0b-fb06066e69a8,expression_predictor,9,complete,1.288714214386268,0.9629865897556288,0.1815830405452375,2.266293574267359,-0.8844384283410512
TCGA-E2-A1L7,TCGA-E2-A1L7-01,TCGA-E2-A1L7-01A|104e3cb5-c6df-422b-a55f-6b19408594d4,expression_predictor,9,complete,-0.14169814591659444,-0.0600072230934873,-1.1878726550750605,-0.28153063840212317,1.0358291753434818
TCGA-E2-A1LH,TCGA-E2-A1LH-01,TCGA-E2-A1LH-01A|e99a371e-14fa-46f7-89c1-ad36bcd82994,expression_predictor,9,complete,-0.32936800619203926,-0.33051070135864263,0.6520357035813452,-0.9132302954510597,0.2541204688352988
TCGA-E2-A1LL,TCGA-E2-A1LL-01,TCGA-E2-A1LL-01A|1b98fd3e-d3e3-4ecc-9fe3-02600177efed,expression_predictor,9,complete,-0.8310680046704169,-0.6606573620895168,-1.3204975210462855,-0.3452870169179703,-1.9012691142021672
TCGA-E2-A1LS,TCGA-E2-A1LS-01,TCGA-E2-A1LS-01A|5755f322-5df5-4b88-9c79-640167775c12,expression_predictor,9,complete,-0.7342526133453172,-0.6694660017256662,-0.20393371918439046,-0.9041724976633305,-2.080737378669507
TCGA-E9-A5FL,TCGA-E9-A5FL-01,TCGA-E9-A5FL-01A|c1f3f326-e99f-4811-9665-d15d6d8a1c33,expression_predictor,9,complete,-0.8807406301295887,-1.0885442723157082,-0.5345325772781205,-1.0992314787526452,-0.06947085256577888
TCGA-EW-A1OV,TCGA-EW-A1OV-01,TCGA-EW-A1OV-01A|57044315-cc7f-4677-90fa-2e959740bd9c,expression_predictor,9,complete,-0.3141051953113385,-0.3705159284230549,-1.2726343781178386,-0.5381986885485637,0.4867403944243302
TCGA-EW-A1OW,TCGA-EW-A1OW-01,TCGA-EW-A1OW-01A|7b738087-65b1-4c6e-94c4-d0ba6bb17098,expression_predictor,9,complete,0.8465004106935261,0.6191742185961842,0.6191742185961842,2.532213790869599,-0.25554385927093665
TCGA-EW-A1P4,TCGA-EW-A1P4-01,TCGA-EW-A1P4-01A|86b68671-beef-4a15-aabb-89d79396fd9d,expression_predictor,9,complete,-0.5733102731201409,-0.6140982142708439,-1.2611471490142652,-0.9097477349188344,-0.7309297231219019
TCGA-EW-A1P8,TCGA-EW-A1P8-01,TCGA-EW-A1P8-01A|c15e9ead-0373-486e-a99b-26b96bd3ccc4,expression_predictor,9,complete,-0.04706065785291072,-0.433039100348924,0.285037975754177,3.211140666857259,-0.47737608342149485
TCGA-EW-A1PB,TCGA-EW-A1PB-01,TCGA-EW-A1PB-01A|2081a155-9d2d-41f6-b243-68a12e9b342a,expression_predictor,9,complete,-0.6436877050874177,-0.7138901060998162,-1.2818123027988595,-0.4537580914700053,-0.11512199415856275
TCGA-EW-A1PH,TCGA-EW-A1PH-01,TCGA-EW-A1PH-01A|67317cce-4a8c-4313-bb26-4ef7759071b9,expression_predictor,9,complete,0.3555682584407711,0.25417667686932777,0.5655895072294832,1.8363381222410995,1.1257410799914611
TCGA-EW-A3U0,TCGA-EW-A3U0-01,TCGA-EW-A3U0-01A|03a1a105-4856-4e5c-b537-508bdbda50b5,expression_predictor,9,complete,0.30288587548515483,0.3749798280759154,0.6326877286841611,0.16509258347224592,0.8738756979170691
TCGA-EW-A6SB,TCGA-EW-A6SB-01,TCGA-EW-A6SB-01A|83f2e26b-fefd-4027-ac5e-fa204ec9f084,expression_predictor,9,complete,-0.5049948145279375,-0.5502340527199349,0.6992118103397951,-1.0037809914874045,-0.029682030007660024
TCGA-GI-A2C9,TCGA-GI-A2C9-01,TCGA-GI-A2C9-01A|3e0c80d6-5091-454c-ad27-eb513cf6f45d,expression_predictor,9,complete,0.46398704914898536,0.19761308703994976,1.1449641783882707,-0.2998640558312999,-0.4540722269748082
TCGA-GM-A2DB,TCGA-GM-A2DB-01,TCGA-GM-A2DB-01A|59bb8b6d-9827-4d5c-8714-cbc8ec3b8be5,expression_predictor,9,complete,-0.5739223525387235,-0.6871303120271148,-1.3044305814193549,-0.2903959283303444,0.8418734995635547
TCGA-GM-A2DF,TCGA-GM-A2DF-01,TCGA-GM-A2DF-01A|842b0c9e-a03d-4074-b0fe-be8d0e056c7d,expression_predictor,9,complete,-0.43419296075113994,-0.33051070135864263,0.23777420642760178,-0.8368336844108741,-0.11046013159601097
TCGA-GM-A2DH,TCGA-GM-A2DH-01,TCGA-GM-A2DH-01A|4ad2cbb3-5bca-462b-af1f-8a292c317722,expression_predictor,9,complete,0.479515192195662,0.26152981418716426,-1.2075812977292244,0.26152981418716426,1.1992574443373536
TCGA-HN-A2NL,TCGA-HN-A2NL-01,TCGA-HN-A2NL-01A|7125229a-2fc6-402d-bd87-ad0d3195fd49,expression_predictor,9,complete,0.6570350981571319,0.9519052755245864,-1.1982411654847014,0.4177567287363878,1.2162077596749596
TCGA-LL-A441,TCGA-LL-A441-01,TCGA-LL-A441-01A|0ba26ef1-7b7d-48c8-a593-75504769791c,expression_predictor,9,complete,1.4531234182056594,1.045977983499826,0.9810368988404319,2.710957726280543,2.460893114620383
TCGA-LL-A5YO,TCGA-LL-A5YO-01,TCGA-LL-A5YO-01A|e0b65eec-7c30-4607-9cae-c8e8463c80c5,expression_predictor,9,complete,-0.017057822879691778,-0.15847345549048572,-1.1714442061338854,-0.12175671242753405,1.4687599598927443
TCGA-LL-A73Y,TCGA-LL-A73Y-01,TCGA-LL-A73Y-01A|8ca36e25-aabc-4bd9-9ced-a8d432ca0260,expression_predictor,9,complete,0.3819372380367848,0.2740584529150184,1.081173515033303,-0.04962170198671827,0.33383767713156504
TCGA-OL-A6VO,TCGA-OL-A6VO-01,TCGA-OL-A6VO-01A|4a2ad226-ed26-4f81-af7d-9d8b6db7cdd4,expression_predictor,9,complete,-0.1863880112532573,-0.21100825658250502,-1.3048885047820005,-0.21100825658250502,1.0478666780494748
TCGA-S3-AA10,TCGA-S3-AA10-01,TCGA-S3-AA10-01A|51a3cb9a-e745-49ac-af0e-3a750f9e7521,expression_predictor,9,complete,0.2636978724795634,0.02106074599529268,1.0171621279454293,-0.37575483420891925,1.9160993122509182
TCGA-S3-AA15,TCGA-S3-AA15-01,TCGA-S3-AA15-01A|a572e59c-096f-4054-bbb4-90f2e2461d99,expression_predictor,9,complete,-0.3876851560235868,-0.40808612294637187,-1.2328165867508427,0.3845256878346807,1.1733077821109439
