row_index,fitted,residual,cooks_distance,leverage,influential,outcome,PD_ID,RBA,F_expression_column
0,0.7756397580526971,-0.7169866928551036,0.018350741111778986,0.013629819639334075,True,HRDetect_probability,PD31028a,S000156.l.r.m3.c.lib.g.k2.a.t,F573
1,0.6201900035983462,0.37979881797314385,0.0016607363275222,0.004477897047614794,False,HRDetect_probability,PD31029a,S000160.l.r.m.c.lib.g.k2.a.t,F16
2,0.7632343054116543,-0.7625336173046073,0.018686802397528807,0.012303892014466505,True,HRDetect_probability,PD31030a,S000262.l.r.m.c.lib.g.k2.a.t,F2677
3,0.6052092753414661,0.11241606320542696,0.00014467379591650211,0.004452825161372339,False,HRDetect_probability,PD31031a,S000285.l.r.m.c.lib.g.k2.a.t,F588
4,0.30547586455430753,-0.30511181623371003,0.009082653016580445,0.035610527983575016,False,HRDetect_probability,PD31032a,S000294.l.r.m.c.lib.g.k2.a.t,F2681
5,0.3519568010596234,-0.3446586674009139,0.008574505939781502,0.02682802525387395,False,HRDetect_probability,PD31033a,S000303.l.r.m.c.lib.g.k2.a.t,F584
6,0.5952720842414193,-0.5695656279727521,0.0037697634761595824,0.004519298937619093,False,HRDetect_probability,PD31037a,S000352.l.r.m2.c.lib.g.k2.a.t,F1425
7,0.5316094995896545,-0.531226985645948,0.004748517637528051,0.0065177373660465525,False,HRDetect_probability,PD31040a,S000381.l.r.m2.c.lib.g.k2.a.t,F2695
8,0.7721925258589728,0.2276742574420112,0.0017975645719394363,0.013251005969511481,False,HRDetect_probability,PD31041a,S000399.l.r.m3.c.lib.g.k2.a.t,F2699
9,0.4806201772774281,0.5191685368680938,0.007065061124583506,0.010080402199954385,False,HRDetect_probability,PD31042a,S000408.l.r.m2.c.lib.g.k2.a.t,F603
10,0.7640469057386559,0.2359480377700981,0.001801637526001377,0.012387583210272016,False,HRDetect_probability,PD31043a,S000516.l.r.m.c.lib.g.k2.a.t,F2718
11,0.6813456042138649,0.3186527515031081,0.0016091119484549494,0.006142958405925384,False,HRDetect_probability,PD31044a,S000517.l.r.m.c.lib.g.k2.a.t,F615
12,0.5697395576861377,0.42898194514160226,0.002365377041215503,0.004994045911589021,False,HRDetect_probability,PD31045a,S000518.l.r.m.c.lib.g.k2.a.t,F621
13,0.7117052654120911,-0.6545517900130525,0.008764737552358938,0.00790203281145379,False,HRDetect_probability,PD31046a,S000581.l.r.m.c.lib.g.k2.a.t,F48
14,0.5454254635861536,-0.5332060591323879,0.004290237895897916,0.0058529032155620045,False,HRDetect_probability,PD31047a,S000590.l.r.m2.c.lib.g.k2.a.t,F1438
15,0.6647394797582351,0.33522773333406586,0.001575588457233439,0.005442538277109114,False,HRDetect_probability,PD31051a,S000628.l.r.m.c.lib.g2.k2.a.t,F73
16,0.44027266366216933,0.04449987433238467,7.339094254923201e-05,0.014136354348875613,False,HRDetect_probability,PD31053a,S000689.l.r.m.c.lib.g2.k2.a.t,F49
17,0.6049765682704062,0.3948427526117707,0.0017850897897069694,0.004453623894533397,False,HRDetect_probability,PD31056a,S000800.l.r.m.c.lib.g.k2.a.t,F96
18,0.8104680358785238,0.18695774338602422,0.0016533406272846375,0.01790447972425093,False,HRDetect_probability,PD31057a,S000802.l.r.m.c.lib.g.k2.a.t,F1473
19,0.6002330587661513,-0.5827457643829761,0.003909713375525878,0.004477827567921216,False,HRDetect_probability,PD31058a,S000814.l.r.m.c.lib.g.k2.a.t,F1469
20,0.5650473807122842,0.43493579396297377,0.00249782007683082,0.005128889162765136,False,HRDetect_probability,PD31059a,S000862.l.r.m.c.lib.g.k2.a.t,F2762
21,0.556765298635384,0.443230577695657,0.0027341242266754355,0.005402962587801431,False,HRDetect_probability,PD31061a,S000901.l.r.m.c.lib.g.k2.a.t,F665
22,0.49427181687225036,-0.47247547445552035,0.005186592708740084,0.008955477745264945,False,HRDetect_probability,PD31063a,S000927.l.r.m.c.lib.g.k2.a.t,F1484
23,0.7844958393117529,-0.768137967764825,0.022669290538867518,0.01463957662150164,True,HRDetect_probability,PD31065a,S000931.l.r.m.c.lib.g.k2.a.t,F2772
24,0.8071107070963502,0.19268917099443572,0.0017108074415617973,0.01745695561752897,False,HRDetect_probability,PD31066a,S000938.l.r.m.c.lib.g.k2.a.t,F672
25,0.7037336352693949,0.29623607015479403,0.0016749515352390274,0.007380249044198832,False,HRDetect_probability,PD31067a,S000942.l.r.m.c.lib.g.k2.a.t,F1488
26,0.5735388822200091,0.42645641146908486,0.002291116092226769,0.0048956891801910304,False,HRDetect_probability,PD31068a,S000948.l.r.m.c.lib.g.k2.a.t,F675
27,0.5096162467625515,-0.10459322374057645,0.0002220255396287487,0.007840391414064646,False,HRDetect_probability,PD31072a,S000970.l.r.m.c.lib.g.k2.a.t,F1489
28,0.5934749914515658,0.4064820893550092,0.0019282242757771278,0.004538397859248292,False,HRDetect_probability,PD31074a,S000998.l.r.m2.c.lib.g.k2.a.t,F2781
29,0.43605041105213993,-0.4360469916311794,0.00729707272908565,0.01462395717750271,False,HRDetect_probability,PD31075a,S001008.l.r.m.c.lib.g.k2.a.t,F682
30,0.6877515986985061,0.2203657873570719,0.0008101218191697015,0.006462629035395346,False,HRDetect_probability,PD31078a,S001056.l.r.m.c.lib.g.k2.a.t,F701
31,0.5353055315079779,-0.5076172723931832,0.004207533943123088,0.006327328175993144,False,HRDetect_probability,PD31080a,S001067.l.r.m.c.lib.g.k2.a.t,F2788
32,0.5723297984912449,-0.5677454860229064,0.004086078970335424,0.004925938774731702,False,HRDetect_probability,PD31081a,S001083.l.r.m.c.lib.g2.k2.a.t,F1510
33,0.6301211359615536,-0.5536133650345074,0.003607885226521616,0.004577551771286263,False,HRDetect_probability,PD31082a,S001090.l.r.m.c.lib.g.k2.a.t,F2782
34,0.7566977443238464,-0.5977784438541414,0.01085635504936492,0.011646802309223582,False,HRDetect_probability,PD31086a,S001146.l.r.m.c.lib.g2.k2.a.t,F713
35,0.6924574277667759,0.30753640246357317,0.001640261282681093,0.006715008147194073,False,HRDetect_probability,PD31087a,S001151.l.r.m.c.lib.g.k2.a.t,F1518
36,0.6815474061223002,-0.6792929079016469,0.007324115989723392,0.006152608478807818,False,HRDetect_probability,PD31088a,S001152.l.r.m.c.lib.g.k2.a.t,F1524
37,0.6501738133482672,-0.3014989310285972,0.0011652211363396717,0.004980566565999666,False,HRDetect_probability,PD31089a,S001164.l.r.m.c.lib.g.k2.a.t,F166
38,0.7309438225475835,-0.7233423755968705,0.012684222885267613,0.009336987300868817,False,HRDetect_probability,PD31090a,S001171.l.r.m.c.lib.g2.k2.a.t,F1519
39,0.6744563535551589,0.3255309498664021,0.001592745822980701,0.005829913480959579,False,HRDetect_probability,PD31092a,S001187.l.r.m.c.lib.g.k2.a.t,F154
40,0.7881615838241061,0.21175948379548892,0.0017754027745983676,0.015072944922266854,False,HRDetect_probability,PD31093a,S001188.l.r.m.c.lib.g.k2.a.t,F1521
41,0.6503133153325756,0.3496794466598314,0.001568581448323481,0.004984315646205686,False,HRDetect_probability,PD31094a,S001202.l.r.m.c.lib.g.k2.a.t,F2810
42,0.7499288386942001,0.24993888968107592,0.0017895796699094436,0.010996583377284328,False,HRDetect_probability,PD31097a,S001380.l.r.m.c.lib.g.k2.a.t,F740
43,0.45502450943352873,-0.45375969348274264,0.006739981674809843,0.012526693063811649,False,HRDetect_probability,PD31098a,S001381.l.r.m.c.lib.g.k2.a.t,F741
44,0.6873635602209643,0.31261896436725567,0.001625245482786501,0.006442481474459248,False,HRDetect_probability,PD31099a,S001385.l.r.m.c.lib.g.k2.a.t,F1546
45,0.6316746706643103,0.3683052407146957,0.0016044143138150405,0.004599128947170517,False,HRDetect_probability,PD31105a,S001485.l.r.m.c.lib.g.k2.a.t,F144
46,0.5476556728966526,0.4523389245453624,0.0030367260749883038,0.005757594613789192,False,HRDetect_probability,PD31106a,S001506.l.r.m.c.lib.g.k2.a.t,F761
47,0.5680414609285268,0.43189778424149017,0.002420480424348285,0.005041139241984807,False,HRDetect_probability,PD31107a,S001523.l.r.m.c.lib.g.k2.a.t,F2856
48,0.7249581622464814,-0.6891576811245879,0.01091985952658997,0.008863908294838246,False,HRDetect_probability,PD31108a,S001554.l.r.m.c.lib.g.k2.a.t,F763
49,0.6514953050632911,-0.636176699614911,0.005225826469068947,0.005016605556501138,False,HRDetect_probability,PD31109a,S001555.l.r.m.c.lib.g.k2.a.t,F766
50,0.6689617490726832,-0.5421940180904292,0.0042446095020738745,0.005603077940693272,False,HRDetect_probability,PD31111a,S002101.l.r.m.c.lib.g2.k2.a.t,F2871
51,0.7058664136776466,0.2941251320353694,0.001681922101497727,0.007515670753357461,False,HRDetect_probability,PD31112a,S002117.l.r.m2.c.lib.g.k2.a.t,F785
52,0.6187618514578206,0.37692134980282643,0.0016323921469295027,0.004469010867638402,False,HRDetect_probability,PD31113a,S002156.l.r.m.c.lib.g.k2.a.t,F1592
53,0.585262431423907,-0.45271757846097,0.0024529301149543354,0.004653268059759282,False,HRDetect_probability,PD31116a,S002286.l.r.m.c.lib.g.k2.a.t,F797
54,0.6082903556292043,-0.607219617861517,0.004214253915668595,0.004445676517434382,False,HRDetect_probability,PD31117a,S002296.l.r.m.c.lib.g.k2.a.t,F801
55,0.5236765447951776,-0.48701731988289004,0.004264028668255402,0.006957382807906308,False,HRDetect_probability,PD31120a,S002338.l.r.m.c.lib.g.k2.a.t,F205
56,0.4569617763210259,0.542901863696668,0.009489961495480505,0.012326157481331226,False,HRDetect_probability,PD31121a,S002368.l.r.m.c.lib.g2.k2.a.t,F807
57,0.8273344976516366,-0.8273080508275431,0.03682431027641174,0.0202672217339916,True,HRDetect_probability,PD31122a,S002370.l.r.m.c.lib.g.k2.a.t,F809
58,0.5872976281063746,-0.4645163599483366,0.0025641449646129056,0.004620581995270583,False,HRDetect_probability,PD31123a,S002385.l.r.m.c.lib.g.k2.a.t,F1624
59,0.7912139779232037,-0.7321331638563919,0.02175625396514673,0.015440684671986619,True,HRDetect_probability,PD31124a,S002402.l.r.m3.c.lib.g.k2.a.t,F813
60,0.7234892774866395,0.27645425779443156,0.001734541202612047,0.008751489429217434,False,HRDetect_probability,PD31125a,S002441.l.r.m.c.lib.g2.k2.a.t,F2921
61,0.42530281780693274,-0.41053084008179336,0.007059444527465384,0.015919130929259312,False,HRDetect_probability,PD31126a,S002452.l.r.m.c.lib.g.k2.a.t,F815
62,0.766505899747534,0.23348542681275497,0.0018016128114852394,0.01264353952877783,False,HRDetect_probability,PD31127a,S002493.l.r.m.c.lib.g.k2.a.t,F1644
63,0.6584522051063073,0.33784892441435166,0.0015358832711340968,0.005225659407491836,False,HRDetect_probability,PD31128a,S002518.l.r.m.c.lib.g.k2.a.t,F1641
64,0.7317204675669979,0.268190792382457,0.0017556839694366395,0.009400132400992689,False,HRDetect_probability,PD31129a,S002564.l.r.m.c.lib.g.k2.a.t,F2932
65,0.6993512054882665,0.30063621259217854,0.0016613770171196875,0.007111567553472042,False,HRDetect_probability,PD31130a,S002573.l.r.m.c.lib.g.k2.a.t,F1645
66,0.5022055814628054,-0.5004490325092673,0.005424960243922186,0.008359194934501261,False,HRDetect_probability,PD31133a,S002602.l.r.m.c.lib.g.k2.a.t,F2935
67,0.7056383760172636,-0.1742429602156107,0.00058910586973259,0.007501045622862702,False,HRDetect_probability,PD31134a,S002603.l.r.m.c.lib.g.k2.a.t,F2937
68,0.6045642382084372,0.3953099502518528,0.0017899265823944001,0.004455128422257697,False,HRDetect_probability,PD31135a,S002607.l.r.m.c.lib.g.k2.a.t,F1653
69,0.6430374794563939,0.3545595282417481,0.0015544850452015333,0.004806205847675387,False,HRDetect_probability,PD31136a,S002645.l.r.m.c.lib.g.k2.a.t,F2939
70,0.5035956521641213,-0.5016663071806372,0.005385000434281758,0.008259070464860917,False,HRDetect_probability,PD31137a,S002652.l.r.m.c.lib.g.k2.a.t,F243
71,0.5717131664965607,0.42789469528224233,0.002328510504990382,0.0049417438917534395,False,HRDetect_probability,PD31139a,S002687.l.r.m.c.lib.g.k2.a.t,F2948
72,0.5670844430738696,0.43276350881375636,0.0024435340354412413,0.00506853303836639,False,HRDetect_probability,PD31140a,S002706.l.r.m.c.lib.g.k2.a.t,F2952
73,0.6286125749961314,-0.6110484894265197,0.004376523963452524,0.004558149597706064,False,HRDetect_probability,PD31144a,S003021.l.r.m.c.lib.g.k2.a.t,F1690
74,0.6939297913553266,0.30606398530080836,0.0016447069449393762,0.006797025727995066,False,HRDetect_probability,PD31145a,S003078.l.r.m.c.lib.g.k2.a.t,F286
75,0.564170506760161,0.435367548227382,0.0025160139449236186,0.005155727628896633,False,HRDetect_probability,PD31146a,S003098.l.r.m.c.lib.g.k2.a.t,F288
76,0.5570992168052015,0.4428769183398086,0.0027236644360959968,0.005391021703225479,False,HRDetect_probability,PD31147a,S003106.l.r.m.c.lib.g.k2.a.t,F302
77,0.5065389053650072,-0.5049431908705553,0.005316143910928976,0.008051353401802493,False,HRDetect_probability,PD31148a,S003121.l.r.m.c.lib.g.k2.a.t,F267
78,0.7633074590710321,-0.35069691600658615,0.0039550567822712705,0.012311408088934602,False,HRDetect_probability,PD31150a,S003177.l.r.m.c.lib.g.k2.a.t,F259
79,0.5726459485810261,0.4272475802958019,0.0023101774148723284,0.004917934392415586,False,HRDetect_probability,PD31151a,S003303.l.r.m.c.lib.g.k2.a.t,F904
80,0.4337279477320807,-0.4333994848564644,0.007347531967502311,0.01489726605460752,False,HRDetect_probability,PD31152a,S003304.l.r.m.c.lib.g.k2.a.t,F1728
81,0.6413275723246793,-0.6309521489120125,0.004884723178659393,0.004769504707532448,False,HRDetect_probability,PD31153a,S003325.l.r.m.c.lib.g.k2.a.t,F905
82,0.73886525543152,0.26103810519649395,0.0017715773817857773,0.010000034349937709,False,HRDetect_probability,PD31155a,S004227.l.r.m.c.lib.g.k2.a.t,F2970
83,0.506502510441693,-0.48661304048782006,0.004938760937914505,0.008053886428936044,False,HRDetect_probability,PD31156a,S004241.l.r.m.c.lib.g.k2.a.t,F238
84,0.43082749502530115,-0.40521483489030674,0.006576942460342679,0.015243677347351433,False,HRDetect_probability,PD31157a,S004264.l.r.m.c.lib.g.k2.a.t,F1803
85,0.6135794695789588,0.3863625117381212,0.0017071588771399122,0.0044482631424188675,False,HRDetect_probability,PD31158a,S004321.l.r.m.c.lib.g.k2.a.t,F1807
86,0.5766961997085731,0.4033664185823439,0.002018296128257348,0.0048213244082379305,False,HRDetect_probability,PD31159a,S004350.l.r.m.c.lib.g.k2.a.t,F999
87,0.7659302603167331,-0.7400639251148,0.018011577682032275,0.012583257447590958,True,HRDetect_probability,PD31160a,S004386.l.r.m.c.lib.g.k2.a.t,F3111
88,0.6477435937138115,0.35105534393155147,0.0015594995559202536,0.004917350989313874,False,HRDetect_probability,PD31161a,S004409.l.r.m.c.lib.g.k2.a.t,F1808
89,0.5340961865171402,0.4474057656530538,0.003300641360044156,0.006388620931959278,False,HRDetect_probability,PD31163a,S004450.l.r.m.c.lib.g.k2.a.t,F3114
90,0.8040542984179504,-0.8030362726835903,0.029007771745710967,0.017056122659019814,True,HRDetect_probability,PD31164a,S004481.l.r.m.c.lib.g.k2.a.t,F3116
91,0.4072137133417667,0.5927128902940783,0.01697325455310694,0.018274087941039175,False,HRDetect_probability,PD31165a,S004511.l.r.m.c.lib.g.k2.a.t,F446
92,0.5194577902818582,0.4803084476664058,0.004299162453347159,0.007208392450059631,False,HRDetect_probability,PD31166a,S004512.l.r.m.c.lib.g.k2.a.t,F447
93,0.5704304794578735,0.4292002726997065,0.0023588749650442806,0.004975438558855078,False,HRDetect_probability,PD31167a,S004528.l.r.m.c.lib.g.k2.a.t,F3120
94,0.6545538281100926,0.3454326561650285,0.001568004374820015,0.005104512022619952,False,HRDetect_probability,PD31169a,S004575.l.r.m.c.lib.g.k2.a.t,F1012
95,0.4712170830686329,-0.45830145250739623,0.005978721622588507,0.010927995478269802,False,HRDetect_probability,PD31170a,S004648.l.r.m.c.lib.g.k2.a.t,F1828
96,0.5498791376680318,0.4500758413729312,0.002957989626688103,0.005665897768063834,False,HRDetect_probability,PD31171a,S004671.l.r.m.c.lib.g.k2.a.t,F1015
97,0.5360747297256674,-0.5346165461102936,0.004638282093248928,0.00628885398604106,False,HRDetect_probability,PD31172a,S004674.l.r.m.c.lib.g.k2.a.t,F1825
98,0.5328762292699533,0.20128441755343973,0.0006747150188063147,0.006451446209194829,False,HRDetect_probability,PD31173a,S004681.l.r.m.c.lib.g.k2.a.t,F3131
99,0.6087491963795068,-0.21694625743899776,0.0005378760842023227,0.004445157064243215,False,HRDetect_probability,PD31174a,S004703.l.r.m.c.lib.g.k2.a.t,F1833
100,0.6338959407601801,0.36608794228031394,0.0015968657563692299,0.00463279450077612,False,HRDetect_probability,PD31175a,S004724.l.r.m.c.lib.g.k2.a.t,F460
101,0.6499126211564044,0.3499342577137666,0.0015674517398684773,0.004973582218132128,False,HRDetect_probability,PD31176a,S004726.l.r.m.c.lib.g.k2.a.t,F431
102,0.7146965834131678,0.16383499570915827,0.0005637220255346741,0.008108836075582562,False,HRDetect_probability,PD31177a,S004739.l.r.m.c.lib.g.k2.a.t,F3135
103,0.5736763029247406,0.42632002468063346,0.0022880564402261334,0.004892313207830325,False,HRDetect_probability,PD31178a,S004758.l.r.m.c.lib.g.k2.a.t,F1839
104,0.7270810041328198,0.2461362724367172,0.0014193419305437466,0.009028935782910016,False,HRDetect_probability,PD31179a,S004771.l.r.m.c.lib.g.k2.a.t,F3139
105,0.6664715145529019,-0.12102105411720487,0.00020780231243433428,0.005506946329716071,False,HRDetect_probability,PD31181a,S004819.l.r.m.c.lib.g.k2.a.t,F3134
106,0.6421874866766939,0.3578066185409621,0.0015769389571054077,0.004787716441853992,False,HRDetect_probability,PD35926a,S000002.l.r.m.c.lib.g.k2.a.t,F2621
107,0.4873342565415265,-0.4872995540862372,0.005866296654882212,0.009511514584284338,False,HRDetect_probability,PD35927a,S000003.l.r.m2.c.lib.g.k2.a.t,F2632
108,0.839117317706995,0.019389426893131945,2.2066708253068147e-05,0.022031116373966843,False,HRDetect_probability,PD35928a,S000012.l.r.m.c.lib.g.k2.a.t,F2623
109,0.7342910393406015,0.2657045737395586,0.0017628818336102112,0.009612020441731234,False,HRDetect_probability,PD35929a,S000039.l.r.m.c.lib.g.k2.a.t,F2636
110,0.7058055937277261,0.2940617019421109,0.0016803102112862378,0.007511766669832635,False,HRDetect_probability,PD35930a,S000049.l.r.m.c.lib.g.k2.a.t,F2637
111,0.5175370917477342,-0.42975160792069733,0.003499029829989821,0.007326628834428517,False,HRDetect_probability,PD35931a,S000054.l.r.m.c.lib.g.k2.a.t,F2639
112,0.7739853979668988,0.22597451281457714,0.0017977346105562324,0.013447027820012083,False,HRDetect_probability,PD35932a,S000185.l.r.m3.c.lib.g.k2.a.t,F575
113,0.6682565105767448,0.3317134198021462,0.0015808184648827665,0.005575430813894012,False,HRDetect_probability,PD35933a,S000186.l.r.m3.c.lib.g.k2.a.t,F576
114,0.440554977532759,0.02911233460123297,3.133725753069172e-05,0.014104178410974173,False,HRDetect_probability,PD35934a,S000193.l.r.m3.c.lib.g.k2.a.t,F577
115,0.5394101983988899,0.4605400198000891,0.003352079407878015,0.006126613631067756,False,HRDetect_probability,PD35935a,S000200.l.r.m2.c.lib.g.k2.a.t,F6
116,0.4792504430844361,-0.4737504031175503,0.005954335705072768,0.010200176762520545,False,HRDetect_probability,PD35936a,S000204.l.r.m2.c.lib.g.k2.a.t,F1405
117,0.3604950360329903,-0.35607027642087513,0.008629324623647622,0.025372402672177212,False,HRDetect_probability,PD35937a,S000209.l.r.m2.c.lib.g.k2.a.t,F578
118,0.6156201984457885,0.3842439564469825,0.0016907932553844836,0.004454281463154804,False,HRDetect_probability,PD35938a,S000213.l.r.m2.c.lib.g.k2.a.t,F1408
119,0.42037884710112894,0.579616732693334,0.01463800603417064,0.016538408783315497,False,HRDetect_probability,PD35939a,S000215.l.r.m2.c.lib.g.k2.a.t,F1
120,0.5135707037806092,-0.5097065159097458,0.005094014822766869,0.007578632856081305,False,HRDetect_probability,PD35940a,S000216.l.r.m2.c.lib.g.k2.a.t,F15
121,0.48537466429614556,0.5145721314362603,0.006655533470935212,0.009674424967245122,False,HRDetect_probability,PD35941a,S000219.l.r.m2.c.lib.g.k2.a.t,F579
122,0.517220437151297,-0.5149532915913854,0.005037714558308112,0.00734635956927027,False,HRDetect_probability,PD35943a,S000443.l.r.m3.c.lib.g.k2.a.t,F2705
123,0.6075225173138703,-0.5854688289753063,0.0039188034748438814,0.004446861905901566,False,HRDetect_probability,PD35944a,S000439.l.r.m3.c.lib.g.k2.a.t,F2707
124,0.7271209353881083,0.27270806574411566,0.0017429510427793718,0.009032068981628937,False,HRDetect_probability,PD35945a,S000453.l.r.m3.c.lib.g.k2.a.t,F2710
125,0.6098602765684908,0.3899153234017392,0.0017372096278650934,0.004444484639565426,False,HRDetect_probability,PD35946a,S000488.l.r.m2.c.lib.g.k2.a.t,F2712
126,0.4306384269411371,-0.42657053325585575,0.0072996763062269324,0.015266454462042563,False,HRDetect_probability,PD35948a,S000506.l.r.m2.c.lib.g.k2.a.t,F620
127,0.42420424291260095,-0.36464128390530426,0.005618834805237929,0.016055886029595283,False,HRDetect_probability,PD35951a,S000712.l.r.m3.c.lib.g.k2.a.t,F646
128,0.735928607020411,0.26406866779011007,0.0017666020861953806,0.009749315285282698,False,HRDetect_probability,PD35953a,S000728.l.r.m3.c.lib.g.k2.a.t,F1450
129,0.876111163406397,0.12387140261251595,0.0011663974932323486,0.02817472400673611,False,HRDetect_probability,PD35954a,S000751.l.r.m2.c.lib.g.k2.a.t,F650
130,0.5202413103638363,0.4797551736823358,0.0042605785845499,0.007160870814332697,False,HRDetect_probability,PD35955a,S000761.l.r.m2.c.lib.g.k2.a.t,F1463
131,0.6356250614320763,0.3542855471129407,0.001504848290640001,0.004661293575324075,False,HRDetect_probability,PD35956a,S000775.l.r.m2.c.lib.g.k2.a.t,F80
132,0.8384544391700943,0.16150919901852367,0.0015237097055961404,0.0219294091654621,False,HRDetect_probability,PD35957a,S000777.l.r.m2.c.lib.g.k2.a.t,F654
133,0.7387336897889795,0.26125828983210153,0.0017725113513524721,0.009988677949799699,False,HRDetect_probability,PD35958a,S000779.l.r.m2.c.lib.g.k2.a.t,F1471
134,0.6648209583690202,0.31771038743894375,0.0014160104281484695,0.005445523033136886,False,HRDetect_probability,PD35959a,S001227.l.r.m2.c.lib.g.k2.a.t,F2808
135,0.8479937845326986,-0.08760585740661453,0.00048027211544216636,0.02342147519748157,False,HRDetect_probability,PD35960a,S001239.l.r.m2.c.lib.g.k2.a.t,F1532
136,0.5737061517936483,-0.5708907266947497,0.004102377827840002,0.004891581595506812,False,HRDetect_probability,PD35961a,S001241.l.r.m2.c.lib.g.k2.a.t,F107
137,0.5721994017978264,0.4277966938689326,0.0023215060306787773,0.004929259739801425,False,HRDetect_probability,PD35962a,S001248.l.r.m2.c.lib.g.k2.a.t,F2815
138,0.6004231149748188,0.3960686228472212,0.001805527900267027,0.004476567358134807,False,HRDetect_probability,PD35963a,S001252.l.r.m2.c.lib.g.k2.a.t,F59
139,0.5481816425997741,0.34118689839677896,0.0017210014215016647,0.005735603695441354,False,HRDetect_probability,PD35964a,S001262.l.r.m2.c.lib.g.k2.a.t,F2814
140,0.6649620434457492,-0.35219848827841815,0.0017417906280523213,0.005450701854981793,False,HRDetect_probability,PD35965a,S001268.l.r.m2.c.lib.g.k2.a.t,F730
141,0.5179391412960059,-0.5107136420950801,0.00492452064413051,0.00730167412321105,False,HRDetect_probability,PD35966a,S001275.l.r.m2.c.lib.g.k2.a.t,F2818
142,0.5935057052896766,-0.5907872732235367,0.004072899555258554,0.004538053234240279,False,HRDetect_probability,PD35967a,S001287.l.r.m2.c.lib.g.k2.a.t,F732
143,0.6056966552683943,0.3931699612393107,0.0017690525677445976,0.004451270089232193,False,HRDetect_probability,PD35968a,S001343.l.r.m2.c.lib.g.k2.a.t,F158
144,0.6542344756920474,0.3457597200252426,0.0015680299715334894,0.005095039773857472,False,HRDetect_probability,PD35972a,S002357.l.r.m.c.lib.g.k2.a.t,F806
145,0.5318914738326828,0.44905617489879124,0.0033852875340040843,0.006502887749150199,False,HRDetect_probability,PD35975a,S002797.l.r.m2.c.lib.g.k2.a.t,F848
146,0.4562465600284152,-0.4426232074814932,0.006346663239813073,0.01239989953070205,False,HRDetect_probability,PD35977a,S003183.l.r.m2.c.lib.g.k2.a.t,F893
147,0.5114396102971728,-0.3698294757897298,0.0027320032787597533,0.007718392819441176,False,HRDetect_probability,PD35978a,S003256.l.r.m.c.lib.g.k2.a.t,F3019
148,0.49318264987841404,0.506795095817836,0.006025224595921022,0.009040635255341883,False,HRDetect_probability,PD35979a,S003260.l.r.m2.c.lib.g.k2.a.t,F333
149,0.6187286929274969,0.3812517858212041,0.001670044944441681,0.004468820812752033,False,HRDetect_probability,PD35980a,S003274.l.r.m.c.lib.g.k2.a.t,F3023
150,0.4423113031330569,-0.4150324261816167,0.006276613524456114,0.013905207786963001,False,HRDetect_probability,PD35981a,S003386.l.r.m.c.lib.g.k2.a.t,F916
151,0.5039303151603671,0.49606765629095784,0.005249979071816727,0.008235158971055874,False,HRDetect_probability,PD35984a,S003524.l.r.m.c.lib.g.k2.a.t,F1744
152,0.6389686039191534,0.3610119977460535,0.0015831071740051415,0.004722093649730514,False,HRDetect_probability,PD35985a,S003531.l.r.m.c.lib.g.k2.a.t,F2959
153,0.6643059951663868,0.3356607620391072,0.0015750243455107257,0.00542673362208442,False,HRDetect_probability,PD35986a,S003547.l.r.m.c.lib.g.k2.a.t,F1721
154,0.6415408413193577,0.35845398471747225,0.0015780643475057092,0.004773975148982301,False,HRDetect_probability,PD35987a,S003573.l.r.m.c.lib.g.k2.a.t,F2960
155,0.6877098877952551,-0.5911331273325231,0.005827533809621428,0.006460458492188078,False,HRDetect_probability,PD35988a,S003582.l.r.m.c.lib.g.k2.a.t,F318
156,0.7210936047832142,0.2788705964839788,0.0017280155477963444,0.008571247515717098,False,HRDetect_probability,PD35990a,S003634.l.r.m.c.lib.g.k2.a.t,F1755
157,0.5000139039947694,-0.3500841273190254,0.002706585495000381,0.008519692445112243,False,HRDetect_probability,PD35991a,S003641.l.r.m.c.lib.g.k2.a.t,F3042
158,0.7140522802138616,0.2859402788903034,0.0017074315261688107,0.008063784974284463,False,HRDetect_probability,PD35992a,S003742.l.r.m.c.lib.g.k2.a.t,F3056
159,0.7003804039338142,0.2987631075626648,0.0016552362850738057,0.007173508191660438,False,HRDetect_probability,PD35993a,S003756.l.r.m.c.lib.g.k2.a.t,F1769
160,0.7712435303455067,-0.7693122636683011,0.020360398006403626,0.013148121804368924,True,HRDetect_probability,PD35994a,S003758.l.r.m.c.lib.g.k2.a.t,F2963
161,0.5668167632579093,0.43316449208098673,0.0024518565027115444,0.005076305164136831,False,HRDetect_probability,PD35995a,S003781.l.r.m.c.lib.g.k2.a.t,F3067
162,0.7541134839023602,0.24585461019609278,0.001795741704879906,0.011394929583298765,False,HRDetect_probability,PD35996a,S003784.l.r.m.c.lib.g.k2.a.t,F953
163,0.5425683209192623,-0.541495189571628,0.004521813796848159,0.005979882348355904,False,HRDetect_probability,PD35997a,S003799.l.r.m.c.lib.g.k2.a.t,F1770
164,0.7094662053033883,-0.6921908833045995,0.009611669510598771,0.007751167031378719,False,HRDetect_probability,PD35998a,S003808.l.r.m.c.lib.g.k2.a.t,F1772
165,0.6537254024696948,0.34625879867370823,0.0015678960547963836,0.0050800817955694785,False,HRDetect_probability,PD35999a,S003816.l.r.m.c.lib.g.k2.a.t,F1774
166,0.5944622493945771,0.40521402138084983,0.0019116277132104334,0.004527637265627061,False,HRDetect_probability,PD36000a,S003817.l.r.m.c.lib.g.k2.a.t,F1773
167,0.594207713575298,-0.5915754669677834,0.004076778321527808,0.0045303489776600606,False,HRDetect_probability,PD36001a,S003880.l.r.m.c.lib.g.k2.a.t,F962
168,0.4243448063893668,-0.41008500061169306,0.007098589973236952,0.016038342917214843,False,HRDetect_probability,PD36002a,S003935.l.r.m.c.lib.g.k2.a.t,F3076
169,0.6618482059448416,0.28138824190153844,0.0010888915620707838,0.0053395087000058655,False,HRDetect_probability,PD36003a,S003938.l.r.m.c.lib.g.k2.a.t,F3079
170,0.7517347042030538,0.2482351331997522,0.0017932470461643534,0.011167046206232722,False,HRDetect_probability,PD36004a,S003967.l.r.m.c.lib.g.k2.a.t,F369
171,0.504053926208332,-0.5038460204792408,0.00541001765529643,0.00822634603938453,False,HRDetect_probability,PD36005a,S003968.l.r.m.c.lib.g.k2.a.t,F382
172,0.6416162613246245,0.35835741122358755,0.0015777438977993127,0.004775563374104634,False,HRDetect_probability,PD36006a,S003969.l.r.m.c.lib.g.k2.a.t,F965
173,0.9592929034031639,0.04064007200657216,0.00020938919077487876,0.045343821489586565,False,HRDetect_probability,PD36007a,S003970.l.r.m.c.lib.g.k2.a.t,F1784
174,0.4249266635253413,-0.4088304811056063,0.007022307404974589,0.015965864951716167,False,HRDetect_probability,PD36008a,S003981.l.r.m.c.lib.g.k2.a.t,F1785
175,0.4885967290869308,-0.48820257600390593,0.005822713599638362,0.009407924366926862,False,HRDetect_probability,PD36009a,S004002.l.r.m.c.lib.g.k2.a.t,F3087
176,0.6425260838958026,0.35738972203827646,0.001575690691368865,0.004795023637777822,False,HRDetect_probability,PD36010a,S004021.l.r.m.c.lib.g.k2.a.t,F379
177,0.7121905371602234,-0.4099825321758684,0.003453251561149262,0.007935173675023888,False,HRDetect_probability,PD36011a,S004022.l.r.m.c.lib.g.k2.a.t,F384
178,0.47339168385587826,0.5264988152569208,0.00774193644741105,0.010726701669319803,False,HRDetect_probability,PD36012a,S004029.l.r.m.c.lib.g.k2.a.t,F1788
179,0.6498645756631206,0.3501276201251434,0.001568776659791213,0.004972302455508847,False,HRDetect_probability,PD36013a,S004048.l.r.m.c.lib.g.k2.a.t,F977
180,0.5886503830590817,0.4101970705059953,0.001990702781136433,0.00460039439378209,False,HRDetect_probability,PD36014a,S004057.l.r.m2.c.lib.g.k2.a.t,F978
181,0.555040335478233,-0.23331782291908493,0.0007665393238723486,0.005465839079293114,False,HRDetect_probability,PD36015a,S004063.l.r.m2.c.lib.g.k2.a.t,F385
182,0.6922929329181138,0.3000387940915842,0.0015591205049473036,0.0067059353778453415,False,HRDetect_probability,PD36016a,S004073.l.r.m2.c.lib.g.k2.a.t,F1791
183,0.5877182171861678,0.4122418016253442,0.0020166766918736077,0.004614173824280155,False,HRDetect_probability,PD36017a,S004126.l.r.m3.c.lib.g.k2.a.t,F1795
184,0.4943886471512596,-0.4930293815694248,0.005641834448326792,0.00894639055198503,False,HRDetect_probability,PD36019a,S004134.l.r.m2.c.lib.g.k2.a.t,F983
185,0.7492313126079109,0.14383866797563216,0.0005891046929770287,0.010931327172068652,False,HRDetect_probability,PD36021a,S004151.l.r.m2.c.lib.g.k2.a.t,F986
186,1.0004299200362683,-0.9544208167375138,0.1445561926671893,0.05555109825512268,True,HRDetect_probability,PD36022a,S004208.l.r.m.c.lib.g.k2.a.t,F990
187,0.5540843682986141,0.44581441673536193,0.0028171232523984987,0.0055015451204862105,False,HRDetect_probability,PD36023a,S004222.l.r.m.c.lib.g.k2.a.t,F415
188,0.5519917672116458,0.44797732709447924,0.0028865097732243858,0.0055818463107975965,False,HRDetect_probability,PD36024a,S004743.l.r.m.c.lib.g.k2.a.t,F873
189,0.49358079655892473,0.5063874342742942,0.005994382859578798,0.009009413456891787,False,HRDetect_probability,PD36026a,S004914.l.r.m.c.lib.g.k2.a.t,F1850
190,0.5292158751012126,-0.5029626275381438,0.0043415123175811875,0.006645942325210954,False,HRDetect_probability,PD36027a,S004962.l.r.m.c.lib.g.k2.a.t,F1858
191,0.5910339026148987,0.4088524956296302,0.0019635386904690868,0.004567813233621589,False,HRDetect_probability,PD36029a,S005014.l.r.m.c.lib.g.k2.a.t,F451
192,0.4803600874219819,-0.4509251431563261,0.005341983561504492,0.010103048544288663,False,HRDetect_probability,PD36031a,S005040.l.r.m.c.lib.g.k2.a.t,F483
193,0.5644578008875168,0.43509423066632513,0.002508497831600507,0.00514687757382576,False,HRDetect_probability,PD36033a,S005098.l.r.m.c.lib.g.k2.a.t,F474
194,0.7122882883616992,0.28767991881098975,0.0017017224387588035,0.007941868565627803,False,HRDetect_probability,PD36034a,S005106.l.r.m.c.lib.g.k2.a.t,F3184
195,0.6887305923626335,0.2983961048006796,0.0014973577903440547,0.0065139090764683915,False,HRDetect_probability,PD36036a,S005158.l.r.m.c.lib.g.k2.a.t,F1868
196,0.5857822410858239,0.41327970967152616,0.002040358734214269,0.004644655337026411,False,HRDetect_probability,PD36037a,S005181.l.r.m2.c.lib.g.k2.a.t,F457
197,0.6516812905443669,0.3483115040051261,0.0015681464815513269,0.005021771747548553,False,HRDetect_probability,PD36038a,S005239.l.r.m3.c.lib.g.k2.a.t,F494
198,0.6511691489090894,0.3487663295445066,0.0015677634849081239,0.005007601851825518,False,HRDetect_probability,PD36039a,S005242.l.r.m2.c.lib.g.k2.a.t,F1061
199,0.3752819704432947,-0.2052344086019777,0.0025823323488070485,0.022967242672206806,False,HRDetect_probability,PD36040a,S005248.l.r.m2.c.lib.g.k2.a.t,F1871
200,0.47772792916737705,0.5213105488193,0.007307001612595823,0.01033478884989512,False,HRDetect_probability,PD36041a,S005260.l.r.m2.c.lib.g.k2.a.t,F450
201,0.4477940459181524,-0.4434025817229744,0.006842452437012126,0.01329739961389869,False,HRDetect_probability,PD36042a,S005353.l.r.m2.c.lib.g.k2.a.t,F1072
202,0.5191165814448274,-0.5081615614851774,0.004826341279607991,0.0072292160644778815,False,HRDetect_probability,PD36043a,S005384.l.r.m.c.lib.g.k2.a.t,F1894
203,0.6000014100797179,-0.5676511566392313,0.0037111047935156436,0.004479396351880492,False,HRDetect_probability,PD36044a,S005401.l.r.m.c.lib.g.k2.a.t,F3179
204,0.5364140917363558,0.45880454902803225,0.0034068107869348933,0.00627200584782002,False,HRDetect_probability,PD36046a,S005441.l.r.m.c.lib.g.k2.a.t,F1083
205,0.5173255259492543,-0.4843955838024666,0.004453534044230414,0.007339804028654714,False,HRDetect_probability,PD36048a,S005511.l.r.m2.c.lib.g.k2.a.t,F1087
206,0.6057185658557545,0.3620541282276796,0.0015001012509028014,0.0044512039247724434,False,HRDetect_probability,PD36049a,S005543.l.r.m2.c.lib.g.k2.a.t,F1088
207,0.6647059196697955,0.3342434591678175,0.001565992447746214,0.005441310186690139,False,HRDetect_probability,PD36050a,S005561.l.r.m.c.lib.g.k2.a.t,F1085
208,0.49585582683989693,0.500464423917763,0.005738319749073307,0.008833051625465566,False,HRDetect_probability,PD36051a,S005600.l.r.m.c.lib.g.k2.a.t,F1882
209,0.47184808784445775,0.5279327250150032,0.00788988886757864,0.010869259072257095,False,HRDetect_probability,PD36052a,S005636.l.r.m.c.lib.g.k2.a.t,F1094
210,0.8734398984641017,-0.7955228938966672,0.04725102723105865,0.027700332766828015,True,HRDetect_probability,PD36053a,S005692.l.r.m.c.lib.g.k2.a.t,F875
211,0.6538431297287812,0.18686140013878183,0.0004569325908282535,0.005083525485018164,False,HRDetect_probability,PD36054a,S005792.l.r.m.c.lib.g.k2.a.t,F3213
212,0.6455747300526278,-0.6448814404395578,0.005205171183260313,0.0048642816371739775,False,HRDetect_probability,PD36055a,S005844.l.r.m.c.lib.g.k2.a.t,F3187
213,0.5859126452202745,0.4136341492320704,0.0020429129446949902,0.004642523129395598,False,HRDetect_probability,PD36056a,S006007.l.r.m.c.lib.g.k2.a.t,F506
214,0.5870357701934025,0.41295813856564956,0.002028320631780972,0.004624631686652406,False,HRDetect_probability,PD36057a,S006059.l.r.m.c.lib.g.k2.a.t,F3225
215,0.5261898916232811,0.4738013457420539,0.003951152289457982,0.006813521155833365,False,HRDetect_probability,PD36058a,S006070.l.r.m.c.lib.g.k2.a.t,F513
216,0.5700843899295547,0.4299040239144163,0.0023710755252500776,0.004984719111237489,False,HRDetect_probability,PD36060a,S006147.l.r.m.c.lib.g.k2.a.t,F1124
217,0.5435867992612894,0.19220820139128159,0.0005653030944696018,0.0059339899223794495,False,HRDetect_probability,PD36063a,S006439.l.r.m.c.lib.g.k2.a.t,F524
218,0.49224586118117253,0.4667238288896175,0.005152616278198301,0.009114515904448691,False,HRDetect_probability,PD36064a,S006440.l.r.m2.c.lib.g.k2.a.t,F1143
219,0.8082605403734876,0.005324713245482449,1.3182237127753077e-06,0.017609373821984558,False,HRDetect_probability,PD36066a,S006551.l.r.m.c.lib.g.k2.a.t,F1952
220,0.6090596731887065,0.1019630735292325,0.00011880562400739606,0.004444885738816979,False,HRDetect_probability,PD36067a,S006556.l.r.m.c.lib.g.k2.a.t,F3247
221,0.6275659380446826,-0.5820247759935755,0.00395959936202549,0.004545585979330496,False,HRDetect_probability,PD36068a,S006572.l.r.m.c.lib.g.k2.a.t,F3254
222,0.5450246275260948,-0.5449023572932333,0.00449406410011242,0.005870387006634843,False,HRDetect_probability,PD36069a,S002848.l2.r.m.c.lib.g.k2.a.t,F218
223,0.677429769410226,-0.6755997363268177,0.007016507437730377,0.005961116581341923,False,HRDetect_probability,PD36071a,S003764.l2.r.m.c.lib.g.k2.a.t,F343
224,0.4849859791414075,-0.4795028672566728,0.00579913526978716,0.009707044580264113,False,HRDetect_probability,PD36073a,S004413.l2.r.m.c.lib.g.k2.a.t,F3113
0,62.94743658997995,-16.94743658997995,0.0033354433300604464,0.013629819639334075,False,scarHRD_score,PD31028a,S000156.l.r.m3.c.lib.g.k2.a.t,F573
1,53.00728841770557,1.992711582294433,1.4872927865129965e-05,0.004477897047614794,False,scarHRD_score,PD31029a,S000160.l.r.m.c.lib.g.k2.a.t,F16
2,62.15417681399034,-52.15417681399034,0.028438671637949983,0.012303892014466505,True,scarHRD_score,PD31030a,S000262.l.r.m.c.lib.g.k2.a.t,F2677
3,52.049354073423956,4.950645926576044,9.127902196947784e-05,0.004452825161372339,False,scarHRD_score,PD31031a,S000285.l.r.m.c.lib.g.k2.a.t,F588
4,32.88306766876795,-26.88306766876795,0.02293857488065172,0.035610527983575016,True,scarHRD_score,PD31032a,S000294.l.r.m.c.lib.g.k2.a.t,F2681
5,35.85526532627274,-14.855265326272743,0.005182098168321364,0.02682802525387395,False,scarHRD_score,PD31033a,S000303.l.r.m.c.lib.g.k2.a.t,F584
6,51.41392591017345,-15.413925910173447,0.0008981879091735048,0.004519298937619093,False,scarHRD_score,PD31037a,S000352.l.r.m2.c.lib.g.k2.a.t,F1425
7,47.34305730899895,4.656942691001049,0.00011871721466591884,0.0065177373660465525,False,scarHRD_score,PD31040a,S000381.l.r.m2.c.lib.g.k2.a.t,F2695
8,62.7270052428213,-1.7270052428212992,3.3647907985692084e-05,0.013251005969511481,False,scarHRD_score,PD31041a,S000399.l.r.m3.c.lib.g.k2.a.t,F2699
9,44.08257342617477,19.91742657382523,0.0033828267514044515,0.010080402199954385,False,scarHRD_score,PD31042a,S000408.l.r.m2.c.lib.g.k2.a.t,F603
10,62.206138090375674,14.793861909624326,0.0023041561831401124,0.012387583210272016,False,scarHRD_score,PD31043a,S000516.l.r.m.c.lib.g.k2.a.t,F2718
11,56.917849317698526,32.082150682301474,0.0053063021494980855,0.006142958405925384,False,scarHRD_score,PD31044a,S000517.l.r.m.c.lib.g.k2.a.t,F615
12,49.781262686851605,-4.781262686851605,9.559202726252048e-05,0.004994045911589021,False,scarHRD_score,PD31045a,S000518.l.r.m.c.lib.g.k2.a.t,F621
13,58.85918098354581,5.140819016454188,0.000175885334596524,0.00790203281145379,False,scarHRD_score,PD31046a,S000581.l.r.m.c.lib.g.k2.a.t,F48
14,48.226511449856645,5.773488550143355,0.00016363716769254852,0.0058529032155620045,False,scarHRD_score,PD31047a,S000590.l.r.m2.c.lib.g.k2.a.t,F1438
15,55.855979916646085,23.144020083353915,0.0024431752358718096,0.005442538277109114,False,scarHRD_score,PD31051a,S000628.l.r.m.c.lib.g2.k2.a.t,F73
16,41.50257408731248,-4.502574087312482,0.00024443351035289293,0.014136354348875613,False,scarHRD_score,PD31053a,S000689.l.r.m.c.lib.g2.k2.a.t,F49
17,52.0344737490697,20.965526250930303,0.0016373343514505994,0.004453623894533397,False,scarHRD_score,PD31056a,S000800.l.r.m.c.lib.g.k2.a.t,F96
18,65.17451146307356,-13.174511463073557,0.002670905827132746,0.01790447972425093,False,scarHRD_score,PD31057a,S000802.l.r.m.c.lib.g.k2.a.t,F1473
19,51.731152669571095,-30.731152669571095,0.003537190765229338,0.004477827567921216,False,scarHRD_score,PD31058a,S000814.l.r.m.c.lib.g.k2.a.t,F1469
20,49.481224037486385,45.518775962513615,0.008900330108794019,0.005128889162765136,False,scarHRD_score,PD31059a,S000862.l.r.m.c.lib.g.k2.a.t,F2762
21,48.9516309010527,52.0483690989473,0.012265554314651114,0.005402962587801431,False,scarHRD_score,PD31061a,S000901.l.r.m.c.lib.g.k2.a.t,F665
22,44.955519934474786,-31.955519934474786,0.007718439337302071,0.008955477745264945,False,scarHRD_score,PD31063a,S000927.l.r.m.c.lib.g.k2.a.t,F1484
23,63.513733785171524,-12.513733785171524,0.0019572549541715186,0.01463957662150164,False,scarHRD_score,PD31065a,S000931.l.r.m.c.lib.g.k2.a.t,F2772
24,64.95982893961131,8.040171060388687,0.0009690165733222249,0.01745695561752897,False,scarHRD_score,PD31066a,S000938.l.r.m.c.lib.g.k2.a.t,F672
25,58.34943952354089,26.650560476459113,0.004410148128645453,0.007380249044198832,False,scarHRD_score,PD31067a,S000942.l.r.m.c.lib.g.k2.a.t,F1488
26,50.024208383059374,34.975791616940626,0.005013569254132941,0.0048956891801910304,False,scarHRD_score,PD31068a,S000948.l.r.m.c.lib.g.k2.a.t,F675
27,45.93671097761317,-6.936710977613167,0.0003176999520244871,0.007840391414064646,False,scarHRD_score,PD31072a,S000970.l.r.m.c.lib.g.k2.a.t,F1489
28,51.29901181028842,27.70098818971158,0.0029132607340410866,0.004538397859248292,False,scarHRD_score,PD31074a,S000998.l.r.m2.c.lib.g.k2.a.t,F2781
29,41.23258449027655,-26.23258449027655,0.00859168527121741,0.01462395717750271,False,scarHRD_score,PD31075a,S001008.l.r.m.c.lib.g.k2.a.t,F682
30,57.32747707550116,-16.327477075501157,0.0014468192181659166,0.006462629035395346,False,scarHRD_score,PD31078a,S001056.l.r.m.c.lib.g.k2.a.t,F701
31,47.579398016300466,1.4206019836995338,1.072046918355166e-05,0.006327328175993144,False,scarHRD_score,PD31080a,S001067.l.r.m.c.lib.g.k2.a.t,F2788
32,49.946894195856,-19.946894195855997,0.0016408317739085424,0.004925938774731702,False,scarHRD_score,PD31081a,S001083.l.r.m.c.lib.g2.k2.a.t,F1510
33,53.64232915839545,-21.642329158395448,0.001793749076213452,0.004577551771286263,False,scarHRD_score,PD31082a,S001090.l.r.m.c.lib.g.k2.a.t,F2782
34,61.73620004729809,-15.736200047298091,0.002447470056118392,0.011646802309223582,False,scarHRD_score,PD31086a,S001146.l.r.m.c.lib.g2.k2.a.t,F713
35,57.628388700457975,30.371611299542025,0.005204389042244309,0.006715008147194073,False,scarHRD_score,PD31087a,S001151.l.r.m.c.lib.g.k2.a.t,F1518
36,56.93075342860134,-52.93075342860134,0.01446676136766649,0.006152608478807818,False,scarHRD_score,PD31088a,S001152.l.r.m.c.lib.g.k2.a.t,F1524
37,54.92458647153442,-3.9245864715344183,6.423011782752017e-05,0.004980566565999666,False,scarHRD_score,PD31089a,S001164.l.r.m.c.lib.g.k2.a.t,F166
38,60.08937982958979,-45.08937982958979,0.01603388209625679,0.009336987300868817,False,scarHRD_score,PD31090a,S001171.l.r.m.c.lib.g2.k2.a.t,F1519
39,56.47732001236863,47.52267998763137,0.011042765904765403,0.005829913480959579,False,scarHRD_score,PD31092a,S001187.l.r.m.c.lib.g.k2.a.t,F154
40,63.7481377811276,2.2518622188723967,6.53143933388833e-05,0.015072944922266854,False,scarHRD_score,PD31093a,S001188.l.r.m.c.lib.g.k2.a.t,F1521
41,54.933506848406154,17.066493151593846,0.001215540844954187,0.004984315646205686,False,scarHRD_score,PD31094a,S001202.l.r.m.c.lib.g.k2.a.t,F2810
42,61.30336613798121,24.696633862018793,0.0056842478305494295,0.010996583377284328,False,scarHRD_score,PD31097a,S001380.l.r.m.c.lib.g.k2.a.t,F740
43,42.44587266823699,-34.44587266823699,0.012635585801504551,0.012526693063811649,False,scarHRD_score,PD31098a,S001381.l.r.m.c.lib.g.k2.a.t,F741
44,57.302664170669956,35.697335829330044,0.006894043998684874,0.006442481474459248,False,scarHRD_score,PD31099a,S001385.l.r.m.c.lib.g.k2.a.t,F1546
45,53.741669071735146,12.258330928264854,0.0005781992539425202,0.004599128947170517,False,scarHRD_score,PD31105a,S001485.l.r.m.c.lib.g.k2.a.t,F144
46,48.36912094499134,43.63087905500866,0.009191359134807592,0.005757594613789192,False,scarHRD_score,PD31106a,S001506.l.r.m.c.lib.g.k2.a.t,F761
47,49.67267883324077,29.327321166759234,0.0036307682278724856,0.005041139241984807,False,scarHRD_score,PD31107a,S001523.l.r.m.c.lib.g.k2.a.t,F2856
48,59.7066301075931,-8.7066301075931,0.0005670144822763619,0.008863908294838246,False,scarHRD_score,PD31108a,S001554.l.r.m.c.lib.g.k2.a.t,F763
49,55.0090885249592,-22.009088524959203,0.002034781097736003,0.005016605556501138,False,scarHRD_score,PD31109a,S001555.l.r.m.c.lib.g.k2.a.t,F766
50,56.125970581836796,-29.125970581836796,0.003984769684790957,0.005603077940693272,False,scarHRD_score,PD31111a,S002101.l.r.m.c.lib.g2.k2.a.t,F2871
51,58.48581885376925,8.514181146230747,0.00045850227231443967,0.007515670753357461,False,scarHRD_score,PD31112a,S002117.l.r.m2.c.lib.g.k2.a.t,F785
52,52.91596602263839,-26.915966022638393,0.002708052486875164,0.004469010867638402,False,scarHRD_score,PD31113a,S002156.l.r.m.c.lib.g.k2.a.t,F1592
53,50.773864222663256,8.226135777336744,0.0002634731232261667,0.004653268059759282,False,scarHRD_score,PD31116a,S002286.l.r.m.c.lib.g.k2.a.t,F797
54,52.24637204040817,-49.24637204040817,0.009017615372164101,0.004445676517434382,False,scarHRD_score,PD31117a,S002296.l.r.m.c.lib.g.k2.a.t,F801
55,46.835788922645776,-6.835788922645776,0.00027328934794744133,0.006957382807906308,False,scarHRD_score,PD31120a,S002338.l.r.m.c.lib.g.k2.a.t,F205
56,42.56975012290751,29.430249877092493,0.00907243358374536,0.012326157481331226,False,scarHRD_score,PD31121a,S002368.l.r.m.c.lib.g2.k2.a.t,F807
57,66.25302798923491,-45.25302798923491,0.0358434266440297,0.0202672217339916,True,scarHRD_score,PD31122a,S002370.l.r.m.c.lib.g.k2.a.t,F809
58,50.90400374365806,-5.904003743658059,0.00013475593690920071,0.004620581995270583,False,scarHRD_score,PD31123a,S002385.l.r.m.c.lib.g.k2.a.t,F1624
59,63.9433214257188,-4.9433214257188,0.00032266790836411695,0.015440684671986619,False,scarHRD_score,PD31124a,S002402.l.r.m3.c.lib.g.k2.a.t,F813
60,59.612703087816996,22.387296912183004,0.003700458056892598,0.008751489429217434,False,scarHRD_score,PD31125a,S002441.l.r.m.c.lib.g2.k2.a.t,F2921
61,40.54533561215712,-24.545335612157118,0.008209770496961484,0.015919130929259312,False,scarHRD_score,PD31126a,S002452.l.r.m.c.lib.g.k2.a.t,F815
62,62.363377095923035,29.636622904076965,0.009443075140620903,0.01264353952877783,False,scarHRD_score,PD31127a,S002493.l.r.m.c.lib.g.k2.a.t,F1644
63,55.45394363257914,17.54605636742086,0.001347678445952023,0.005225659407491836,False,scarHRD_score,PD31128a,S002518.l.r.m.c.lib.g.k2.a.t,F1641
64,60.13904196381017,12.860958036189828,0.0013134676250688676,0.009400132400992689,False,scarHRD_score,PD31129a,S002564.l.r.m.c.lib.g.k2.a.t,F2932
65,58.06920748630215,32.93079251369785,0.0064849120979077815,0.007111567553472042,False,scarHRD_score,PD31130a,S002573.l.r.m.c.lib.g.k2.a.t,F1645
66,45.462840102788206,-38.462840102788206,0.010424942401004007,0.008359194934501261,False,scarHRD_score,PD31133a,S002602.l.r.m.c.lib.g.k2.a.t,F2935
67,58.47123711228615,-6.471237112286147,0.0002643453090526985,0.007501045622862702,False,scarHRD_score,PD31134a,S002603.l.r.m.c.lib.g.k2.a.t,F2937
68,52.00810753237002,19.99189246762998,0.001489298161661689,0.004455128422257697,False,scarHRD_score,PD31135a,S002607.l.r.m.c.lib.g.k2.a.t,F1653
69,54.46825756615249,19.531742433847512,0.0015346322375560289,0.004806205847675387,False,scarHRD_score,PD31136a,S002645.l.r.m.c.lib.g.k2.a.t,F2939
70,45.55172740138523,-6.551727401385229,0.0002988007111131904,0.008259070464860917,False,scarHRD_score,PD31137a,S002652.l.r.m.c.lib.g.k2.a.t,F243
71,49.90746400559007,3.0925359944099284,3.9568358716782635e-05,0.0049417438917534395,False,scarHRD_score,PD31139a,S002687.l.r.m.c.lib.g.k2.a.t,F2948
72,49.61148285829571,22.38851714170429,0.0021275604036500935,0.00506853303836639,False,scarHRD_score,PD31140a,S002706.l.r.m.c.lib.g.k2.a.t,F2952
73,53.545865065699765,28.454134934300235,0.0030873285409648925,0.004558149597706064,False,scarHRD_score,PD31144a,S003021.l.r.m.c.lib.g.k2.a.t,F1690
74,57.72253817200284,15.277461827997158,0.0013331548476635483,0.006797025727995066,False,scarHRD_score,PD31145a,S003078.l.r.m.c.lib.g.k2.a.t,F286
75,49.425152819856564,7.574847180143436,0.0002477780324299043,0.005155727628896633,False,scarHRD_score,PD31146a,S003098.l.r.m.c.lib.g.k2.a.t,F288
76,48.972983112878644,21.027016887121356,0.0019973627554229242,0.005391021703225479,False,scarHRD_score,PD31147a,S003106.l.r.m.c.lib.g.k2.a.t,F302
77,45.739932091884874,-11.739932091884874,0.0009348823736710153,0.008051353401802493,False,scarHRD_score,PD31148a,S003121.l.r.m.c.lib.g.k2.a.t,F267
78,62.158854584091124,-31.158854584091124,0.010157010737927068,0.012311408088934602,False,scarHRD_score,PD31150a,S003177.l.r.m.c.lib.g.k2.a.t,F259
79,49.967110237676934,13.032889762323066,0.0006993292077788397,0.004917934392415586,False,scarHRD_score,PD31151a,S003303.l.r.m.c.lib.g.k2.a.t,F904
80,41.08407586376186,-23.08407586376186,0.006781157037332505,0.01489726605460752,False,scarHRD_score,PD31152a,S003304.l.r.m.c.lib.g.k2.a.t,F1728
81,54.358918504732074,-34.358918504732074,0.004712378797296586,0.004769504707532448,False,scarHRD_score,PD31153a,S003325.l.r.m.c.lib.g.k2.a.t,F905
82,60.59591145377564,17.404088546224358,0.0025619402203243915,0.010000034349937709,False,scarHRD_score,PD31155a,S004227.l.r.m.c.lib.g.k2.a.t,F2970
83,45.73760483873654,4.262395161263463,0.00012327415995690396,0.008053886428936044,False,scarHRD_score,PD31156a,S004241.l.r.m.c.lib.g.k2.a.t,F238
84,40.89860802707558,-19.898608027075582,0.005159562492924944,0.015243677347351433,False,scarHRD_score,PD31157a,S004264.l.r.m.c.lib.g.k2.a.t,F1803
85,52.584581493006844,19.415418506993156,0.001402463622649607,0.0044482631424188675,False,scarHRD_score,PD31158a,S004321.l.r.m.c.lib.g.k2.a.t,F1807
86,50.22610129548887,-6.226101295488867,0.00015643426517045227,0.0048213244082379305,False,scarHRD_score,PD31159a,S004350.l.r.m.c.lib.g.k2.a.t,F999
87,62.326568152376936,-36.326568152376936,0.014118096349776578,0.012583257447590958,False,scarHRD_score,PD31160a,S004386.l.r.m.c.lib.g.k2.a.t,F3111
88,54.7691874273709,-17.769187427370902,0.0012998203391012086,0.004917350989313874,False,scarHRD_score,PD31161a,S004409.l.r.m.c.lib.g.k2.a.t,F1808
89,47.50206712283898,-14.50206712283898,0.0011281559017205939,0.006388620931959278,False,scarHRD_score,PD31163a,S004450.l.r.m.c.lib.g.k2.a.t,F3114
90,64.76438858497735,-38.764388584977354,0.02198993949656096,0.017056122659019814,True,scarHRD_score,PD31164a,S004481.l.r.m.c.lib.g.k2.a.t,F3116
91,39.388637878418955,15.611362121581045,0.003830646609103211,0.018274087941039175,False,scarHRD_score,PD31165a,S004511.l.r.m.c.lib.g.k2.a.t,F446
92,46.56602300946024,21.43397699053976,0.0027852426681590384,0.007208392450059631,False,scarHRD_score,PD31166a,S004512.l.r.m.c.lib.g.k2.a.t,F447
93,49.825443295631665,8.174556704368335,0.00027837323569786856,0.004975438558855078,False,scarHRD_score,PD31167a,S004528.l.r.m.c.lib.g.k2.a.t,F3120
94,55.20466408170574,35.79533591829426,0.005477564295172677,0.005104512022619952,False,scarHRD_score,PD31169a,S004575.l.r.m.c.lib.g.k2.a.t,F1012
95,43.48129779186216,-15.481297791862161,0.0022193955339568283,0.010927995478269802,False,scarHRD_score,PD31170a,S004648.l.r.m.c.lib.g.k2.a.t,F1828
96,48.51129916431963,31.48870083568037,0.004710302963607933,0.005665897768063834,False,scarHRD_score,PD31171a,S004671.l.r.m.c.lib.g.k2.a.t,F1015
97,47.628583968922406,-45.628583968922406,0.010991588529527883,0.00628885398604106,False,scarHRD_score,PD31172a,S004674.l.r.m.c.lib.g.k2.a.t,F1825
98,47.42405763454198,-26.42405763454198,0.0037827983951369154,0.006451446209194829,False,scarHRD_score,PD31173a,S004681.l.r.m.c.lib.g.k2.a.t,F3131
99,52.27571235722947,-33.27571235722947,0.004116676553165091,0.004445157064243215,False,scarHRD_score,PD31174a,S004703.l.r.m.c.lib.g.k2.a.t,F1833
100,53.883706953757475,27.116293046242525,0.0028501801344057694,0.00463279450077612,False,scarHRD_score,PD31175a,S004724.l.r.m.c.lib.g.k2.a.t,F460
101,54.90788468195829,13.092115318041706,0.0007137646146170046,0.004973582218132128,False,scarHRD_score,PD31176a,S004726.l.r.m.c.lib.g.k2.a.t,F431
102,59.05045915098625,-12.05045915098625,0.0009921399981666493,0.008108836075582562,False,scarHRD_score,PD31177a,S004739.l.r.m.c.lib.g.k2.a.t,F3135
103,50.032995673665035,28.967004326334965,0.0034365015971572596,0.004892313207830325,False,scarHRD_score,PD31178a,S004758.l.r.m.c.lib.g.k2.a.t,F1839
104,59.842374052449,-1.8423740524490029,2.5870541843273816e-05,0.009028935782910016,False,scarHRD_score,PD31179a,S004771.l.r.m.c.lib.g.k2.a.t,F3139
105,55.966733919178644,-0.9667339191786439,4.31376557112518e-06,0.005506946329716071,False,scarHRD_score,PD31181a,S004819.l.r.m.c.lib.g.k2.a.t,F3134
106,54.413905250156624,21.586094749843376,0.0018671551815869238,0.004787716441853992,False,scarHRD_score,PD35926a,S000002.l.r.m.c.lib.g.k2.a.t,F2621
107,44.5119014940112,-33.5119014940112,0.009025769703502797,0.009511514584284338,False,scarHRD_score,PD35927a,S000003.l.r.m2.c.lib.g.k2.a.t,F2632
108,67.00647387050135,-4.0064738705013525,0.00030651120173404996,0.022031116373966843,False,scarHRD_score,PD35928a,S000012.l.r.m.c.lib.g.k2.a.t,F2623
109,60.30341574752425,23.696584252475752,0.004561532288816976,0.009612020441731234,False,scarHRD_score,PD35929a,S000039.l.r.m.c.lib.g.k2.a.t,F2636
110,58.481929755866446,17.518070244133554,0.0019399885820948419,0.007511766669832635,False,scarHRD_score,PD35930a,S000049.l.r.m.c.lib.g.k2.a.t,F2637
111,46.443205008939884,-2.4432050089398842,3.6791420652321746e-05,0.007326628834428517,False,scarHRD_score,PD35931a,S000054.l.r.m.c.lib.g.k2.a.t,F2639
112,62.84164945354571,11.158350546454287,0.0014260041102392555,0.013447027820012083,False,scarHRD_score,PD35932a,S000185.l.r.m3.c.lib.g.k2.a.t,F575
113,56.08087449808274,12.919125501917257,0.0007800748286147217,0.005575430813894012,False,scarHRD_score,PD35933a,S000186.l.r.m3.c.lib.g.k2.a.t,F576
114,41.52062649089845,4.479373509101549,0.00024135460317134088,0.014104178410974173,False,scarHRD_score,PD35934a,S000193.l.r.m3.c.lib.g.k2.a.t,F577
115,47.84186865986444,27.15813134013556,0.0037922191712227264,0.006126613631067756,False,scarHRD_score,PD35935a,S000200.l.r.m2.c.lib.g.k2.a.t,F6
116,43.994986534302456,-27.994986534302456,0.006764080548138104,0.010200176762520545,False,scarHRD_score,PD35936a,S000204.l.r.m2.c.lib.g.k2.a.t,F1405
117,36.40123801733856,10.598761982661443,0.0024873090802267754,0.025372402672177212,False,scarHRD_score,PD35937a,S000209.l.r.m2.c.lib.g.k2.a.t,F578
118,52.7150747664567,11.284925233543298,0.00047444721458252316,0.004454281463154804,False,scarHRD_score,PD35938a,S000213.l.r.m2.c.lib.g.k2.a.t,F1408
119,40.2304750413995,50.7695249586005,0.03653595013866329,0.016538408783315497,True,scarHRD_score,PD35939a,S000215.l.r.m2.c.lib.g.k2.a.t,F1
120,46.18957653432221,-40.18957653432221,0.010302931373239288,0.007578632856081305,False,scarHRD_score,PD35940a,S000216.l.r.m2.c.lib.g.k2.a.t,F15
121,44.38659645673597,21.613403543264027,0.003819889379169282,0.009674424967245122,False,scarHRD_score,PD35941a,S000219.l.r.m2.c.lib.g.k2.a.t,F579
122,46.42295670672116,-16.42295670672116,0.0016669197362852027,0.00734635956927027,False,scarHRD_score,PD35943a,S000443.l.r.m3.c.lib.g.k2.a.t,F2705
123,52.19727304598672,-1.1972730459867194,5.3314636584641425e-06,0.004446861905901566,False,scarHRD_score,PD35944a,S000439.l.r.m3.c.lib.g.k2.a.t,F2707
124,59.84492743438045,0.15507256561954819,1.8334677704825242e-07,0.009032068981628937,False,scarHRD_score,PD35945a,S000453.l.r.m3.c.lib.g.k2.a.t,F2710
125,52.34675976253769,13.653240237462313,0.0006929425005044482,0.004444484639565426,False,scarHRD_score,PD35946a,S000488.l.r.m2.c.lib.g.k2.a.t,F2712
126,40.88651817349018,-28.88651817349018,0.010889963068263175,0.015266454462042563,False,scarHRD_score,PD35948a,S000506.l.r.m2.c.lib.g.k2.a.t,F620
127,40.47508785096683,-21.47508785096683,0.006340136403680393,0.016055886029595283,False,scarHRD_score,PD35951a,S000712.l.r.m3.c.lib.g.k2.a.t,F646
128,60.4081291028883,26.591870897111697,0.005827964404785084,0.009749315285282698,False,scarHRD_score,PD35953a,S000728.l.r.m3.c.lib.g.k2.a.t,F1450
129,69.37202477796384,-4.372024777963844,0.0004726980489020789,0.02817472400673611,False,scarHRD_score,PD35954a,S000751.l.r.m2.c.lib.g.k2.a.t,F650
130,46.616124765736096,37.383875234263904,0.00841612150530672,0.007160870814332697,False,scarHRD_score,PD35955a,S000761.l.r.m2.c.lib.g.k2.a.t,F1463
131,53.99427461432872,-5.994274614328717,0.00014014358773578166,0.004661293575324075,False,scarHRD_score,PD35956a,S000775.l.r.m2.c.lib.g.k2.a.t,F80
132,66.96408647079048,12.035913529209523,0.0027528334602710276,0.0219294091654621,False,scarHRD_score,PD35957a,S000777.l.r.m2.c.lib.g.k2.a.t,F654
133,60.587498561868394,15.412501438131606,0.002006823783451695,0.009988677949799699,False,scarHRD_score,PD35958a,S000779.l.r.m2.c.lib.g.k2.a.t,F1471
134,55.86119002113881,-10.86119002113881,0.0005383597224035353,0.005445523033136886,False,scarHRD_score,PD35959a,S001227.l.r.m2.c.lib.g.k2.a.t,F2808
135,67.57407460942488,-30.574074609424883,0.019030133666099583,0.02342147519748157,True,scarHRD_score,PD35960a,S001239.l.r.m2.c.lib.g.k2.a.t,F1532
136,50.034904343001685,-6.034904343001685,0.000149136715337784,0.004891581595506812,False,scarHRD_score,PD35961a,S001241.l.r.m2.c.lib.g.k2.a.t,F107
137,49.93855605175082,40.06144394824918,0.006623114741763272,0.004929259739801425,False,scarHRD_score,PD35962a,S001248.l.r.m2.c.lib.g.k2.a.t,F2815
138,51.74330570822881,-44.74330570822881,0.007496068994598313,0.004476567358134807,False,scarHRD_score,PD35963a,S001252.l.r.m2.c.lib.g.k2.a.t,F59
139,48.402753785400165,-11.402753785400165,0.0006253600654380576,0.005735603695441354,False,scarHRD_score,PD35964a,S001262.l.r.m2.c.lib.g.k2.a.t,F2814
140,55.87021162797573,-15.870211627975728,0.0011505368255757809,0.005450701854981793,False,scarHRD_score,PD35965a,S001268.l.r.m2.c.lib.g.k2.a.t,F730
141,46.4689138439036,-36.4689138439036,0.008168998491362751,0.00730167412321105,False,scarHRD_score,PD35966a,S001275.l.r.m2.c.lib.g.k2.a.t,F2818
142,51.300975789600145,-10.300975789600145,0.0004028211673538386,0.004538053234240279,False,scarHRD_score,PD35967a,S001287.l.r.m2.c.lib.g.k2.a.t,F732
143,52.080519312036685,25.919480687963315,0.002501190578150836,0.004451270089232193,False,scarHRD_score,PD35968a,S001343.l.r.m2.c.lib.g.k2.a.t,F158
144,55.184243268783355,14.815756731216645,0.0009366284688878774,0.005095039773857472,False,scarHRD_score,PD35972a,S002357.l.r.m.c.lib.g.k2.a.t,F806
145,47.36108799528921,13.63891200471079,0.0010159393564260757,0.006502887749150199,False,scarHRD_score,PD35975a,S002797.l.r.m2.c.lib.g.k2.a.t,F848
146,42.524016014489455,-26.524016014489455,0.007414293418130698,0.01239989953070205,False,scarHRD_score,PD35977a,S003183.l.r.m2.c.lib.g.k2.a.t,F893
147,46.05330494567492,-27.053304945674917,0.004755902488000759,0.007718392819441176,False,scarHRD_score,PD35978a,S003256.l.r.m.c.lib.g.k2.a.t,F3019
148,44.88587375625414,46.11412624374586,0.01622895345478319,0.009040635255341883,False,scarHRD_score,PD35979a,S003260.l.r.m2.c.lib.g.k2.a.t,F333
149,52.91384571884152,17.08615428115848,0.0010912070073768384,0.004468820812752033,False,scarHRD_score,PD35980a,S003274.l.r.m.c.lib.g.k2.a.t,F3023
150,41.6329337554998,-8.6329337554998,0.0008834709221113417,0.013905207786963001,False,scarHRD_score,PD35981a,S003386.l.r.m.c.lib.g.k2.a.t,F916
151,45.573127240723274,27.426872759276726,0.005220864779943076,0.008235158971055874,False,scarHRD_score,PD35984a,S003524.l.r.m.c.lib.g.k2.a.t,F1744
152,54.20807558081143,25.791924419188568,0.002628746179549259,0.004722093649730514,False,scarHRD_score,PD35985a,S003531.l.r.m.c.lib.g.k2.a.t,F2959
153,55.82826098528788,16.171739014712117,0.0011893609625830894,0.00542673362208442,False,scarHRD_score,PD35986a,S003547.l.r.m.c.lib.g.k2.a.t,F1721
154,54.372555872092974,7.627444127907026,0.0002324502761543643,0.004773975148982301,False,scarHRD_score,PD35987a,S003573.l.r.m.c.lib.g.k2.a.t,F2960
155,57.32480989496961,-25.32480989496961,0.003479530974504752,0.006460458492188078,False,scarHRD_score,PD35988a,S003582.l.r.m.c.lib.g.k2.a.t,F318
156,59.45951312796206,11.540486872037938,0.000962730144460598,0.008571247515717098,False,scarHRD_score,PD35990a,S003634.l.r.m.c.lib.g.k2.a.t,F1755
157,45.322694504909435,12.677305495090565,0.0011546355754359426,0.008519692445112243,False,scarHRD_score,PD35991a,S003641.l.r.m.c.lib.g.k2.a.t,F3042
158,59.009259540916396,17.990740459083604,0.0021988966270052868,0.008063784974284463,False,scarHRD_score,PD35992a,S003742.l.r.m.c.lib.g.k2.a.t,F3056
159,58.13501900902425,-22.135019009024248,0.002955833546972252,0.007173508191660438,False,scarHRD_score,PD35993a,S003756.l.r.m.c.lib.g.k2.a.t,F1769
160,62.666322252026056,-48.666322252026056,0.026506483801443173,0.013148121804368924,True,scarHRD_score,PD35994a,S003758.l.r.m.c.lib.g.k2.a.t,F2963
161,49.59436622120154,30.40563377879846,0.003930172254046505,0.005076305164136831,False,scarHRD_score,PD35995a,S003781.l.r.m.c.lib.g.k2.a.t,F3067
162,61.570950950601315,24.429049049398685,0.005767855775044687,0.011394929583298765,False,scarHRD_score,PD35996a,S003784.l.r.m.c.lib.g.k2.a.t,F953
163,48.04381304960561,-20.04381304960561,0.002015571778948679,0.005979882348355904,False,scarHRD_score,PD35997a,S003799.l.r.m.c.lib.g.k2.a.t,F1770
164,58.71600552903797,-20.71600552903797,0.002800742807541786,0.007751167031378719,False,scarHRD_score,PD35998a,S003808.l.r.m.c.lib.g.k2.a.t,F1772
165,55.151690864448696,22.848309135551304,0.0022209453746152834,0.0050800817955694785,False,scarHRD_score,PD35999a,S003816.l.r.m.c.lib.g.k2.a.t,F1774
166,51.36214147088026,28.63785852911974,0.003106201182985378,0.004527637265627061,False,scarHRD_score,PD36000a,S003817.l.r.m.c.lib.g.k2.a.t,F1773
167,51.34586531935035,-34.34586531935035,0.004470538352236605,0.0045303489776600606,False,scarHRD_score,PD36001a,S003880.l.r.m.c.lib.g.k2.a.t,F962
168,40.48407610438393,-18.48407610438393,0.004691739936697457,0.016038342917214843,False,scarHRD_score,PD36002a,S003935.l.r.m.c.lib.g.k2.a.t,F3076
169,55.67109901919709,19.328900980802914,0.0016714799681311857,0.0053395087000058655,False,scarHRD_score,PD36003a,S003938.l.r.m.c.lib.g.k2.a.t,F3079
170,61.4188412045081,11.581158795491902,0.0012697896251476206,0.011167046206232722,False,scarHRD_score,PD36004a,S003967.l.r.m.c.lib.g.k2.a.t,F369
171,45.581031480500386,-35.581031480500386,0.008777163697210884,0.00822634603938453,False,scarHRD_score,PD36005a,S003968.l.r.m.c.lib.g.k2.a.t,F382
172,54.377378562422315,26.622621437577685,0.002832823227474576,0.004775563374104634,False,scarHRD_score,PD36006a,S003969.l.r.m.c.lib.g.k2.a.t,F965
173,74.69103492177383,19.308965078226166,0.015377205859732276,0.045343821489586565,False,scarHRD_score,PD36007a,S003970.l.r.m.c.lib.g.k2.a.t,F1784
174,40.52128263563246,-3.52128263563246,0.00016947638220987226,0.015965864951716167,False,scarHRD_score,PD36008a,S003981.l.r.m.c.lib.g.k2.a.t,F1785
175,44.592629599428896,-40.592629599428896,0.013095852681843807,0.009407924366926862,False,scarHRD_score,PD36009a,S004002.l.r.m.c.lib.g.k2.a.t,F3087
176,54.435556661189565,17.564443338810435,0.0012381399765526392,0.004795023637777822,False,scarHRD_score,PD36010a,S004021.l.r.m.c.lib.g.k2.a.t,F379
177,58.890211415836845,-19.890211415836845,0.0026441763827561118,0.007935173675023888,False,scarHRD_score,PD36011a,S004022.l.r.m.c.lib.g.k2.a.t,F384
178,43.620351430876504,-24.620351430876504,0.005507536883068499,0.010726701669319803,False,scarHRD_score,PD36012a,S004029.l.r.m.c.lib.g.k2.a.t,F1788
179,54.90481243958694,33.09518756041306,0.004559867071593381,0.004972302455508847,False,scarHRD_score,PD36013a,S004048.l.r.m.c.lib.g.k2.a.t,F977
180,50.990504907444944,8.009495092555056,0.00024691399531187846,0.00460039439378209,False,scarHRD_score,PD36014a,S004057.l.r.m2.c.lib.g.k2.a.t,F978
181,48.84132909045171,-7.841329090451708,0.0002816644807830466,0.005465839079293114,False,scarHRD_score,PD36015a,S004063.l.r.m2.c.lib.g.k2.a.t,F385
182,57.617870168762536,-19.617870168762536,0.002168416414099133,0.0067059353778453415,False,scarHRD_score,PD36016a,S004073.l.r.m2.c.lib.g.k2.a.t,F1791
183,50.93089807866335,27.069101921336653,0.002828746514809889,0.004614173824280155,False,scarHRD_score,PD36017a,S004126.l.r.m3.c.lib.g.k2.a.t,F1795
184,44.9629905817488,-24.962990581748798,0.004705243187295318,0.00894639055198503,False,scarHRD_score,PD36019a,S004134.l.r.m2.c.lib.g.k2.a.t,F983
185,61.25876321997674,1.7412367800232573,2.808477538647994e-05,0.010931327172068652,False,scarHRD_score,PD36021a,S004151.l.r.m2.c.lib.g.k2.a.t,F986
186,77.32151859242158,-40.32151859242158,0.08393532351507008,0.05555109825512268,True,scarHRD_score,PD36022a,S004208.l.r.m.c.lib.g.k2.a.t,F990
187,48.78020030033815,-12.780200300338151,0.0007531596853592674,0.0055015451204862105,False,scarHRD_score,PD36023a,S004222.l.r.m.c.lib.g.k2.a.t,F415
188,48.64639008659455,33.35360991340545,0.005205479824903371,0.0055818463107975965,False,scarHRD_score,PD36024a,S004743.l.r.m.c.lib.g.k2.a.t,F873
189,44.91133302450752,34.08866697549248,0.008837161414098021,0.009009413456891787,False,scarHRD_score,PD36026a,S004914.l.r.m.c.lib.g.k2.a.t,F1850
190,47.18999832111303,-37.18999832111303,0.007722110929088241,0.006645942325210954,False,scarHRD_score,PD36027a,S004962.l.r.m.c.lib.g.k2.a.t,F1858
191,51.14291774102902,18.857082258970983,0.0013588429378785611,0.004567813233621589,False,scarHRD_score,PD36029a,S005014.l.r.m.c.lib.g.k2.a.t,F451
192,44.06594212488828,13.93405787511172,0.001659445436008393,0.010103048544288663,False,scarHRD_score,PD36031a,S005040.l.r.m.c.lib.g.k2.a.t,F483
193,49.443523683194144,16.556476316805856,0.001181672200128292,0.00514687757382576,False,scarHRD_score,PD36033a,S005098.l.r.m.c.lib.g.k2.a.t,F474
194,58.89646206209936,21.10353793790064,0.0029791631171337267,0.007941868565627803,False,scarHRD_score,PD36034a,S005106.l.r.m.c.lib.g.k2.a.t,F3184
195,57.390078281371835,-23.390078281371835,0.002993069152973806,0.0065139090764683915,False,scarHRD_score,PD36036a,S005158.l.r.m.c.lib.g.k2.a.t,F1868
196,50.80710316266011,8.192896837339887,0.0002608599760269005,0.004644655337026411,False,scarHRD_score,PD36037a,S005181.l.r.m2.c.lib.g.k2.a.t,F457
197,55.02098126320298,26.979018736797023,0.003060676321536077,0.005021771747548553,False,scarHRD_score,PD36038a,S005239.l.r.m3.c.lib.g.k2.a.t,F494
198,54.98823265090881,36.01176734909119,0.005437689789148895,0.005007601851825518,False,scarHRD_score,PD36039a,S005242.l.r.m2.c.lib.g.k2.a.t,F1061
199,37.34678032178325,25.65321967821675,0.013125312759491822,0.022967242672206806,False,scarHRD_score,PD36040a,S005248.l.r.m2.c.lib.g.k2.a.t,F1871
200,43.89763022786737,12.102369772132633,0.001281153379710085,0.01033478884989512,False,scarHRD_score,PD36041a,S005260.l.r.m2.c.lib.g.k2.a.t,F450
201,41.983524696383675,-22.983524696383675,0.005980847503829152,0.01329739961389869,False,scarHRD_score,PD36042a,S005353.l.r.m2.c.lib.g.k2.a.t,F1072
202,46.54420459997043,-21.544204599970428,0.0028222108002659875,0.0072292160644778815,False,scarHRD_score,PD36043a,S005384.l.r.m.c.lib.g.k2.a.t,F1894
203,51.71634002303368,-7.7163400230336805,0.000223088400961854,0.004479396351880492,False,scarHRD_score,PD36044a,S005401.l.r.m.c.lib.g.k2.a.t,F3179
204,47.65028428412795,-0.6502842841279488,2.226451365868179e-06,0.00627200584782002,False,scarHRD_score,PD36046a,S005441.l.r.m.c.lib.g.k2.a.t,F1083
205,46.42967655151351,9.57032344848649,0.0005655509959305799,0.007339804028654714,False,scarHRD_score,PD36048a,S005511.l.r.m2.c.lib.g.k2.a.t,F1087
206,52.08192037237071,-12.08192037237071,0.0005434500301804356,0.0044512039247724434,False,scarHRD_score,PD36049a,S005543.l.r.m2.c.lib.g.k2.a.t,F1088
207,55.85383393543863,8.14616606456137,0.0003026108255980365,0.005441310186690139,False,scarHRD_score,PD36050a,S005561.l.r.m.c.lib.g.k2.a.t,F1085
208,45.056808571694155,-18.056808571694155,0.00243015751550806,0.008833051625465566,False,scarHRD_score,PD36051a,S005600.l.r.m.c.lib.g.k2.a.t,F1882
209,43.52164704163182,22.478352958368177,0.00465325448851461,0.010869259072257095,False,scarHRD_score,PD36052a,S005636.l.r.m.c.lib.g.k2.a.t,F1094
210,69.20121222552835,-49.20121222552835,0.058799225960180175,0.027700332766828015,True,scarHRD_score,PD36053a,S005692.l.r.m.c.lib.g.k2.a.t,F875
211,55.159218868615326,6.840781131384674,0.00019922252601322024,0.005083525485018164,False,scarHRD_score,PD36054a,S005792.l.r.m.c.lib.g.k2.a.t,F3213
212,54.63050064569471,-28.63050064569471,0.0033376996899778496,0.0048642816371739775,False,scarHRD_score,PD36055a,S005844.l.r.m.c.lib.g.k2.a.t,F3187
213,50.815441782577956,-5.815441782577956,0.0001313701287311618,0.004642523129395598,False,scarHRD_score,PD36056a,S006007.l.r.m.c.lib.g.k2.a.t,F506
214,50.88725938491551,26.11274061508449,0.002638417822550833,0.004624631686652406,False,scarHRD_score,PD36057a,S006059.l.r.m.c.lib.g.k2.a.t,F3225
215,46.99650348901714,30.003496510982863,0.005154529629614642,0.006813521155833365,False,scarHRD_score,PD36058a,S006070.l.r.m.c.lib.g.k2.a.t,F513
216,49.803312793049415,9.196687206950585,0.0003530037444531411,0.004984719111237489,False,scarHRD_score,PD36060a,S006147.l.r.m.c.lib.g.k2.a.t,F1124
217,48.10893908126476,12.891060918735242,0.00082723512771682,0.0059339899223794495,False,scarHRD_score,PD36063a,S006439.l.r.m.c.lib.g.k2.a.t,F524
218,44.825971323539605,-22.825971323539605,0.0040094102829920245,0.009114515904448691,False,scarHRD_score,PD36064a,S006440.l.r.m2.c.lib.g.k2.a.t,F1143
219,65.03335438960816,0.9666456103918364,1.4133357689051804e-05,0.017609373821984558,False,scarHRD_score,PD36066a,S006551.l.r.m.c.lib.g.k2.a.t,F1952
220,52.295565624276,1.7044343757239986,1.0800051985944908e-05,0.004444885738816979,False,scarHRD_score,PD36067a,S006556.l.r.m.c.lib.g.k2.a.t,F3247
221,53.47893844740759,-44.47893844740759,0.007523003112220803,0.004545585979330496,False,scarHRD_score,PD36068a,S006572.l.r.m.c.lib.g.k2.a.t,F3254
222,48.200880210722424,-35.200880210722424,0.006101309404126567,0.005870387006634843,False,scarHRD_score,PD36069a,S002848.l2.r.m.c.lib.g.k2.a.t,F218
223,56.66745343702989,-50.66745343702989,0.012838500859999416,0.005961116581341923,False,scarHRD_score,PD36071a,S003764.l2.r.m.c.lib.g.k2.a.t,F343
224,44.36174220049079,-19.361742200490788,0.003075982087312725,0.009707044580264113,False,scarHRD_score,PD36073a,S004413.l2.r.m.c.lib.g.k2.a.t,F3113
