model,outcome,predictor,N,status,reason,beta,se,ci_low,ci_high,p,r_squared,hc3_se,hc3_ci_low,hc3_ci_high,hc3_p,spearman_rho,spearman_p,pearson_r,pearson_p,vif,coefficient_stability_warning,breusch_pagan_p,shapiro_residual_p,reset_quadratic_p,cooks_threshold,influential_n,gene,fdr,excluded_patient_ids
Exploratory individual candidate,HRDetect_probability,HORMAD1_z,225,estimated,,0.19404951475765006,0.027615676497181375,0.1396284344089734,0.2484705951063267,2.5381470348875068e-11,0.18127808389526012,0.027839510267740862,0.13918733438328298,0.24891169513201714,3.532275938251675e-11,0.39617443188825835,7.112206953294655e-10,0.4257676407329003,2.5381470348874438e-11,{'HORMAD1_z': 1.0000000000000002},False,0.03504178072446327,2.7662932785814083e-08,0.37763808213697003,0.017777777777777778,7,HORMAD1,2.284332331398756e-10,
Exploratory individual candidate,HRDetect_probability,HORMAD2_z,225,estimated,,0.046925693760450964,0.030358005840859476,-0.012899582482904279,0.1067509700038062,0.12358442494263754,0.010600871837740278,0.03296332375408956,-0.01803377557443373,0.11188516309533567,0.15596776627396747,0.0972965097157604,0.14573223273490893,0.10296053534116936,0.12358442494263663,{'HORMAD2_z': 1.0},False,0.05767311845370571,8.128699378421819e-19,0.16912885835849487,0.017777777777777778,5,HORMAD2,0.23573616817717058,
Exploratory individual candidate,HRDetect_probability,STAG3_z,225,estimated,,0.03847971926519487,0.030411234618329907,-0.021450452745456747,0.09840989127584648,0.20707978626823362,0.007128267184644432,0.031110154741753045,-0.022827785949588092,0.09978722447997783,0.21743034036623232,0.07905710071639276,0.2375625826028976,0.08442906599414962,0.20707978626823564,{'STAG3_z': 1.0},False,0.19687173431044258,1.3953994515359961e-18,0.0035452269144671095,0.017777777777777778,6,STAG3,0.26624543948772894,
Exploratory individual candidate,HRDetect_probability,REC8_z,225,estimated,,0.046028592002079,0.030364164114462362,-0.013808820098335041,0.10586600410249303,0.13096453787620588,0.010199421982140189,0.03127806984029045,-0.015609816606296102,0.10766700061045409,0.1425405620707999,0.08882532659081332,0.184315421425428,0.10099218772826044,0.1309645378762065,{'REC8_z': 1.0},False,0.7200787353311751,5.26206634222159e-18,0.3912581050962016,0.017777777777777778,8,REC8,0.23573616817717058,
Exploratory individual candidate,HRDetect_probability,SMC1B_z,225,estimated,,0.04269441530873888,0.030386000087340322,-0.017186028047295653,0.10257485866477342,0.1613923718549207,0.008775307033072832,0.03179646904475421,-0.019965581337202193,0.10535441195467996,0.18072107279129854,0.15882194912751493,0.01711569310708733,0.09367660878294348,0.16139237185492017,{'SMC1B_z': 1.0000000000000002},False,0.13314458295205947,3.424507450206616e-18,0.09553123861594398,0.017777777777777778,6,SMC1B,0.24208855778238103,
Exploratory individual candidate,HRDetect_probability,SYCP2_z,225,estimated,,0.017561854022748145,0.03049754100750473,-0.0425383984471081,0.07766210649260438,0.5653006703769543,0.0014847758862810423,0.03153760515043908,-0.04458801017022431,0.0797117182157206,0.5781853389678887,0.061701432785503586,0.35692272771063016,0.03853278975471545,0.5653006703769555,{'SYCP2_z': 1.0},False,0.16793856913283942,2.0108694906034346e-19,0.0132617636648332,0.017777777777777778,2,SYCP2,0.5823917195893457,
Exploratory individual candidate,HRDetect_probability,SYCP3_z,225,estimated,,0.07880469711741898,0.030060517443642538,0.019565669049783588,0.13804372518505437,0.009356118044312559,0.029896778116801692,0.03143922269415919,0.016848711193503396,0.14076068304133457,0.012904309539611391,0.20929530915055586,0.0015941141571244983,0.1729068480911082,0.009356118044312488,{'SYCP3_z': 1.0000000000000002},False,0.4632931479792535,5.158624406622155e-16,0.05902340649488273,0.017777777777777778,5,SYCP3,0.04210253119940652,
Exploratory individual candidate,HRDetect_probability,MSH4_z,225,estimated,,0.016796011256601188,0.03049947543444171,-0.04330805330903249,0.07690007582223488,0.5823917195893457,0.0013581023289440664,0.034059801860603464,-0.05032424248424397,0.08391626499744634,0.6224038874535558,0.052742090257953296,0.43112204785319774,0.03685243993203227,0.5823917195893461,{'MSH4_z': 1.0},False,0.838624087016256,1.807097906324982e-19,0.0951725326806186,0.017777777777777778,7,MSH4,0.5823917195893457,
Exploratory individual candidate,HRDetect_probability,MSH5_z,225,estimated,,0.0632730541018767,0.03022466259143411,0.003710551927868337,0.12283555627588505,0.037441478143783,0.019273375173446627,0.028995457864315993,0.0061328952380637625,0.12041321296568963,0.030141425903086636,0.14958912768647284,0.02483367917826943,0.13882858197592654,0.037441478143783,{'MSH5_z': 1.0},False,0.16736095153643687,4.285908098822962e-17,0.6792038411537029,0.017777777777777778,4,MSH5,0.112324434431349,
Prespecified median signature,HRDetect_probability,candidate_median_z,225,estimated,,0.19487894366934724,0.050955285972757655,0.09446345276524883,0.2952944345734457,0.00017009367380803748,0.06155393236183604,0.05602399850290385,0.08447474899782222,0.3052831383408723,0.0006062246987076062,0.31183951509010954,1.8327204312392277e-06,0.2481006496602457,0.00017009367380804017,{'candidate_median_z': 0.9999999999999998},False,0.8957361543308404,4.349466843085146e-14,0.0004969792582420838,0.017777777777777778,8,composite_median,,
Exclude Cook distance >4/N,HRDetect_probability,candidate_mean_z,215,estimated,,0.3711919501530042,0.05704260546458455,0.25875162632846793,0.4836322739775405,5.385232616594482e-10,0.165833265880725,0.049097525535362806,0.27441268095207133,0.4679712193539371,1.1813827474158606e-12,0.38405177618392133,5.768302179473145e-09,0.4072263079428008,5.385232616594383e-10,{'candidate_mean_z': 0.9999999999999998},False,0.00336253749915362,1.1952832112739016e-09,0.03837889165344346,0.018604651162790697,5,composite,,PD31028a;PD31030a;PD31065a;PD31122a;PD31124a;PD31160a;PD31164a;PD35994a;PD36022a;PD36053a
Exploratory individual candidate,scarHRD_score,HORMAD1_z,225,estimated,,10.630262458121596,1.554605317384779,7.566665558856348,13.693859357386843,7.613958425050462e-11,0.17333041375700597,1.60790295292222,7.4616340957932,13.79889082044999,2.776680524918368e-10,0.38030819648068004,3.726829917042659e-09,0.4163296935807078,7.61395842505062e-11,{'HORMAD1_z': 1.0000000000000002},False,0.0012820321611911793,0.002344051171795679,0.7644572917476882,0.017777777777777778,9,HORMAD1,6.852562582545415e-10,
Exploratory individual candidate,scarHRD_score,HORMAD2_z,225,estimated,,2.880062620295359,1.6989229042800449,-0.46793502479105253,6.228060265381771,0.09142784568418089,0.012723033198073996,1.4661811713895894,-0.009280443310331066,5.7694056839010495,0.05073405316410703,0.12256702713031524,0.06647744300466216,0.11279642369363427,0.09142784568418037,{'HORMAD2_z': 1.0},False,0.06145420129916959,7.135240288071807e-06,0.38396176010241756,0.017777777777777778,5,HORMAD2,0.1645701222315256,
Exploratory individual candidate,scarHRD_score,STAG3_z,225,estimated,,1.5093188054360143,1.7068449930746816,-1.854290574922075,4.872928185794104,0.377500659042463,0.0034942080956563704,1.605921745229083,-1.6554052721986268,4.674042883070655,0.3483135640505872,0.08795180398960883,0.18868550407064558,0.059111827037035436,0.3775006590424664,{'STAG3_z': 1.0},False,0.18089166357172984,1.0318802319518413e-05,0.00988933672821849,0.017777777777777778,5,STAG3,0.42468824142277084,
Exploratory individual candidate,scarHRD_score,REC8_z,225,estimated,,1.9258470081925811,1.7049643668056034,-1.4340562991563683,5.285750315541531,0.2598783256824134,0.005688927061740734,1.8565391193963663,-1.732758443585625,5.584452459970787,0.30070475838279653,0.06525526103103388,0.32985001701315997,0.07542497637878832,0.25987832568241387,{'REC8_z': 1.0},False,0.14025065942538872,2.3699539327965173e-05,0.04774436358664799,0.017777777777777778,13,REC8,0.3341292758773887,
Exploratory individual candidate,scarHRD_score,SMC1B_z,225,estimated,,4.5249515412848895,1.6827710157342157,1.2087837600957156,7.841119322474063,0.007708342948862531,0.031406147383168714,1.7228793850878958,1.129743842624427,7.920159239945352,0.009227743195916703,0.18816982553946476,0.004623326070325276,0.17721779646290842,0.007708342948862498,{'SMC1B_z': 1.0000000000000002},False,0.23527113531116264,8.81594867269304e-05,0.24373922666549688,0.017777777777777778,11,SMC1B,0.017343771634940695,
Exploratory individual candidate,scarHRD_score,SYCP2_z,225,estimated,,2.686073212161454,1.7003473347770561,-0.6647314996479787,6.036877923970887,0.11558829490776222,0.01106681093725792,1.6575921625181314,-0.5804756363139068,5.9526220606368145,0.10654519128198614,0.11209239941329495,0.0934816581429609,0.10519891129312084,0.11558829490776226,{'SYCP2_z': 1.0},False,0.34380428533312923,1.751320389896323e-05,0.1603499671655372,0.017777777777777778,7,SYCP2,0.17338244236164332,
Exploratory individual candidate,scarHRD_score,SYCP3_z,225,estimated,,4.776717998229962,1.6796477991343015,1.4667050118200367,8.086730984639889,0.004871027634669542,0.03499822385395712,1.8255441884700518,1.1791929848221439,8.37424301163778,0.009488287077059685,0.20519815489648593,0.0019759904268926254,0.1870781223284998,0.004871027634669558,{'SYCP3_z': 1.0000000000000002},False,0.3749274181385661,9.424625832691438e-05,0.10741168133766821,0.017777777777777778,7,SYCP3,0.014613082904008624,
Exploratory individual candidate,scarHRD_score,MSH4_z,225,estimated,,-0.029422124447006294,1.709833731421346,-3.3989212888095395,3.340077039915527,0.9862863896592737,1.3278066989252935e-06,2.143050343770121,-4.25264348791701,4.193799239022998,0.9890583923810745,0.04909635689382075,0.4636892365990204,-0.0011523049504915152,0.9862863896592723,{'MSH4_z': 1.0},False,0.09987407960484361,9.826317754370344e-06,0.08127569591157663,0.017777777777777778,9,MSH4,0.9862863896592737,
Exploratory individual candidate,scarHRD_score,MSH5_z,225,estimated,,5.92119942051634,1.6632236283533546,2.6435528734301625,9.198845967602516,0.00045306208670229666,0.05377818925013411,1.6101155144128083,2.748210854060119,9.09418798697256,0.00029521429450765125,0.22575318415626375,0.0006458636041218137,0.23190124891887506,0.00045306208670229867,{'MSH5_z': 1.0},False,0.2875448210517114,5.1558311430771515e-05,0.9640171308872332,0.017777777777777778,6,MSH5,0.002038779390160335,
Prespecified median signature,scarHRD_score,candidate_median_z,225,estimated,,14.26587371177098,2.7876568569665636,8.772352746858136,19.759394676683826,6.674461246239411e-07,0.10509676272196866,3.1058680028245425,8.145267100835703,20.38648032270626,7.29803793152964e-06,0.3670822232635567,1.3875282337355252e-08,0.3241863086590312,6.674461246239143e-07,{'candidate_median_z': 0.9999999999999998},False,0.9465302000875063,0.0005768094542030912,0.005509995249934057,0.017777777777777778,10,composite_median,,
Exclude Cook distance >4/N,scarHRD_score,candidate_mean_z,216,estimated,,20.47216522700926,3.2537806720948934,14.058601514284335,26.885728939734186,1.7456620669835321e-09,0.15610767926403457,2.879721158367626,14.795914432827225,26.148416021191295,1.719475705809976e-11,0.39088762538678595,2.6824453063022636e-09,0.39510464343517193,1.7456620669834945e-09,{'candidate_mean_z': 1.0000000000000004},False,0.248823224935608,0.016126102111525965,0.13702375756472424,0.018518518518518517,7,composite,,PD31030a;PD31032a;PD31122a;PD31164a;PD35939a;PD35960a;PD35994a;PD36022a;PD36053a
