patient_id,clinical_sample_id,gdc_sample_id,aliquot_id,expression_sample_id,file_id,n_gene_rows,assigned_reads,assigned_fraction_of_STAR_accounting,detected_genes,genes_ge_1_tpm,tpm_sum,mean_log2_tpm1,median_log2_tpm1,p05_log2_tpm1,p95_log2_tpm1,p99_log2_tpm1,correlation_gene_n,median_pearson_other_samples,correlation_robust_z,low_correlation_flag,robust_outlier_flag,outlier_assessment
TCGA-A1-A0SK,TCGA-A1-A0SK-01,TCGA-A1-A0SK-01A,,TCGA-A1-A0SK-01A|507952aa-23c0-4239-ae19-04d8f862acc2,507952aa-23c0-4239-ae19-04d8f862acc2,60660,62522284,0.7831888810582605,33125,18244,999999.9927,1.2725985321607416,0.09166598752181289,0.0,5.997756074011158,7.9136037898601534,17367,0.8125061940994939,-4.928007102175975,False,True,review_flags_only_no_automatic_exclusion
TCGA-A1-A0SP,TCGA-A1-A0SP-01,TCGA-A1-A0SP-01A,TCGA-A1-A0SP-01A-11R-A084-07,TCGA-A1-A0SP-01A-11R-A084-07,222b562a-3ef7-4e69-a60d-54aac5104102,60660,57792424,0.7542191105807975,32715,16959,1000000.0055000001,1.162829863918389,0.06405506441044337,0.0,5.6943014649070305,7.7475200511652105,17367,0.8949794063589583,0.6007905737960872,False,False,review_flags_only_no_automatic_exclusion
TCGA-A2-A0CM,TCGA-A2-A0CM-01,TCGA-A2-A0CM-01A,,TCGA-A2-A0CM-01A|8fb0660c-fb39-47f0-8450-1f7abff3b656,8fb0660c-fb39-47f0-8450-1f7abff3b656,60660,43421498,0.7715732852943952,33334,17571,999999.9896999998,1.1943604616144412,0.09868904409132834,0.0,5.756869575930657,7.806428446147601,17367,0.9095701753259702,1.5789191969624883,False,False,review_flags_only_no_automatic_exclusion
TCGA-A2-A0D0,TCGA-A2-A0D0-01,TCGA-A2-A0D0-01A,,TCGA-A2-A0D0-01A|d2a12641-a25f-4aab-99a4-433cf664ae73,d2a12641-a25f-4aab-99a4-433cf664ae73,60660,52810562,0.7736782771720325,29676,15757,999999.9996999999,1.0695095191838238,0.0,0.0,5.580059686131003,7.837208530572659,17367,0.8895677526574234,0.23800685786560308,False,False,review_flags_only_no_automatic_exclusion
TCGA-A2-A0D2,TCGA-A2-A0D2-01,TCGA-A2-A0D2-01A,,TCGA-A2-A0D2-01A|64bfe46f-8152-4c70-b69d-ea412a4dfcff,64bfe46f-8152-4c70-b69d-ea412a4dfcff,60660,54762380,0.7821172911576585,31838,16701,1000000.0006,1.1528044745634256,0.048375704538976265,0.0,5.78361966131311,7.904530783705123,17367,0.9071152080411894,1.4143443362673316,False,False,review_flags_only_no_automatic_exclusion
TCGA-A2-A0SX,TCGA-A2-A0SX-01,TCGA-A2-A0SX-01A,,TCGA-A2-A0SX-01A|6e112ec6-1791-4764-8a62-7ad4dfea2d3b,6e112ec6-1791-4764-8a62-7ad4dfea2d3b,60660,65036717,0.7692938712181765,34772,18354,999999.9999999999,1.2235990641761574,0.11855906970682514,0.0,5.6195032469998925,7.580209311673625,17367,0.8988151097419399,0.8579265258047101,False,False,review_flags_only_no_automatic_exclusion
TCGA-A2-A0T0,TCGA-A2-A0T0-01,TCGA-A2-A0T0-01A,,TCGA-A2-A0T0-01A|bbd09e9b-84ba-458f-a595-b03069b843dd,bbd09e9b-84ba-458f-a595-b03069b843dd,60660,64043789,0.7766554318212485,32010,16076,1000000.0155000001,1.0992507381641603,0.043204498565167566,0.0,5.622073496326723,7.689070401000408,17367,0.8978104828119018,0.7905788515254626,False,False,review_flags_only_no_automatic_exclusion
TCGA-A2-A0T2,TCGA-A2-A0T2-01,TCGA-A2-A0T2-01A,,TCGA-A2-A0T2-01A|54600389-6de5-44ce-ada1-8a8508b50980,54600389-6de5-44ce-ada1-8a8508b50980,60660,53545972,0.7756968962141174,31068,15377,999999.9947000002,0.993894252001398,0.023326331860027503,0.0,5.181876357777655,7.421876501845518,17367,0.8856026106129423,-0.027806337956780214,False,False,review_flags_only_no_automatic_exclusion
TCGA-A2-A0YE,TCGA-A2-A0YE-01,TCGA-A2-A0YE-01A,,TCGA-A2-A0YE-01A|c94fb480-7f46-4c24-bcb1-26f66a57c45a,c94fb480-7f46-4c24-bcb1-26f66a57c45a,60660,62232052,0.7867545496756853,32161,17345,1000000.0028999998,1.2063740153556015,0.05838577100035305,0.0,5.887979696051788,7.97819577423717,17367,0.8820742659630036,-0.2643377299830531,False,False,review_flags_only_no_automatic_exclusion
TCGA-A2-A1G6,TCGA-A2-A1G6-01,TCGA-A2-A1G6-01A,,TCGA-A2-A1G6-01A|0c3ddae2-366f-4b21-ab46-a2cfe1963e42,0c3ddae2-366f-4b21-ab46-a2cfe1963e42,60660,57126023,0.7711836126072743,33691,19264,999999.9981999999,1.3050363032495507,0.12273897195454528,0.0,5.853133114705156,7.753064565309543,17367,0.8520034538649527,-2.280209689950486,False,False,review_flags_only_no_automatic_exclusion
TCGA-A2-A3XT,TCGA-A2-A3XT-01,TCGA-A2-A3XT-01A,TCGA-A2-A3XT-01A-11R-A22U-07,TCGA-A2-A3XT-01A-11R-A22U-07,0c068d5a-ccad-47a5-bfe0-0dc5f136d6aa,60660,66960414,0.7512508737753192,33860,17216,1000000.0007,1.1586236441043831,0.07683269555739859,0.0,5.64815891178885,7.77187754576932,17367,0.8893165867205083,0.2211693222554852,False,False,review_flags_only_no_automatic_exclusion
TCGA-A2-A3XX,TCGA-A2-A3XX-01,TCGA-A2-A3XX-01A,,TCGA-A2-A3XX-01A|c0f6d246-c872-41a5-8135-2bdbdb1f924f,c0f6d246-c872-41a5-8135-2bdbdb1f924f,60660,62551616,0.7735616971923169,33110,17278,999999.9996999999,1.1568947496509228,0.06846445096690573,0.0,5.645637527401851,7.835933654060399,17367,0.8891284221225764,0.20855523868525522,False,False,review_flags_only_no_automatic_exclusion
TCGA-A2-A3XY,TCGA-A2-A3XY-01,TCGA-A2-A3XY-01A,,TCGA-A2-A3XY-01A|fc9fab5b-52f0-4c79-bdf3-750c650a0fdc,fc9fab5b-52f0-4c79-bdf3-750c650a0fdc,60660,78023832,0.7799326721850974,35021,18425,1000000.0088000001,1.2594265973896481,0.11556599592160316,0.0,5.861128603347623,7.9092256929000655,17367,0.8975374155943225,0.7722731088900646,False,False,review_flags_only_no_automatic_exclusion
TCGA-A7-A0DA,TCGA-A7-A0DA-01,TCGA-A7-A0DA-01A,,TCGA-A7-A0DA-01A|3293a2fa-d57c-448e-a336-a92def5dd92a,3293a2fa-d57c-448e-a336-a92def5dd92a,60660,63240518,0.7930151287965022,33604,17657,999999.9926,1.1810265420018373,0.08814159686901755,0.0,5.646318066060619,7.610802727153631,17367,0.8902938011094856,0.28667932841005256,False,False,review_flags_only_no_automatic_exclusion
TCGA-A7-A26G,TCGA-A7-A26G-01,TCGA-A7-A26G-01A,,TCGA-A7-A26G-01A|cd417f4e-c065-4e73-a7c7-955b2fe71add,cd417f4e-c065-4e73-a7c7-955b2fe71add,60660,86981112,0.7788452224384141,35684,17446,1000000.0074,1.179273320695902,0.11123167124071535,0.0,5.613467708425483,7.597034606392528,17367,0.877427469593066,-0.5758473252441337,False,False,review_flags_only_no_automatic_exclusion
TCGA-A7-A4SE,TCGA-A7-A4SE-01,TCGA-A7-A4SE-01A,,TCGA-A7-A4SE-01A|87b7171a-7340-4e1e-849b-c52351f23ab0,87b7171a-7340-4e1e-849b-c52351f23ab0,60660,34174471,0.7801349034494207,31853,19437,999999.9862999999,1.3049023156107151,0.09761079662642233,0.0,5.9341108177693,7.901595455997202,17367,0.8876937433762089,0.11237796728556113,False,False,review_flags_only_no_automatic_exclusion
TCGA-A7-A6VV,TCGA-A7-A6VV-01,TCGA-A7-A6VV-01A,,TCGA-A7-A6VV-01A|1aa289bb-8ac9-4e9e-be61-3164afbe06a2,1aa289bb-8ac9-4e9e-be61-3164afbe06a2,60660,57498758,0.7908979516992451,32902,17896,1000000.0031,1.227989954263103,0.08317932033962158,0.0,5.8541876933940955,7.942184740695236,17367,0.8960925914483402,0.675415715299471,False,False,review_flags_only_no_automatic_exclusion
TCGA-A7-A6VW,TCGA-A7-A6VW-01,TCGA-A7-A6VW-01A,,TCGA-A7-A6VW-01A|b4835808-46fa-4b6c-a933-92acc9908319,b4835808-46fa-4b6c-a933-92acc9908319,60660,48965890,0.7516039464714221,32418,16596,1000000.0016999999,1.112695763319218,0.054640130538345405,0.0,5.611778628726711,7.908308883699054,17367,0.8818974392295054,-0.2761917515063003,False,False,review_flags_only_no_automatic_exclusion
TCGA-A7-A6VY,TCGA-A7-A6VY-01,TCGA-A7-A6VY-01A,,TCGA-A7-A6VY-01A|9f06e9cd-8184-4b66-a2e0-96da9a7159e8,9f06e9cd-8184-4b66-a2e0-96da9a7159e8,60660,62223450,0.7621314756026605,33560,16775,1000000.0086,1.1278900770130647,0.07244885006969244,0.0,5.554614902418342,7.766973630278884,17367,0.9051050765336713,1.2795901524215503,False,False,review_flags_only_no_automatic_exclusion
TCGA-A8-A07C,TCGA-A8-A07C-01,TCGA-A8-A07C-01A,,TCGA-A8-A07C-01A|d9ea5bde-aa1a-4210-976f-b2f67c6d0191,d9ea5bde-aa1a-4210-976f-b2f67c6d0191,60660,81498528,0.7666848331920961,35593,17677,999999.9937999999,1.2262948775546423,0.11742908358689448,0.0,5.887213911250836,7.852705541585203,17367,0.8773865023831335,-0.5785936644354918,False,False,review_flags_only_no_automatic_exclusion
TCGA-A8-A07O,TCGA-A8-A07O-01,TCGA-A8-A07O-01A,,TCGA-A8-A07O-01A|d1237195-a00b-4c52-86b3-4627c42eb14c,d1237195-a00b-4c52-86b3-4627c42eb14c,60660,73108479,0.757562124106635,32027,16292,999999.9987000001,1.125639438394685,0.04362447674703463,0.0,5.741209435307723,7.793964717994609,17367,0.8906325065911004,0.30938529593923275,False,False,review_flags_only_no_automatic_exclusion
TCGA-A8-A08R,TCGA-A8-A08R-01,TCGA-A8-A08R-01A,,TCGA-A8-A08R-01A|f6cb208f-cc43-4245-8392-dc5ada57bb9b,f6cb208f-cc43-4245-8392-dc5ada57bb9b,60660,69189240,0.7623301003820947,34761,17632,999999.9901,1.1938716436087453,0.10500752476097375,0.0,5.703538598024144,7.739700839788732,17367,0.8990200340874563,0.8716641408945285,False,False,review_flags_only_no_automatic_exclusion
TCGA-A8-A09X,TCGA-A8-A09X-01,TCGA-A8-A09X-01A,,TCGA-A8-A09X-01A|09f1c0ee-ee22-435f-88c9-d9f5c936c45c,09f1c0ee-ee22-435f-88c9-d9f5c936c45c,60660,54147655,0.695345957750003,31192,16862,1000000.0116999999,1.1145663823594851,0.039138393906958314,0.0,5.466949905293539,7.7015892090852125,17367,0.8743516859590343,-0.7820401597626574,False,False,review_flags_only_no_automatic_exclusion
TCGA-AC-A2BK,TCGA-AC-A2BK-01,TCGA-AC-A2BK-01A,,TCGA-AC-A2BK-01A|bd86e2d9-6098-4f78-9e9b-f2f95367c739,bd86e2d9-6098-4f78-9e9b-f2f95367c739,60660,56635321,0.7935490481710896,30237,17188,1000000.0109000001,1.206829555992213,0.0,0.0,5.965698990009847,7.908969854049758,17367,0.8467929788106392,-2.6295068930273904,False,False,review_flags_only_no_automatic_exclusion
TCGA-AC-A2QH,TCGA-AC-A2QH-01,TCGA-AC-A2QH-01A,,TCGA-AC-A2QH-01A|ff570f9a-a252-496d-a452-344063851a7b,ff570f9a-a252-496d-a452-344063851a7b,60660,73893785,0.3863981262120176,43371,16741,1000000.0035000001,0.9259443944372532,0.15962918582122781,0.0,4.208161372507004,6.3708131100034775,17367,0.7410711281922311,-9.716835080992356,True,True,review_flags_only_no_automatic_exclusion
TCGA-AC-A2QJ,TCGA-AC-A2QJ-01,TCGA-AC-A2QJ-01A,,TCGA-AC-A2QJ-01A|a260d9e5-d88e-44eb-8431-4266c1baf68a,a260d9e5-d88e-44eb-8431-4266c1baf68a,60660,52048654,0.7679021013841406,27972,14945,1000000.0096999999,0.941429258604967,0.0,0.0,5.139677312267525,7.8362031104612875,17367,0.7893656183522522,-6.479293367218032,True,True,review_flags_only_no_automatic_exclusion
TCGA-AC-A6IW,TCGA-AC-A6IW-01,TCGA-AC-A6IW-01A,,TCGA-AC-A6IW-01A|3208ca18-f70a-415e-8d10-5e9cb8a24b52,3208ca18-f70a-415e-8d10-5e9cb8a24b52,60660,67418679,0.7704563688077541,33389,16736,999999.9929000001,1.131055491964821,0.06695024392462703,0.0,5.633696096147961,7.825183178945301,17367,0.8845532413075379,-0.09815342906684815,False,False,review_flags_only_no_automatic_exclusion
TCGA-AC-A7VC,TCGA-AC-A7VC-01,TCGA-AC-A7VC-01A,,TCGA-AC-A7VC-01A|aedc877a-f4b9-4657-b5c9-b7768b5751c9,aedc877a-f4b9-4657-b5c9-b7768b5751c9,60660,41754927,0.7451843171255863,30356,16699,1000000.0094999998,1.0857378391240717,0.008702006104728096,0.0,5.429895102854269,7.647707606675695,17367,0.8260137671380519,-4.022493222243015,False,True,review_flags_only_no_automatic_exclusion
TCGA-AN-A04D,TCGA-AN-A04D-01,TCGA-AN-A04D-01A,,TCGA-AN-A04D-01A|d141392c-757b-44f5-b531-0bcc136d8b17,d141392c-757b-44f5-b531-0bcc136d8b17,60660,71102538,0.7755475890427741,32670,16046,999999.9980999999,1.08679594427893,0.048236185652847624,0.0,5.576746747926598,7.628849533088985,17367,0.8651499554582541,-1.3989011357554608,False,False,review_flags_only_no_automatic_exclusion
TCGA-AN-A0AL,TCGA-AN-A0AL-01,TCGA-AN-A0AL-01A,,TCGA-AN-A0AL-01A|f52fccc4-745f-4e5d-bff8-8d2009b6588d,f52fccc4-745f-4e5d-bff8-8d2009b6588d,60660,53697878,0.7503381755486789,30414,15901,999999.99,1.0798552043673328,0.010994614295498613,0.0,5.536974342376371,7.691059668874752,17367,0.8913728684153751,0.35901729912289443,False,False,review_flags_only_no_automatic_exclusion
TCGA-AN-A0AR,TCGA-AN-A0AR-01,TCGA-AN-A0AR-01A,,TCGA-AN-A0AR-01A|422ef158-74dd-4a5e-88a6-5b0da33004d1,422ef158-74dd-4a5e-88a6-5b0da33004d1,60660,62714164,0.7325952030173769,35292,17523,999999.9967999998,1.1349321386565985,0.10996225339881809,0.0,5.4522219478373914,7.534563413369207,17367,0.8593295721396433,-1.7890850619491323,False,False,review_flags_only_no_automatic_exclusion
TCGA-AN-A0AT,TCGA-AN-A0AT-01,TCGA-AN-A0AT-01A,,TCGA-AN-A0AT-01A|4dd3d7e2-8a60-41e8-8812-a06f413afe2b,4dd3d7e2-8a60-41e8-8812-a06f413afe2b,60660,73048810,0.7706518788276663,33882,16897,999999.9948999999,1.153380893322018,0.07642227545860236,0.0,5.690994728230536,7.7188230127486435,17367,0.8991797280222379,0.8823696224842276,False,False,review_flags_only_no_automatic_exclusion
TCGA-AN-A0G0,TCGA-AN-A0G0-01,TCGA-AN-A0G0-01A,,TCGA-AN-A0G0-01A|e94299a9-67bc-4c30-963c-1476fbb7d5ff,e94299a9-67bc-4c30-963c-1476fbb7d5ff,60660,70581352,0.7627095883477584,31871,16223,1000000.0101,1.1364325782332607,0.039980597690881255,0.0,5.756788061377125,7.816583787818417,17367,0.8769404143598769,-0.6084982887212664,False,False,review_flags_only_no_automatic_exclusion
TCGA-AN-A0XU,TCGA-AN-A0XU-01,TCGA-AN-A0XU-01A,,TCGA-AN-A0XU-01A|5fbe4a11-de4d-418e-9bc3-75b768d4a665,5fbe4a11-de4d-418e-9bc3-75b768d4a665,60660,59160136,0.7526467316161815,34174,18854,1000000.0042,1.2598921862749604,0.127501219215837,0.0,5.797783287113671,7.775839064920301,17367,0.893371380649476,0.4929925559679502,False,False,review_flags_only_no_automatic_exclusion
TCGA-AO-A03U,TCGA-AO-A03U-01,TCGA-AO-A03U-01B,,TCGA-AO-A03U-01B|7806768a-e8c6-48b0-a241-c036c230e78b,7806768a-e8c6-48b0-a241-c036c230e78b,60660,77827934,0.8089919088266967,31518,15882,1000000.0009999999,1.081793557752124,0.03167749645076024,0.0,5.427259703163562,7.579904792290298,17367,0.8584536394884044,-1.84780539396727,False,False,review_flags_only_no_automatic_exclusion
TCGA-AO-A0J4,TCGA-AO-A0J4-01,TCGA-AO-A0J4-01A,,TCGA-AO-A0J4-01A|7fa9ad2e-67a7-449f-be73-9e18dc46b529,7fa9ad2e-67a7-449f-be73-9e18dc46b529,60660,85104362,0.7849584761185857,34909,17604,1000000.0087000001,1.1993310277921714,0.0978804340519131,0.0,5.70680376013789,7.768665528819486,17367,0.9082641363725126,1.491365615226296,False,False,review_flags_only_no_automatic_exclusion
TCGA-AO-A0J6,TCGA-AO-A0J6-01,TCGA-AO-A0J6-01A,,TCGA-AO-A0J6-01A|0f0b1a31-1f88-40e0-bd25-320046de4970,0f0b1a31-1f88-40e0-bd25-320046de4970,60660,78691472,0.793682498283816,32112,15967,1000000.0051999999,1.0930741390655514,0.03604610015685955,0.0,5.589024575505606,7.68130316781966,17367,0.8891350073289119,0.20899669443175042,False,False,review_flags_only_no_automatic_exclusion
TCGA-AO-A124,TCGA-AO-A124-01,TCGA-AO-A124-01A,,TCGA-AO-A124-01A|a63cca36-139d-4054-9d99-9b04ddae7ec2,a63cca36-139d-4054-9d99-9b04ddae7ec2,60660,72224374,0.7844955570554905,33616,17281,999999.9928,1.1931619994949905,0.08106688049188852,0.0,5.826140756362154,7.880140030753542,17367,0.881613252442369,-0.295242922246667,False,False,review_flags_only_no_automatic_exclusion
TCGA-AO-A128,TCGA-AO-A128-01,TCGA-AO-A128-01A,TCGA-AO-A128-01A-11R-A10J-07,TCGA-AO-A128-01A-11R-A10J-07,e173c170-b7c6-4aa9-9f34-33cd02702d75,60660,72941840,0.7869293618173575,34382,18292,999999.9907999999,1.2518746666276852,0.11249997620071796,0.0,5.886716086364411,7.862237565870207,17367,0.8652607803023903,-1.3914717156575471,False,False,review_flags_only_no_automatic_exclusion
TCGA-AO-A129,TCGA-AO-A129-01,TCGA-AO-A129-01A,,TCGA-AO-A129-01A|bdef0c66-0755-4581-b813-87c8512754ba,bdef0c66-0755-4581-b813-87c8512754ba,60660,55210244,0.7576410250386284,33477,17406,999999.9911999999,1.1458069267932949,0.08433644572332372,0.0,5.51826555263988,7.695745588061006,17367,0.9118311627276163,1.7304901319261476,False,False,review_flags_only_no_automatic_exclusion
TCGA-AO-A12F,TCGA-AO-A12F-01,TCGA-AO-A12F-01A,,TCGA-AO-A12F-01A|d6882616-b77d-4d4c-90dc-7318c57876e1,d6882616-b77d-4d4c-90dc-7318c57876e1,60660,63287834,0.7444034856260048,33326,17529,999999.9887000001,1.1569076322474199,0.07929276727285353,0.0,5.548004367066689,7.65888985825643,17367,0.8858521508055439,-0.011077788175345136,False,False,review_flags_only_no_automatic_exclusion
TCGA-AO-A1KR,TCGA-AO-A1KR-01,TCGA-AO-A1KR-01A,,TCGA-AO-A1KR-01A|707414cc-7f34-41c6-8803-6641521a4069,707414cc-7f34-41c6-8803-6641521a4069,60660,38573913,0.7404364538568977,29294,15627,999999.9970999999,0.9630524485307451,0.0,0.0,5.0040210867811075,7.327581864612919,17367,0.8573997521920325,-1.9184553598808844,False,False,review_flags_only_no_automatic_exclusion
TCGA-AQ-A04J,TCGA-AQ-A04J-01,TCGA-AQ-A04J-01A,,TCGA-AQ-A04J-01A|eb914a22-6e3f-4296-89d4-a960902fba2b,eb914a22-6e3f-4296-89d4-a960902fba2b,60660,70248065,0.7665690498207112,36734,18349,999999.9956999999,1.1796929302373538,0.1506896432473209,0.0,5.380795235266347,7.360489724516209,17367,0.9044492969404326,1.2356283302526558,False,False,review_flags_only_no_automatic_exclusion
TCGA-AR-A0TS,TCGA-AR-A0TS-01,TCGA-AR-A0TS-01A,,TCGA-AR-A0TS-01A|ad1ea8c5-ca8b-49e9-a650-6012d71daf24,ad1ea8c5-ca8b-49e9-a650-6012d71daf24,60660,60132674,0.7812856458717373,35210,19528,999999.997,1.3200601904728395,0.15484240686923262,0.0,5.869543752861414,7.834590584796807,17367,0.8889570860578625,0.1970692978512783,False,False,review_flags_only_no_automatic_exclusion
TCGA-AR-A0TU,TCGA-AR-A0TU-01,TCGA-AR-A0TU-01A,,TCGA-AR-A0TU-01A|017d71aa-0999-4d8e-9cb4-88b9013e61eb,017d71aa-0999-4d8e-9cb4-88b9013e61eb,60660,59670420,0.7308982519503804,30493,16749,1000000.0023,1.161569371009191,0.01492654423810282,0.0,5.857860717551968,7.931587801739105,17367,0.8814972126865139,-0.303021936970544,False,False,review_flags_only_no_automatic_exclusion
TCGA-AR-A0U4,TCGA-AR-A0U4-01,TCGA-AR-A0U4-01A,,TCGA-AR-A0U4-01A|1f5bbb4e-9b0e-4953-a360-83fd7b6a2267,1f5bbb4e-9b0e-4953-a360-83fd7b6a2267,60660,57126575,0.7936392770883915,31680,17180,1000000.0110999999,1.1901605866312455,0.05116325258211458,0.0,5.842821450453951,7.860283425623038,17367,0.8897509518493749,0.2502880730499354,False,False,review_flags_only_no_automatic_exclusion
TCGA-AR-A1AR,TCGA-AR-A1AR-01,TCGA-AR-A1AR-01A,,TCGA-AR-A1AR-01A|7235fd65-e9cb-45f1-ac78-cad80823325e,7235fd65-e9cb-45f1-ac78-cad80823325e,60660,80625526,0.7916060206318724,33937,17374,1000000.0069999998,1.1993979217055752,0.08562860277593591,0.0,5.802238846560874,7.718230563668277,17367,0.8815247185167971,-0.30117801496994234,False,False,review_flags_only_no_automatic_exclusion
TCGA-AR-A1AY,TCGA-AR-A1AY-01,TCGA-AR-A1AY-01A,,TCGA-AR-A1AY-01A|58764dda-7c61-4705-a834-4d654c60ef2b,58764dda-7c61-4705-a834-4d654c60ef2b,60660,54129979,0.7870542538386903,32279,17561,1000000.0046,1.2251318446896606,0.07052672087668244,0.0,5.956571189185467,7.886643693190866,17367,0.8953836375781323,0.6278892227257951,False,False,review_flags_only_no_automatic_exclusion
TCGA-AR-A256,TCGA-AR-A256-01,TCGA-AR-A256-01A,,TCGA-AR-A256-01A|398fa6bf-78af-473b-8f2c-a2b3b605131f,398fa6bf-78af-473b-8f2c-a2b3b605131f,60660,66757436,0.7833180913287522,33192,16922,1000000.0104,1.1894984514616658,0.0756010848240282,0.0,5.868610839534779,7.937296421614407,17367,0.8860173984469111,0.0,False,False,review_flags_only_no_automatic_exclusion
TCGA-AR-A2LR,TCGA-AR-A2LR-01,TCGA-AR-A2LR-01A,,TCGA-AR-A2LR-01A|7acdca8d-6231-4077-b7ac-eec857c43092,7acdca8d-6231-4077-b7ac-eec857c43092,60660,42859578,0.7618628872207139,33691,19453,999999.9988,1.3216955877297838,0.1469158480872752,0.0,5.9054216653129705,7.798162356711913,17367,0.8658409201992874,-1.3525805893653828,False,False,review_flags_only_no_automatic_exclusion
TCGA-AR-A5QQ,TCGA-AR-A5QQ-01,TCGA-AR-A5QQ-01A,,TCGA-AR-A5QQ-01A|f55eb7a0-34e6-4d0d-9427-7d7896ddf060,f55eb7a0-34e6-4d0d-9427-7d7896ddf060,60660,45781177,0.7803396718648656,29895,16082,1000000.0068,1.083467004509782,0.0,0.0,5.556371931655281,7.799536899951158,17367,0.8657149580052665,-1.361024779502803,False,False,review_flags_only_no_automatic_exclusion
TCGA-B6-A3ZX,TCGA-B6-A3ZX-01,TCGA-B6-A3ZX-01A,,TCGA-B6-A3ZX-01A|f6565f25-4317-4615-a437-af79da929ecd,f6565f25-4317-4615-a437-af79da929ecd,60660,61575445,0.7400300495097256,35140,18656,999999.9987,1.2375587261993446,0.12584944055102332,0.0,5.616846536342178,7.590400964886386,17367,0.8833264213074554,-0.18039637049554844,False,False,review_flags_only_no_automatic_exclusion
TCGA-B6-A400,TCGA-B6-A400-01,TCGA-B6-A400-01A,,TCGA-B6-A400-01A|ee39aea6-23f8-470f-863c-545ef6c5ea77,ee39aea6-23f8-470f-863c-545ef6c5ea77,60660,70452724,0.7787864431710055,34794,18481,999999.9977,1.2484013937477774,0.11403379901059124,0.0,5.803331926334433,7.866906855408161,17367,0.8999552592474174,0.9343592942570041,False,False,review_flags_only_no_automatic_exclusion
TCGA-B6-A402,TCGA-B6-A402-01,TCGA-B6-A402-01A,,TCGA-B6-A402-01A|c4ceaaf8-4803-45d7-9937-42d25db60148,c4ceaaf8-4803-45d7-9937-42d25db60148,60660,55808469,0.7269052316730454,35368,18576,1000000.0005000001,1.1819364169333413,0.13112848424545914,0.0,5.451838996968943,7.500107408585294,17367,0.8785195572245753,-0.5026365044984691,False,False,review_flags_only_no_automatic_exclusion
TCGA-BH-A0B3,TCGA-BH-A0B3-01,TCGA-BH-A0B3-01A,,TCGA-BH-A0B3-01A|37939d7d-074b-42b7-8d68-95a8afef4c38,37939d7d-074b-42b7-8d68-95a8afef4c38,60660,57971543,0.7607028581353306,31398,16131,999999.9892,1.0815882459860744,0.03421571533791298,0.0,5.451683084437589,7.674685031444701,17367,0.911799791048864,1.7283870531224317,False,False,review_flags_only_no_automatic_exclusion
TCGA-BH-A0B9,TCGA-BH-A0B9-01,TCGA-BH-A0B9-01A,,TCGA-BH-A0B9-01A|4f464ced-080f-41f1-9a00-955db0d5fda6,4f464ced-080f-41f1-9a00-955db0d5fda6,60660,93431860,0.7599211740829013,34803,17823,1000000.0009000001,1.2055199128494811,0.09882376837969153,0.0,5.742871904314951,7.861781614602455,17367,0.8918336330772838,0.38990580852054446,False,False,review_flags_only_no_automatic_exclusion
TCGA-BH-A0BG,TCGA-BH-A0BG-01,TCGA-BH-A0BG-01A,,TCGA-BH-A0BG-01A|742a677b-e99b-4916-bb92-3536c55ee5e3,742a677b-e99b-4916-bb92-3536c55ee5e3,60660,68777711,0.7738965677006275,33484,17331,1000000.0068000002,1.183834561634246,0.07819991992137154,0.0,5.719418251720278,7.774751589510093,17367,0.9032630433864415,1.1561048618107286,False,False,review_flags_only_no_automatic_exclusion
TCGA-BH-A0BL,TCGA-BH-A0BL-01,TCGA-BH-A0BL-01A,,TCGA-BH-A0BL-01A|8a7fe670-bcef-4fcb-9759-9892ff5f4f61,8a7fe670-bcef-4fcb-9759-9892ff5f4f61,60660,68318528,0.7860816730682156,35408,19288,1000000.0063000001,1.2971891438823675,0.15224833075742006,0.0,5.821806884572434,7.755324732232507,17367,0.9008792771860117,0.996303143556635,False,False,review_flags_only_no_automatic_exclusion
TCGA-BH-A0E0,TCGA-BH-A0E0-01,TCGA-BH-A0E0-01A,,TCGA-BH-A0E0-01A|7882ff91-e415-48ae-9151-26b55f1cfc57,7882ff91-e415-48ae-9151-26b55f1cfc57,60660,37420786,0.7348850603617235,28468,15609,999999.9897000002,0.9994533254020483,0.0,0.0,5.1756086226438764,7.3804502993399845,17367,0.8543686864161001,-2.121650421144795,False,False,review_flags_only_no_automatic_exclusion
TCGA-BH-A0RX,TCGA-BH-A0RX-01,TCGA-BH-A0RX-01A,,TCGA-BH-A0RX-01A|77f150b1-5f40-442d-91c5-6d3571513513,77f150b1-5f40-442d-91c5-6d3571513513,60660,48497419,0.7473196800777624,30759,15901,999999.9961999999,1.038292441402982,0.021835025512639442,0.0,5.247690964912947,7.547591839104883,17367,0.8982647688711172,0.8210330516179086,False,False,review_flags_only_no_automatic_exclusion
TCGA-BH-A0WA,TCGA-BH-A0WA-01,TCGA-BH-A0WA-01A,,TCGA-BH-A0WA-01A|7789d241-991c-4cc9-a557-69d5c439b930,7789d241-991c-4cc9-a557-69d5c439b930,60660,59030783,0.7663559355050774,31235,18259,1000000.0011999999,1.2573663645779078,0.048236185652847624,0.0,5.947174145424417,7.962811079055928,17367,0.9013133988309434,1.0254055717976578,False,False,review_flags_only_no_automatic_exclusion
TCGA-BH-A18G,TCGA-BH-A18G-01,TCGA-BH-A18G-01A,,TCGA-BH-A18G-01A|ff1f2f31-8607-4627-b487-c5e39e7c30f5,ff1f2f31-8607-4627-b487-c5e39e7c30f5,60660,38201082,0.7668522142190367,25186,14886,1000000.0021,0.9503078491130259,0.0,0.0,5.094967150961907,7.409822673006557,17367,0.8790280737510565,-0.4685468296479538,False,False,review_flags_only_no_automatic_exclusion
TCGA-BH-A18V,TCGA-BH-A18V-01,TCGA-BH-A18V-01A,,TCGA-BH-A18V-01A|19baf63b-8488-4b90-83b7-a6c671da0095,19baf63b-8488-4b90-83b7-a6c671da0095,60660,61023767,0.7974918612693941,33411,18249,999999.9991999998,1.2557252667265393,0.09909317921910914,0.0,5.976703531467103,7.971003224415163,17367,0.8897117869515649,0.24766255635112852,False,False,review_flags_only_no_automatic_exclusion
TCGA-BH-A1EW,TCGA-BH-A1EW-01,TCGA-BH-A1EW-01A,,TCGA-BH-A1EW-01A|f8b403a1-37cf-4acb-b5d7-b3437fafa7f8,f8b403a1-37cf-4acb-b5d7-b3437fafa7f8,60660,53565835,0.8014380835256179,32266,17830,999999.9920000001,1.248005812580955,0.07244885006969244,0.0,5.979749968796071,7.854701930488868,17367,0.8704806786975412,-1.0415427954024885,False,False,review_flags_only_no_automatic_exclusion
TCGA-BH-A1F6,TCGA-BH-A1F6-01,TCGA-BH-A1F6-01A,,TCGA-BH-A1F6-01A|76bcf698-d2da-42de-b33c-c5deb721c643,76bcf698-d2da-42de-b33c-c5deb721c643,60660,42724015,0.7668651581424595,30980,16491,999999.9948999998,1.1285814315905693,0.03329964962285159,0.0,5.603729145402878,7.688204710164054,17367,0.9042132511343153,1.219804410357565,False,False,review_flags_only_no_automatic_exclusion
TCGA-BH-A1FC,TCGA-BH-A1FC-01,TCGA-BH-A1FC-01A,,TCGA-BH-A1FC-01A|09f9ebad-e7cd-4c20-9eab-8fd2066d9051,09f9ebad-e7cd-4c20-9eab-8fd2066d9051,60660,71013361,0.7328480672906172,31921,15344,1000000.0076,1.02190766916933,0.02892270886352106,0.0,5.3060852073515825,7.412272866646031,17367,0.8893062945457104,0.22047936062377238,False,False,review_flags_only_no_automatic_exclusion
TCGA-BH-A42U,TCGA-BH-A42U-01,TCGA-BH-A42U-01A,,TCGA-BH-A42U-01A|893122aa-117b-49a4-a81c-1229dde4d78a,893122aa-117b-49a4-a81c-1229dde4d78a,60660,65138173,0.751742347936313,32643,18082,999999.9995,1.1798367719572942,0.06736336711961023,0.0,5.563347151115146,7.688086816788523,17367,0.8568924388962436,-1.9524643731581082,False,False,review_flags_only_no_automatic_exclusion
TCGA-C8-A12V,TCGA-C8-A12V-01,TCGA-C8-A12V-01A,,TCGA-C8-A12V-01A|71ce6854-2231-48ad-ba1b-54bb4ec7d713,71ce6854-2231-48ad-ba1b-54bb4ec7d713,60660,50055578,0.7660086225360608,32209,17477,1000000.0017000001,1.1668300742963431,0.06267436276339249,0.0,5.552933840466686,7.569496014798252,17367,0.8951132509766064,0.6097631818796195,False,False,review_flags_only_no_automatic_exclusion
TCGA-C8-A131,TCGA-C8-A131-01,TCGA-C8-A131-01A,,TCGA-C8-A131-01A|ae2e0936-a225-491b-8361-3c20663768d9,ae2e0936-a225-491b-8361-3c20663768d9,60660,48123528,0.7689651419556268,30884,16218,999999.9997,1.0541392061859274,0.025170575734906053,0.0,5.31700624829512,7.524928632979028,17367,0.8809079739030136,-0.34252302984128496,False,False,review_flags_only_no_automatic_exclusion
TCGA-C8-A1HJ,TCGA-C8-A1HJ-01,TCGA-C8-A1HJ-01A,,TCGA-C8-A1HJ-01A|f9fe6c47-0955-432f-b402-a6dc2665e04d,f9fe6c47-0955-432f-b402-a6dc2665e04d,60660,70022620,0.7438261104575287,35530,16850,1000000.0121999999,1.0580628520804125,0.0986216756560289,0.0,5.172220065687249,7.287098073354983,17367,0.8662711066186687,-1.3237419687933174,False,False,review_flags_only_no_automatic_exclusion
TCGA-C8-A26X,TCGA-C8-A26X-01,TCGA-C8-A26X-01A,,TCGA-C8-A26X-01A|c782b873-2727-4fe4-9c9a-741964290349,c782b873-2727-4fe4-9c9a-741964290349,60660,57975938,0.6808719167526791,31178,14590,1000000.0048999999,0.9023872522873887,0.02048442206508403,0.0,4.769198881539343,7.065168193739304,17367,0.8702120663690436,-1.0595498934267886,False,False,review_flags_only_no_automatic_exclusion
TCGA-C8-A26Y,TCGA-C8-A26Y-01,TCGA-C8-A26Y-01A,,TCGA-C8-A26Y-01A|e8d97ce6-190e-4189-a148-5a8d9f4215c3,e8d97ce6-190e-4189-a148-5a8d9f4215c3,60660,69949974,0.7636583846364758,36393,17959,1000000.0022999999,1.1762723577373042,0.13277423327632581,0.0,5.56195721488237,7.519690708036219,17367,0.8514694376133505,-2.316008802533866,False,False,review_flags_only_no_automatic_exclusion
TCGA-C8-A27B,TCGA-C8-A27B-01,TCGA-C8-A27B-01A,,TCGA-C8-A27B-01A|4ec56a4e-a3ce-4511-a517-199e2a535b1a,4ec56a4e-a3ce-4511-a517-199e2a535b1a,60660,78466412,0.7874282925295298,33058,16408,1000000.0018999999,1.136890803157788,0.05519565424212462,0.0,5.720268476799133,7.759049426410304,17367,0.8865028883090352,0.03254602491989145,False,False,review_flags_only_no_automatic_exclusion
TCGA-C8-A3M7,TCGA-C8-A3M7-01,TCGA-C8-A3M7-01A,,TCGA-C8-A3M7-01A|7aff89e2-86cb-43d8-96cd-341c02ebdd49,7aff89e2-86cb-43d8-96cd-341c02ebdd49,60660,60300611,0.7567972569226354,34131,18709,1000000.0033999999,1.2258241899093354,0.11809388938681974,0.0,5.5611777956951265,7.550114353331718,17367,0.8604460462031134,-1.7142394358569115,False,False,review_flags_only_no_automatic_exclusion
TCGA-D8-A13Z,TCGA-D8-A13Z-01,TCGA-D8-A13Z-01A,,TCGA-D8-A13Z-01A|fd371070-c312-4eca-b3da-d41b1c8a86a7,fd371070-c312-4eca-b3da-d41b1c8a86a7,60660,72880604,0.8094051117196358,33021,17413,999999.9942999998,1.2179013191711208,0.07450543636362976,0.0,5.895006387057399,7.872456034102051,17367,0.8859660895914452,-0.003439617217335422,False,False,review_flags_only_no_automatic_exclusion
TCGA-D8-A143,TCGA-D8-A143-01,TCGA-D8-A143-01A,,TCGA-D8-A143-01A|be002264-f534-49b3-90d1-fd5a3f622fb2,be002264-f534-49b3-90d1-fd5a3f622fb2,60660,52151877,0.7855800619093138,30230,16602,1000000.0008,1.1518073892155252,0.0,0.0,5.788629468326496,7.910463732723131,17367,0.8820959504508172,-0.26288405620772787,False,False,review_flags_only_no_automatic_exclusion
TCGA-D8-A147,TCGA-D8-A147-01,TCGA-D8-A147-01A,,TCGA-D8-A147-01A|abefed1d-9f40-4a97-9435-4d9df47f7ebd,abefed1d-9f40-4a97-9435-4d9df47f7ebd,60660,58271170,0.7873628250167671,34406,19362,999999.9974999999,1.3365967179573874,0.13933851360142885,0.0,6.042345896932535,7.8915288082,17367,0.8902224301425392,0.2818947974650971,False,False,review_flags_only_no_automatic_exclusion
TCGA-D8-A1JF,TCGA-D8-A1JF-01,TCGA-D8-A1JF-01A,,TCGA-D8-A1JF-01A|7300d49e-2e8c-42e0-873a-1674a19b71e6,7300d49e-2e8c-42e0-873a-1674a19b71e6,60660,77974459,0.7880953826507827,32937,15955,999999.9978,1.0666669098952686,0.05199846779700237,0.0,5.444598328396701,7.437139427364604,17367,0.8350575646458814,-3.4162196787081314,False,True,review_flags_only_no_automatic_exclusion
TCGA-D8-A1JL,TCGA-D8-A1JL-01,TCGA-D8-A1JL-01A,,TCGA-D8-A1JL-01A|5fe2671d-4314-444b-adc1-64bbc6a85aab,5fe2671d-4314-444b-adc1-64bbc6a85aab,60660,80811517,0.8030342598133645,34429,18247,1000000.0054999997,1.282536809487111,0.10895928906538804,0.0,6.0214439684901375,7.9016254368533385,17367,0.8992952789951509,0.8901158704233535,False,False,review_flags_only_no_automatic_exclusion
TCGA-D8-A1XK,TCGA-D8-A1XK-01,TCGA-D8-A1XK-01A,,TCGA-D8-A1XK-01A|7d496f9f-8a04-496a-ad25-68b1b72f864a,7d496f9f-8a04-496a-ad25-68b1b72f864a,60660,71287257,0.7842678700945879,33229,16633,999999.9939,1.1885403380740915,0.06584800336608129,0.0,5.980357331632434,8.013656484325963,17367,0.8865121577937578,0.03316742796928878,False,False,review_flags_only_no_automatic_exclusion
TCGA-D8-A1XQ,TCGA-D8-A1XQ-01,TCGA-D8-A1XQ-01A,,TCGA-D8-A1XQ-01A|ec7b77d4-41a2-4892-be79-23cb24f986d3,ec7b77d4-41a2-4892-be79-23cb24f986d3,60660,70022626,0.7678491952486677,32176,16554,1000000.0043,1.1433143651608353,0.043764442310170244,0.0,5.717298870767546,7.759553453839734,17367,0.8976829703864628,0.7820307377548174,False,False,review_flags_only_no_automatic_exclusion
TCGA-D8-A27F,TCGA-D8-A27F-01,TCGA-D8-A27F-01A,,TCGA-D8-A27F-01A|ac88a5c1-caae-4b08-87bc-0dedbe61d996,ac88a5c1-caae-4b08-87bc-0dedbe61d996,60660,74996428,0.7809928526898701,34535,18117,1000000.0059,1.2526889325468227,0.10842409034133096,0.0,5.933483641741588,7.888017587755018,17367,0.8915505945785418,0.37093161615936554,False,False,review_flags_only_no_automatic_exclusion
TCGA-D8-A27H,TCGA-D8-A27H-01,TCGA-D8-A27H-01A,,TCGA-D8-A27H-01A|427a04c9-9b48-49de-8a47-2adc4e1dd32a,427a04c9-9b48-49de-8a47-2adc4e1dd32a,60660,67126816,0.7687812413793609,35048,18123,999999.9952,1.23998910829951,0.13014013533644853,0.0,5.832137211860897,7.856849829954374,17367,0.8736006803611808,-0.8323856948800717,False,False,review_flags_only_no_automatic_exclusion
TCGA-D8-A27M,TCGA-D8-A27M-01,TCGA-D8-A27M-01A,,TCGA-D8-A27M-01A|b3b9ae66-e8d1-4a32-a2a9-46931b753527,b3b9ae66-e8d1-4a32-a2a9-46931b753527,60660,70357127,0.7467532314529002,35690,18643,999999.9905,1.2625211774472975,0.14038603228305635,0.0,5.767449681728094,7.729251469623325,17367,0.8894051511698102,0.2271064612132094,False,False,review_flags_only_no_automatic_exclusion
TCGA-E2-A14N,TCGA-E2-A14N-01,TCGA-E2-A14N-01A,,TCGA-E2-A14N-01A|0648c6fc-df6d-450a-a5a0-e5655febbdf1,0648c6fc-df6d-450a-a5a0-e5655febbdf1,60660,48518202,0.7597075337031716,30278,16251,1000000.0009,1.064297350926363,0.0,0.0,5.423010998334031,7.576614932754933,17367,0.8887204603978864,0.1812065060051794,False,False,review_flags_only_no_automatic_exclusion
TCGA-E2-A14R,TCGA-E2-A14R-01,TCGA-E2-A14R-01A,,TCGA-E2-A14R-01A|6e8e0eef-1fc8-446c-9038-3a06657784ec,6e8e0eef-1fc8-446c-9038-3a06657784ec,60660,49002274,0.7638313818529038,30922,15941,999999.9944999998,1.0166306652064792,0.020768865094571848,0.0,5.155233950201408,7.2959742269061225,17367,0.8885676848281087,0.17096481428502047,False,False,review_flags_only_no_automatic_exclusion
TCGA-E2-A14X,TCGA-E2-A14X-01,TCGA-E2-A14X-01A,,TCGA-E2-A14X-01A|ada5cdcf-f9e0-4209-aa92-ac3b921bbdf4,ada5cdcf-f9e0-4209-aa92-ac3b921bbdf4,60660,91926121,0.7416384042750123,35297,16747,999999.9987,1.094825101680651,0.08052123183149242,0.0,5.320004059352108,7.398406747431772,17367,0.8911734081505529,0.3456459823233451,False,False,review_flags_only_no_automatic_exclusion
TCGA-E2-A150,TCGA-E2-A150-01,TCGA-E2-A150-01A,,TCGA-E2-A150-01A|7860a938-e43a-4c3a-83b4-6578cea95df8,7860a938-e43a-4c3a-83b4-6578cea95df8,60660,51597914,0.8003954051102969,30113,16957,999999.9970000001,1.1529964880321721,0.0,0.0,5.713231838741392,7.756141717611624,17367,0.8960787938593558,0.6744907594765952,False,False,review_flags_only_no_automatic_exclusion
TCGA-E2-A158,TCGA-E2-A158-01,TCGA-E2-A158-01A,,TCGA-E2-A158-01A|27f4c9d4-d6ba-4fea-9f0b-fb06066e69a8,27f4c9d4-d6ba-4fea-9f0b-fb06066e69a8,60660,63081843,0.7573168500477211,33443,18038,1000000.0111,1.1900422914153794,0.0835878229504027,0.0,5.62220486727521,7.494532318397491,17367,0.8461584639176151,-2.672043182930648,False,False,review_flags_only_no_automatic_exclusion
TCGA-E2-A1L7,TCGA-E2-A1L7-01,TCGA-E2-A1L7-01A,,TCGA-E2-A1L7-01A|104e3cb5-c6df-422b-a55f-6b19408594d4,104e3cb5-c6df-422b-a55f-6b19408594d4,60660,41285188,0.7746594647400484,32475,18318,1000000.0062999999,1.2444741313121417,0.08719124956262302,0.0,5.812039154201345,7.769944984181551,17367,0.866767893627786,-1.2904386114217192,False,False,review_flags_only_no_automatic_exclusion
TCGA-E2-A1LH,TCGA-E2-A1LH-01,TCGA-E2-A1LH-01A,,TCGA-E2-A1LH-01A|e99a371e-14fa-46f7-89c1-ad36bcd82994,e99a371e-14fa-46f7-89c1-ad36bcd82994,60660,34630446,0.7308945660704455,31344,15524,1000000.015,0.9332898458739382,0.03590538374212795,0.0,4.709426295549651,7.0126817072727405,17367,0.8817392411574252,-0.2867969542054319,False,False,review_flags_only_no_automatic_exclusion
TCGA-E2-A1LL,TCGA-E2-A1LL-01,TCGA-E2-A1LL-01A,,TCGA-E2-A1LL-01A|1b98fd3e-d3e3-4ecc-9fe3-02600177efed,1b98fd3e-d3e3-4ecc-9fe3-02600177efed,60660,38038573,0.791247792993159,29214,16344,999999.9948,1.1234431887551075,0.0,0.0,5.737626197211047,7.9363937185770395,17367,0.8614039542228471,-1.650023680362423,False,False,review_flags_only_no_automatic_exclusion
TCGA-E2-A1LS,TCGA-E2-A1LS-01,TCGA-E2-A1LS-01A,,TCGA-E2-A1LS-01A|5755f322-5df5-4b88-9c79-640167775c12,5755f322-5df5-4b88-9c79-640167775c12,60660,68637241,0.7321762740859301,32759,13787,1000000.0065,0.7913399248302236,0.03308816933218775,0.0,4.203398863935016,6.4808435276534775,17367,0.8287504820859058,-3.8390307035782736,False,True,review_flags_only_no_automatic_exclusion
TCGA-E9-A5FL,TCGA-E9-A5FL-01,TCGA-E9-A5FL-01A,,TCGA-E9-A5FL-01A|c1f3f326-e99f-4811-9665-d15d6d8a1c33,c1f3f326-e99f-4811-9665-d15d6d8a1c33,60660,40676279,0.7405337187762205,31196,16536,1000000.0046999999,1.0069030128015664,0.038857550020362105,0.0,4.994415857670063,7.338900535395106,17367,0.82642392435272,-3.9949973094112643,False,True,review_flags_only_no_automatic_exclusion
TCGA-EW-A1OV,TCGA-EW-A1OV-01,TCGA-EW-A1OV-01A,,TCGA-EW-A1OV-01A|57044315-cc7f-4677-90fa-2e959740bd9c,57044315-cc7f-4677-90fa-2e959740bd9c,60660,41606539,0.7649498686340732,31507,16612,999999.9925999999,1.0891630809094526,0.042784398089239506,0.0,5.336001606290892,7.393241114643862,17367,0.8765443334605925,-0.6350505606101241,False,False,review_flags_only_no_automatic_exclusion
TCGA-EW-A1OW,TCGA-EW-A1OW-01,TCGA-EW-A1OW-01A,,TCGA-EW-A1OW-01A|7b738087-65b1-4c6e-94c4-d0ba6bb17098,7b738087-65b1-4c6e-94c4-d0ba6bb17098,60660,41539916,0.7895817574692275,31588,18143,999999.9983999999,1.2517218602999358,0.06336487875842937,0.0,5.91669052483141,7.898785656418162,17367,0.9050595506114577,1.2765382085717176,False,False,review_flags_only_no_automatic_exclusion
TCGA-EW-A1P4,TCGA-EW-A1P4-01,TCGA-EW-A1P4-01A,,TCGA-EW-A1P4-01A|86b68671-beef-4a15-aabb-89d79396fd9d,86b68671-beef-4a15-aabb-89d79396fd9d,60660,57196716,0.7907345912025505,30540,16340,1000000.002,1.1336909247074465,0.017636903049498446,0.0,5.712122231695462,7.83189275564433,17367,0.8894352656974521,0.22912526375379344,False,False,review_flags_only_no_automatic_exclusion
TCGA-EW-A1P8,TCGA-EW-A1P8-01,TCGA-EW-A1P8-01A,,TCGA-EW-A1P8-01A|c15e9ead-0373-486e-a99b-26b96bd3ccc4,c15e9ead-0373-486e-a99b-26b96bd3ccc4,60660,55390836,0.7884172984371639,31936,17005,999999.9939000001,1.1799032244993077,0.05241589415113853,0.0,5.82705594568808,7.836194990860304,17367,0.903601233008279,1.1787762473919121,False,False,review_flags_only_no_automatic_exclusion
TCGA-EW-A1PB,TCGA-EW-A1PB-01,TCGA-EW-A1PB-01A,,TCGA-EW-A1PB-01A|2081a155-9d2d-41f6-b243-68a12e9b342a,2081a155-9d2d-41f6-b243-68a12e9b342a,60660,63037528,0.7671075619096446,32179,16532,999999.9983000001,1.1501613765969487,0.04809665327294402,0.0,5.7725588461088355,7.921442486421992,17367,0.8708137325298635,-1.0192157002928184,False,False,review_flags_only_no_automatic_exclusion
TCGA-EW-A1PH,TCGA-EW-A1PH-01,TCGA-EW-A1PH-01A,,TCGA-EW-A1PH-01A|67317cce-4a8c-4313-bb26-4ef7759071b9,67317cce-4a8c-4313-bb26-4ef7759071b9,60660,60751334,0.7772975996681556,34671,18055,999999.9891,1.2111420171984941,0.11516644963493532,0.0,5.70834410775213,7.829565628570415,17367,0.8833323795860506,-0.17999694241523842,False,False,review_flags_only_no_automatic_exclusion
TCGA-EW-A3U0,TCGA-EW-A3U0-01,TCGA-EW-A3U0-01A,,TCGA-EW-A3U0-01A|03a1a105-4856-4e5c-b537-508bdbda50b5,03a1a105-4856-4e5c-b537-508bdbda50b5,60660,54279007,0.744313266506364,34885,18675,999999.9957999999,1.215335446103369,0.1266425296051707,0.0,5.504351689250248,7.48049239000854,17367,0.8848312174414172,-0.07951860497229418,False,False,review_flags_only_no_automatic_exclusion
TCGA-EW-A6SB,TCGA-EW-A6SB-01,TCGA-EW-A6SB-01A,,TCGA-EW-A6SB-01A|83f2e26b-fefd-4027-ac5e-fa204ec9f084,83f2e26b-fefd-4027-ac5e-fa204ec9f084,60660,41754714,0.6412817983228266,28648,13795,999999.9919,0.8453166257398161,0.0,0.0,4.640832014487738,6.956959951532001,17367,0.8789278458977121,-0.4752658540130392,False,False,review_flags_only_no_automatic_exclusion
TCGA-GI-A2C9,TCGA-GI-A2C9-01,TCGA-GI-A2C9-01A,,TCGA-GI-A2C9-01A|3e0c80d6-5091-454c-ad27-eb513cf6f45d,3e0c80d6-5091-454c-ad27-eb513cf6f45d,60660,62102747,0.7847489833622252,34351,17690,999999.9819,1.1981501576193438,0.10782175591285359,0.0,5.694973741553669,7.748279865358011,17367,0.8977543140804013,0.7868134403855976,False,False,review_flags_only_no_automatic_exclusion
TCGA-GM-A2DB,TCGA-GM-A2DB-01,TCGA-GM-A2DB-01A,,TCGA-GM-A2DB-01A|59bb8b6d-9827-4d5c-8714-cbc8ec3b8be5,59bb8b6d-9827-4d5c-8714-cbc8ec3b8be5,60660,33917092,0.7420450739144199,31272,16219,999999.9934,0.984645900221448,0.03773362744651491,0.0,4.8931619394678485,7.172876989126842,17367,0.855619700168307,-2.0377855911433778,False,False,review_flags_only_no_automatic_exclusion
TCGA-GM-A2DF,TCGA-GM-A2DF-01,TCGA-GM-A2DF-01A,,TCGA-GM-A2DF-01A|842b0c9e-a03d-4074-b0fe-be8d0e056c7d,842b0c9e-a03d-4074-b0fe-be8d0e056c7d,60660,53603929,0.6919453154908346,33630,15544,999999.9952,0.9460728015009063,0.05949372539167156,0.0,4.767022022740795,6.998621501096229,17367,0.8874736777814991,0.0976253207563461,False,False,review_flags_only_no_automatic_exclusion
TCGA-GM-A2DH,TCGA-GM-A2DH-01,TCGA-GM-A2DH-01A,,TCGA-GM-A2DH-01A|4ad2cbb3-5bca-462b-af1f-8a292c317722,4ad2cbb3-5bca-462b-af1f-8a292c317722,60660,70745107,0.7768308680067361,37022,19808,1000000.0084999999,1.3652584831619403,0.18972969223515468,0.0,6.060938413711776,7.899917478733478,17367,0.8784794966389107,-0.5053220658686739,False,False,review_flags_only_no_automatic_exclusion
TCGA-HN-A2NL,TCGA-HN-A2NL-01,TCGA-HN-A2NL-01A,,TCGA-HN-A2NL-01A|7125229a-2fc6-402d-bd87-ad0d3195fd49,7125229a-2fc6-402d-bd87-ad0d3195fd49,60660,60590896,0.7624673395357164,33026,17768,1000000.0070000001,1.1878928137681952,0.07361460726579727,0.0,5.669605230124519,7.6509159201357715,17367,0.8654727343568365,-1.3772628464801442,False,False,review_flags_only_no_automatic_exclusion
TCGA-LL-A441,TCGA-LL-A441-01,TCGA-LL-A441-01A,,TCGA-LL-A441-01A|0ba26ef1-7b7d-48c8-a593-75504769791c,0ba26ef1-7b7d-48c8-a593-75504769791c,60660,63042246,0.728560490647669,37288,20512,1000000.0060000002,1.3504173576132465,0.19880843068132148,0.0,5.7702311010382505,7.709031955892807,17367,0.8863917521748444,0.02509573671603896,False,False,review_flags_only_no_automatic_exclusion
TCGA-LL-A5YO,TCGA-LL-A5YO-01,TCGA-LL-A5YO-01A,,TCGA-LL-A5YO-01A|e0b65eec-7c30-4607-9cae-c8e8463c80c5,e0b65eec-7c30-4607-9cae-c8e8463c80c5,60660,39036675,0.6612090088118856,34275,16979,1000000.0026000001,1.1197426907709729,0.10366548276569647,0.0,5.397752656862759,7.625207333040976,17367,0.8793633154799172,-0.44607306343180786,False,False,review_flags_only_no_automatic_exclusion
TCGA-LL-A73Y,TCGA-LL-A73Y-01,TCGA-LL-A73Y-01A,,TCGA-LL-A73Y-01A|8ca36e25-aabc-4bd9-9ced-a8d432ca0260,8ca36e25-aabc-4bd9-9ced-a8d432ca0260,60660,59733332,0.7736357568825231,36003,19528,1000000.0090999999,1.3109379250438737,0.17555653643184002,0.0,5.787007119551444,7.806579650744021,17367,0.8816455687103397,-0.29307652054655403,False,False,review_flags_only_no_automatic_exclusion
TCGA-OL-A6VO,TCGA-OL-A6VO-01,TCGA-OL-A6VO-01A,,TCGA-OL-A6VO-01A|4a2ad226-ed26-4f81-af7d-9d8b6db7cdd4,4a2ad226-ed26-4f81-af7d-9d8b6db7cdd4,60660,55416200,0.7835673056731887,33102,17589,1000000.0091999999,1.2195642362627948,0.07683269555739859,0.0,5.943718827693913,7.9453051918996005,17367,0.887822819472869,0.1210309056601808,False,False,review_flags_only_no_automatic_exclusion
TCGA-S3-AA10,TCGA-S3-AA10-01,TCGA-S3-AA10-01A,,TCGA-S3-AA10-01A|51a3cb9a-e745-49ac-af0e-3a750f9e7521,51a3cb9a-e745-49ac-af0e-3a750f9e7521,60660,49520244,0.7774344910660548,31316,16683,1000000.0095,1.1262811146671616,0.03632749181776505,0.0,5.557969536472074,7.717832489645362,17367,0.9002169213300023,0.9519004651954451,False,False,review_flags_only_no_automatic_exclusion
TCGA-S3-AA15,TCGA-S3-AA15-01,TCGA-S3-AA15-01A,,TCGA-S3-AA15-01A|a572e59c-096f-4054-bbb4-90f2e2461d99,a572e59c-096f-4054-bbb4-90f2e2461d99,60660,42619743,0.6741335714042014,32005,15681,999999.9992000001,0.9480620293369993,0.04236417524800773,0.0,4.705400140699456,6.83464832725337,17367,0.8890207955326072,0.2013402215397785,False,False,review_flags_only_no_automatic_exclusion
