file_id,patient_id,clinical_sample_id,gdc_sample_id,aliquot_id,expression_sample_id,source_path,source_md5,sha256,assigned_reads,selected,status,selection_rule
017d71aa-0999-4d8e-9cb4-88b9013e61eb,TCGA-AR-A0TU,TCGA-AR-A0TU-01,TCGA-AR-A0TU-01A,,TCGA-AR-A0TU-01A|017d71aa-0999-4d8e-9cb4-88b9013e61eb,E:\apply\journal publication\TNBC_SV_DNA_Repair\TNBC-SV-DNA-Repair-v2-scaffold\TNBC-SV-DNA-Repair-v2\data\external\tcga_rna\017d71aa-0999-4d8e-9cb4-88b9013e61eb\c6683fc6-49f4-4e53-94ac-251799c2c638.rna_seq.augmented_star_gene_counts.tsv,98cdcdd92feca94d1e15defbc2f84081,d1c7d197b211ed7aa9ed06a867b1e9ba2ab9465a4246e36e26666121a06f88be,59670420,True,eligible_aliquot_barcode_unresolved,highest assigned reads; lexical sample/aliquot/file tie-break
03a1a105-4856-4e5c-b537-508bdbda50b5,TCGA-EW-A3U0,TCGA-EW-A3U0-01,TCGA-EW-A3U0-01A,,TCGA-EW-A3U0-01A|03a1a105-4856-4e5c-b537-508bdbda50b5,E:\apply\journal publication\TNBC_SV_DNA_Repair\TNBC-SV-DNA-Repair-v2-scaffold\TNBC-SV-DNA-Repair-v2\data\external\tcga_rna\03a1a105-4856-4e5c-b537-508bdbda50b5\02bbe1b1-44ff-426b-a40e-47a01bc4cf7d.rna_seq.augmented_star_gene_counts.tsv,b14544f95a55d4916cd5121b61e3bfb8,e33085cb5e4f54f67781e07e1ae6534651d11e8b0561167c258c9139e28bd3a1,54279007,True,eligible_aliquot_barcode_unresolved,highest assigned reads; lexical sample/aliquot/file tie-break
0648c6fc-df6d-450a-a5a0-e5655febbdf1,TCGA-E2-A14N,TCGA-E2-A14N-01,TCGA-E2-A14N-01A,,TCGA-E2-A14N-01A|0648c6fc-df6d-450a-a5a0-e5655febbdf1,E:\apply\journal publication\TNBC_SV_DNA_Repair\TNBC-SV-DNA-Repair-v2-scaffold\TNBC-SV-DNA-Repair-v2\data\external\tcga_rna\0648c6fc-df6d-450a-a5a0-e5655febbdf1\f532a6be-de3e-420c-960a-23627589e7ad.rna_seq.augmented_star_gene_counts.tsv,e00657cea54665d6777e038af0d8c5f5,4993b052e59a6d3ecd83afee132224fa5cf6834a9d0d1e425e0c246aa9e58303,48518202,True,eligible_aliquot_barcode_unresolved,highest assigned reads; lexical sample/aliquot/file tie-break
09f1c0ee-ee22-435f-88c9-d9f5c936c45c,TCGA-A8-A09X,TCGA-A8-A09X-01,TCGA-A8-A09X-01A,,TCGA-A8-A09X-01A|09f1c0ee-ee22-435f-88c9-d9f5c936c45c,E:\apply\journal publication\TNBC_SV_DNA_Repair\TNBC-SV-DNA-Repair-v2-scaffold\TNBC-SV-DNA-Repair-v2\data\external\tcga_rna\09f1c0ee-ee22-435f-88c9-d9f5c936c45c\e55a506c-870f-4011-adfc-37eccbf5f17e.rna_seq.augmented_star_gene_counts.tsv,5fce5f30abd94d0443ddc25c55dab0c9,2fb74d6978cbdd4cf12969f12cb853c15e107410e0000d43c411d5304e8878ee,54147655,True,eligible_aliquot_barcode_unresolved,highest assigned reads; lexical sample/aliquot/file tie-break
09f9ebad-e7cd-4c20-9eab-8fd2066d9051,TCGA-BH-A1FC,TCGA-BH-A1FC-01,TCGA-BH-A1FC-01A,,TCGA-BH-A1FC-01A|09f9ebad-e7cd-4c20-9eab-8fd2066d9051,E:\apply\journal publication\TNBC_SV_DNA_Repair\TNBC-SV-DNA-Repair-v2-scaffold\TNBC-SV-DNA-Repair-v2\data\external\tcga_rna\09f9ebad-e7cd-4c20-9eab-8fd2066d9051\31c69703-e318-4e31-aae8-c6cfabe61bc3.rna_seq.augmented_star_gene_counts.tsv,482496c170ea4094573f142fc68cba9b,dbf2e31523ee7e999413b597f69df261fabc2a3b2d9d90210a6a6e82da8c6eb8,71013361,True,eligible_aliquot_barcode_unresolved,highest assigned reads; lexical sample/aliquot/file tie-break
0ba26ef1-7b7d-48c8-a593-75504769791c,TCGA-LL-A441,TCGA-LL-A441-01,TCGA-LL-A441-01A,,TCGA-LL-A441-01A|0ba26ef1-7b7d-48c8-a593-75504769791c,E:\apply\journal publication\TNBC_SV_DNA_Repair\TNBC-SV-DNA-Repair-v2-scaffold\TNBC-SV-DNA-Repair-v2\data\external\tcga_rna\0ba26ef1-7b7d-48c8-a593-75504769791c\65b4f81a-4439-4d82-ae25-68d63309b053.rna_seq.augmented_star_gene_counts.tsv,4375d9c376b1afbb9b835aa3961afa27,7c2faa05912680f5d0c92ce0727d6786024c7e0b8d0d5a8ccd06b678d10f9666,63042246,True,eligible_aliquot_barcode_unresolved,highest assigned reads; lexical sample/aliquot/file tie-break
0c068d5a-ccad-47a5-bfe0-0dc5f136d6aa,TCGA-A2-A3XT,TCGA-A2-A3XT-01,TCGA-A2-A3XT-01A,TCGA-A2-A3XT-01A-11R-A22U-07,TCGA-A2-A3XT-01A-11R-A22U-07,E:\apply\journal publication\TNBC_SV_DNA_Repair\TNBC-SV-DNA-Repair-v2-scaffold\TNBC-SV-DNA-Repair-v2\data\external\tcga_rna\0c068d5a-ccad-47a5-bfe0-0dc5f136d6aa\bdba14fb-88aa-43b0-8c25-53948b9935b7.rna_seq.augmented_star_gene_counts.tsv,518eace9d4d12dc66d378770abbb0f00,89649443401cd9b4f1de140269715ed307c7028a567f1c854a0cce8cd52d2811,66960414,True,eligible,highest assigned reads; lexical sample/aliquot/file tie-break
0c3ddae2-366f-4b21-ab46-a2cfe1963e42,TCGA-A2-A1G6,TCGA-A2-A1G6-01,TCGA-A2-A1G6-01A,,TCGA-A2-A1G6-01A|0c3ddae2-366f-4b21-ab46-a2cfe1963e42,E:\apply\journal publication\TNBC_SV_DNA_Repair\TNBC-SV-DNA-Repair-v2-scaffold\TNBC-SV-DNA-Repair-v2\data\external\tcga_rna\0c3ddae2-366f-4b21-ab46-a2cfe1963e42\0ef46de9-c9e7-42f0-92bf-c17dc2ede102.rna_seq.augmented_star_gene_counts.tsv,6ab5fc1c03b21622960b75432251a61b,ebd54021e71052ad494c6c745aebe80914712f447be573c1324540d9203d5591,57126023,True,eligible_aliquot_barcode_unresolved,highest assigned reads; lexical sample/aliquot/file tie-break
0f0b1a31-1f88-40e0-bd25-320046de4970,TCGA-AO-A0J6,TCGA-AO-A0J6-01,TCGA-AO-A0J6-01A,,TCGA-AO-A0J6-01A|0f0b1a31-1f88-40e0-bd25-320046de4970,E:\apply\journal publication\TNBC_SV_DNA_Repair\TNBC-SV-DNA-Repair-v2-scaffold\TNBC-SV-DNA-Repair-v2\data\external\tcga_rna\0f0b1a31-1f88-40e0-bd25-320046de4970\9eb69ff7-492b-4ed3-8762-c25c3dffa1fe.rna_seq.augmented_star_gene_counts.tsv,382cb13386c9647ec105ee73601d086c,442afd513b22bbe23622f864791216570b51712620d0774c68e2c9d0b7398740,78691472,True,eligible_aliquot_barcode_unresolved,highest assigned reads; lexical sample/aliquot/file tie-break
104e3cb5-c6df-422b-a55f-6b19408594d4,TCGA-E2-A1L7,TCGA-E2-A1L7-01,TCGA-E2-A1L7-01A,,TCGA-E2-A1L7-01A|104e3cb5-c6df-422b-a55f-6b19408594d4,E:\apply\journal publication\TNBC_SV_DNA_Repair\TNBC-SV-DNA-Repair-v2-scaffold\TNBC-SV-DNA-Repair-v2\data\external\tcga_rna\104e3cb5-c6df-422b-a55f-6b19408594d4\2056c543-2f73-4a2f-995e-3af2dda7b514.rna_seq.augmented_star_gene_counts.tsv,6a9b5ab6f51dce916319b6c2d6930505,e630c84e4b6bb8a8c821e783218235ea07bfda9ccaf8d8fbeca66740dce911a7,41285188,True,eligible_aliquot_barcode_unresolved,highest assigned reads; lexical sample/aliquot/file tie-break
19baf63b-8488-4b90-83b7-a6c671da0095,TCGA-BH-A18V,TCGA-BH-A18V-01,TCGA-BH-A18V-01A,,TCGA-BH-A18V-01A|19baf63b-8488-4b90-83b7-a6c671da0095,E:\apply\journal publication\TNBC_SV_DNA_Repair\TNBC-SV-DNA-Repair-v2-scaffold\TNBC-SV-DNA-Repair-v2\data\external\tcga_rna\19baf63b-8488-4b90-83b7-a6c671da0095\9440b088-b04e-4417-9543-5001b0a2b217.rna_seq.augmented_star_gene_counts.tsv,99c301cba4be8a232ca1169c21f875ce,df9d501defd40f6d851d326230a8e577118c80198cd63ec842faa5062409e3c8,61023767,True,eligible_aliquot_barcode_unresolved,highest assigned reads; lexical sample/aliquot/file tie-break
1aa289bb-8ac9-4e9e-be61-3164afbe06a2,TCGA-A7-A6VV,TCGA-A7-A6VV-01,TCGA-A7-A6VV-01A,,TCGA-A7-A6VV-01A|1aa289bb-8ac9-4e9e-be61-3164afbe06a2,E:\apply\journal publication\TNBC_SV_DNA_Repair\TNBC-SV-DNA-Repair-v2-scaffold\TNBC-SV-DNA-Repair-v2\data\external\tcga_rna\1aa289bb-8ac9-4e9e-be61-3164afbe06a2\fff3f42f-5e42-4653-b91b-1676f914e9fa.rna_seq.augmented_star_gene_counts.tsv,593338503511106320dc3260d44d1e9d,cf56890d3f33e1dcc1c41f6ad156bf75a0f548ab03f42b372e0caae88c10e7d0,57498758,True,eligible_aliquot_barcode_unresolved,highest assigned reads; lexical sample/aliquot/file tie-break
1b98fd3e-d3e3-4ecc-9fe3-02600177efed,TCGA-E2-A1LL,TCGA-E2-A1LL-01,TCGA-E2-A1LL-01A,,TCGA-E2-A1LL-01A|1b98fd3e-d3e3-4ecc-9fe3-02600177efed,E:\apply\journal publication\TNBC_SV_DNA_Repair\TNBC-SV-DNA-Repair-v2-scaffold\TNBC-SV-DNA-Repair-v2\data\external\tcga_rna\1b98fd3e-d3e3-4ecc-9fe3-02600177efed\acb208ab-def4-4b55-b1c7-abe2130e61c9.rna_seq.augmented_star_gene_counts.tsv,1a1ad91956c97af6e1df9547365bb22d,30e5d44ede5eceef1249caf5e17f615e7b730b4bda8bfa3ee7071472fbdb6c97,38038573,True,eligible_aliquot_barcode_unresolved,highest assigned reads; lexical sample/aliquot/file tie-break
1f5bbb4e-9b0e-4953-a360-83fd7b6a2267,TCGA-AR-A0U4,TCGA-AR-A0U4-01,TCGA-AR-A0U4-01A,,TCGA-AR-A0U4-01A|1f5bbb4e-9b0e-4953-a360-83fd7b6a2267,E:\apply\journal publication\TNBC_SV_DNA_Repair\TNBC-SV-DNA-Repair-v2-scaffold\TNBC-SV-DNA-Repair-v2\data\external\tcga_rna\1f5bbb4e-9b0e-4953-a360-83fd7b6a2267\d61a8ec1-aa99-41c3-8633-018cdb0ccb1a.rna_seq.augmented_star_gene_counts.tsv,5fea9da6efe4a400a7785171ecdaa734,16d18fca4e948aa6fa956a41821bbb4c5c8281c4f8079583859d1d0ab86815b0,57126575,True,eligible_aliquot_barcode_unresolved,highest assigned reads; lexical sample/aliquot/file tie-break
2081a155-9d2d-41f6-b243-68a12e9b342a,TCGA-EW-A1PB,TCGA-EW-A1PB-01,TCGA-EW-A1PB-01A,,TCGA-EW-A1PB-01A|2081a155-9d2d-41f6-b243-68a12e9b342a,E:\apply\journal publication\TNBC_SV_DNA_Repair\TNBC-SV-DNA-Repair-v2-scaffold\TNBC-SV-DNA-Repair-v2\data\external\tcga_rna\2081a155-9d2d-41f6-b243-68a12e9b342a\62ca3ce8-77f9-4e02-ace4-af79519b53fd.rna_seq.augmented_star_gene_counts.tsv,0c6a23a41efb2dc0b10900228ccc500f,776b272b02557c06edcd559cb8c881a0fe6c355fc7a6e8a1a21cdcda4b95a256,63037528,True,eligible_aliquot_barcode_unresolved,highest assigned reads; lexical sample/aliquot/file tie-break
222b562a-3ef7-4e69-a60d-54aac5104102,TCGA-A1-A0SP,TCGA-A1-A0SP-01,TCGA-A1-A0SP-01A,TCGA-A1-A0SP-01A-11R-A084-07,TCGA-A1-A0SP-01A-11R-A084-07,E:\apply\journal publication\TNBC_SV_DNA_Repair\TNBC-SV-DNA-Repair-v2-scaffold\TNBC-SV-DNA-Repair-v2\data\external\tcga_rna\222b562a-3ef7-4e69-a60d-54aac5104102\e0527b4b-de23-4b9f-8871-13f64f6976cd.rna_seq.augmented_star_gene_counts.tsv,d4c737d27e18342109001a0e7981dcfe,fe3eff8795db9f2ddb24194917987da500596b24a2eded20761411c47c9b9783,57792424,True,eligible,highest assigned reads; lexical sample/aliquot/file tie-break
27f4c9d4-d6ba-4fea-9f0b-fb06066e69a8,TCGA-E2-A158,TCGA-E2-A158-01,TCGA-E2-A158-01A,,TCGA-E2-A158-01A|27f4c9d4-d6ba-4fea-9f0b-fb06066e69a8,E:\apply\journal publication\TNBC_SV_DNA_Repair\TNBC-SV-DNA-Repair-v2-scaffold\TNBC-SV-DNA-Repair-v2\data\external\tcga_rna\27f4c9d4-d6ba-4fea-9f0b-fb06066e69a8\dd1d9d28-3929-4361-a6ff-0ac781fb0ac3.rna_seq.augmented_star_gene_counts.tsv,4be54a6d046de4c54599d9c233d2c944,c6271065f57408f194248fcd3a61541294475e75fbecc7ac7cbf5b6b6b777408,63081843,True,eligible_aliquot_barcode_unresolved,highest assigned reads; lexical sample/aliquot/file tie-break
3208ca18-f70a-415e-8d10-5e9cb8a24b52,TCGA-AC-A6IW,TCGA-AC-A6IW-01,TCGA-AC-A6IW-01A,,TCGA-AC-A6IW-01A|3208ca18-f70a-415e-8d10-5e9cb8a24b52,E:\apply\journal publication\TNBC_SV_DNA_Repair\TNBC-SV-DNA-Repair-v2-scaffold\TNBC-SV-DNA-Repair-v2\data\external\tcga_rna\3208ca18-f70a-415e-8d10-5e9cb8a24b52\0b59b278-d2f6-4aa6-bf6d-b8d743ae83af.rna_seq.augmented_star_gene_counts.tsv,540d3204cb43d419a04d777f6f6a376b,73f76f8cffac81d7bdc235ea4949af05f04ce3dd51cacfd04555dfa4f5c1a63a,67418679,True,eligible_aliquot_barcode_unresolved,highest assigned reads; lexical sample/aliquot/file tie-break
3293a2fa-d57c-448e-a336-a92def5dd92a,TCGA-A7-A0DA,TCGA-A7-A0DA-01,TCGA-A7-A0DA-01A,,TCGA-A7-A0DA-01A|3293a2fa-d57c-448e-a336-a92def5dd92a,E:\apply\journal publication\TNBC_SV_DNA_Repair\TNBC-SV-DNA-Repair-v2-scaffold\TNBC-SV-DNA-Repair-v2\data\external\tcga_rna\3293a2fa-d57c-448e-a336-a92def5dd92a\acda1855-14ba-4e05-89f7-50f7823f38b3.rna_seq.augmented_star_gene_counts.tsv,104124844ab5027c91e5523c9a277e7d,170efddb2c2fd6d9a2719de4db026aa11a4dafbcfc10c47340a62ef15fccc415,63240518,True,eligible_aliquot_barcode_unresolved,highest assigned reads; lexical sample/aliquot/file tie-break
37939d7d-074b-42b7-8d68-95a8afef4c38,TCGA-BH-A0B3,TCGA-BH-A0B3-01,TCGA-BH-A0B3-01A,,TCGA-BH-A0B3-01A|37939d7d-074b-42b7-8d68-95a8afef4c38,E:\apply\journal publication\TNBC_SV_DNA_Repair\TNBC-SV-DNA-Repair-v2-scaffold\TNBC-SV-DNA-Repair-v2\data\external\tcga_rna\37939d7d-074b-42b7-8d68-95a8afef4c38\41bdc474-8e6e-4f39-98ec-6d73ee41837c.rna_seq.augmented_star_gene_counts.tsv,29cda5073bc2a0c72501fd745f2bb1fc,2d1fc985983f4127cfab13e09a884531157cf11187d032c24d3d3e992863a3a3,57971543,True,eligible_aliquot_barcode_unresolved,highest assigned reads; lexical sample/aliquot/file tie-break
398fa6bf-78af-473b-8f2c-a2b3b605131f,TCGA-AR-A256,TCGA-AR-A256-01,TCGA-AR-A256-01A,,TCGA-AR-A256-01A|398fa6bf-78af-473b-8f2c-a2b3b605131f,E:\apply\journal publication\TNBC_SV_DNA_Repair\TNBC-SV-DNA-Repair-v2-scaffold\TNBC-SV-DNA-Repair-v2\data\external\tcga_rna\398fa6bf-78af-473b-8f2c-a2b3b605131f\a852a227-c31f-410f-baee-81135917a7d2.rna_seq.augmented_star_gene_counts.tsv,300bd799d99d4968aa1eb35bbd6385ea,760620d1eb77e07bdff8b5028b8f7c843e8404df4b04dc71601243a64bb121b6,66757436,True,eligible_aliquot_barcode_unresolved,highest assigned reads; lexical sample/aliquot/file tie-break
3e0c80d6-5091-454c-ad27-eb513cf6f45d,TCGA-GI-A2C9,TCGA-GI-A2C9-01,TCGA-GI-A2C9-01A,,TCGA-GI-A2C9-01A|3e0c80d6-5091-454c-ad27-eb513cf6f45d,E:\apply\journal publication\TNBC_SV_DNA_Repair\TNBC-SV-DNA-Repair-v2-scaffold\TNBC-SV-DNA-Repair-v2\data\external\tcga_rna\3e0c80d6-5091-454c-ad27-eb513cf6f45d\b161c26d-64b1-4e03-94da-4f9b9de25e88.rna_seq.augmented_star_gene_counts.tsv,95dab2fffc861226d58a651c28a1b1b2,b1f625ef5a4a6f271d5862e76d20ab1bf5273d15c2acdb274b7783de23a7eb39,62102747,True,eligible_aliquot_barcode_unresolved,highest assigned reads; lexical sample/aliquot/file tie-break
422ef158-74dd-4a5e-88a6-5b0da33004d1,TCGA-AN-A0AR,TCGA-AN-A0AR-01,TCGA-AN-A0AR-01A,,TCGA-AN-A0AR-01A|422ef158-74dd-4a5e-88a6-5b0da33004d1,E:\apply\journal publication\TNBC_SV_DNA_Repair\TNBC-SV-DNA-Repair-v2-scaffold\TNBC-SV-DNA-Repair-v2\data\external\tcga_rna\422ef158-74dd-4a5e-88a6-5b0da33004d1\9b7c81c7-d03c-446c-9d25-8c966058b0e3.rna_seq.augmented_star_gene_counts.tsv,31051643d355efb8baecf8a64979428c,f734a4375858c79e7f6417c78cd81b00f2a92093e7ee9601d95e1b8b7901573e,62714164,True,eligible_aliquot_barcode_unresolved,highest assigned reads; lexical sample/aliquot/file tie-break
427a04c9-9b48-49de-8a47-2adc4e1dd32a,TCGA-D8-A27H,TCGA-D8-A27H-01,TCGA-D8-A27H-01A,,TCGA-D8-A27H-01A|427a04c9-9b48-49de-8a47-2adc4e1dd32a,E:\apply\journal publication\TNBC_SV_DNA_Repair\TNBC-SV-DNA-Repair-v2-scaffold\TNBC-SV-DNA-Repair-v2\data\external\tcga_rna\427a04c9-9b48-49de-8a47-2adc4e1dd32a\fead73ce-2e66-4647-8b6c-b8bbdaaf30fe.rna_seq.augmented_star_gene_counts.tsv,ec942dcd0042eec6c74ef4c9f7cc5534,980b3172c81293ce6932833c29a59ee57c4b273970ffa829ed545d8a6014d95e,67126816,True,eligible_aliquot_barcode_unresolved,highest assigned reads; lexical sample/aliquot/file tie-break
4a2ad226-ed26-4f81-af7d-9d8b6db7cdd4,TCGA-OL-A6VO,TCGA-OL-A6VO-01,TCGA-OL-A6VO-01A,,TCGA-OL-A6VO-01A|4a2ad226-ed26-4f81-af7d-9d8b6db7cdd4,E:\apply\journal publication\TNBC_SV_DNA_Repair\TNBC-SV-DNA-Repair-v2-scaffold\TNBC-SV-DNA-Repair-v2\data\external\tcga_rna\4a2ad226-ed26-4f81-af7d-9d8b6db7cdd4\f9683515-b944-4c7b-b41d-ea105bd37a5a.rna_seq.augmented_star_gene_counts.tsv,5c8f1426ea7a18aa58f848a5f5a41cc6,a99a51c549592467e289cefa1d5d238e7212d17d9cbda42bf51a295b7ad88ccb,55416200,True,eligible_aliquot_barcode_unresolved,highest assigned reads; lexical sample/aliquot/file tie-break
4ad2cbb3-5bca-462b-af1f-8a292c317722,TCGA-GM-A2DH,TCGA-GM-A2DH-01,TCGA-GM-A2DH-01A,,TCGA-GM-A2DH-01A|4ad2cbb3-5bca-462b-af1f-8a292c317722,E:\apply\journal publication\TNBC_SV_DNA_Repair\TNBC-SV-DNA-Repair-v2-scaffold\TNBC-SV-DNA-Repair-v2\data\external\tcga_rna\4ad2cbb3-5bca-462b-af1f-8a292c317722\e8909d26-a289-4dc7-a819-5883c621efac.rna_seq.augmented_star_gene_counts.tsv,72467f75385aa52acfaa414be2282a96,6f537712e78ed828aa582a08774796b40acbfcc65f09dd14e0d3392f22e66afa,70745107,True,eligible_aliquot_barcode_unresolved,highest assigned reads; lexical sample/aliquot/file tie-break
4dd3d7e2-8a60-41e8-8812-a06f413afe2b,TCGA-AN-A0AT,TCGA-AN-A0AT-01,TCGA-AN-A0AT-01A,,TCGA-AN-A0AT-01A|4dd3d7e2-8a60-41e8-8812-a06f413afe2b,E:\apply\journal publication\TNBC_SV_DNA_Repair\TNBC-SV-DNA-Repair-v2-scaffold\TNBC-SV-DNA-Repair-v2\data\external\tcga_rna\4dd3d7e2-8a60-41e8-8812-a06f413afe2b\49ec7f30-d687-4124-a3aa-17bffb48ce26.rna_seq.augmented_star_gene_counts.tsv,4f066c0a9719e3efb4a953ad9436e6da,e97b6c705762e8329a7a2a082754b5fd14a749bf27c2ffcdbeec3a46dce15ce0,73048810,True,eligible_aliquot_barcode_unresolved,highest assigned reads; lexical sample/aliquot/file tie-break
4ec56a4e-a3ce-4511-a517-199e2a535b1a,TCGA-C8-A27B,TCGA-C8-A27B-01,TCGA-C8-A27B-01A,,TCGA-C8-A27B-01A|4ec56a4e-a3ce-4511-a517-199e2a535b1a,E:\apply\journal publication\TNBC_SV_DNA_Repair\TNBC-SV-DNA-Repair-v2-scaffold\TNBC-SV-DNA-Repair-v2\data\external\tcga_rna\4ec56a4e-a3ce-4511-a517-199e2a535b1a\d898e588-a74d-435c-b930-b96c266ff580.rna_seq.augmented_star_gene_counts.tsv,7b6ab17da013c0425feef6616f4458ae,16a50fbc9ecf547653e598ed00878bdcc06e13cae04ae368c35c777adfbf0750,78466412,True,eligible_aliquot_barcode_unresolved,highest assigned reads; lexical sample/aliquot/file tie-break
4f464ced-080f-41f1-9a00-955db0d5fda6,TCGA-BH-A0B9,TCGA-BH-A0B9-01,TCGA-BH-A0B9-01A,,TCGA-BH-A0B9-01A|4f464ced-080f-41f1-9a00-955db0d5fda6,E:\apply\journal publication\TNBC_SV_DNA_Repair\TNBC-SV-DNA-Repair-v2-scaffold\TNBC-SV-DNA-Repair-v2\data\external\tcga_rna\4f464ced-080f-41f1-9a00-955db0d5fda6\dc76c717-eaa0-49d7-a228-2fce7a536e42.rna_seq.augmented_star_gene_counts.tsv,04404aa56bd6e68b44acf9906e7266c4,dba5f8aeb9b817416b68820be96e67db89b60adb5beb63499e9c8a709877616e,93431860,True,eligible_aliquot_barcode_unresolved,highest assigned reads; lexical sample/aliquot/file tie-break
507952aa-23c0-4239-ae19-04d8f862acc2,TCGA-A1-A0SK,TCGA-A1-A0SK-01,TCGA-A1-A0SK-01A,,TCGA-A1-A0SK-01A|507952aa-23c0-4239-ae19-04d8f862acc2,E:\apply\journal publication\TNBC_SV_DNA_Repair\TNBC-SV-DNA-Repair-v2-scaffold\TNBC-SV-DNA-Repair-v2\data\external\tcga_rna\507952aa-23c0-4239-ae19-04d8f862acc2\55d29bdf-c959-4eda-ab2b-e09d7abb58fa.rna_seq.augmented_star_gene_counts.tsv,be0a14cf9d711fef977c6f1433337e30,cd3c2ef17333f698925ac4a45c80a92bb6e55a2539c61e52d2c32523146930e5,62522284,True,eligible_aliquot_barcode_unresolved,highest assigned reads; lexical sample/aliquot/file tie-break
51a3cb9a-e745-49ac-af0e-3a750f9e7521,TCGA-S3-AA10,TCGA-S3-AA10-01,TCGA-S3-AA10-01A,,TCGA-S3-AA10-01A|51a3cb9a-e745-49ac-af0e-3a750f9e7521,E:\apply\journal publication\TNBC_SV_DNA_Repair\TNBC-SV-DNA-Repair-v2-scaffold\TNBC-SV-DNA-Repair-v2\data\external\tcga_rna\51a3cb9a-e745-49ac-af0e-3a750f9e7521\df6af593-6a85-4f5f-8dbe-c32df5a85ef6.rna_seq.augmented_star_gene_counts.tsv,e3b1abcee920570435311e0b4475691f,843d437fb4e0dc8aa71a0b489bb5a0a16667cc6e27c73e88650d686ea137edb4,49520244,True,eligible_aliquot_barcode_unresolved,highest assigned reads; lexical sample/aliquot/file tie-break
54600389-6de5-44ce-ada1-8a8508b50980,TCGA-A2-A0T2,TCGA-A2-A0T2-01,TCGA-A2-A0T2-01A,,TCGA-A2-A0T2-01A|54600389-6de5-44ce-ada1-8a8508b50980,E:\apply\journal publication\TNBC_SV_DNA_Repair\TNBC-SV-DNA-Repair-v2-scaffold\TNBC-SV-DNA-Repair-v2\data\external\tcga_rna\54600389-6de5-44ce-ada1-8a8508b50980\65ba302c-51a9-4493-8d28-e7bc076bca54.rna_seq.augmented_star_gene_counts.tsv,368b9e09d3826de28b4c7e26eb1bb152,49c0f4b4c4c945ca98882199f77519cd7822dd258e8875b2676b4f641063fd01,53545972,True,eligible_aliquot_barcode_unresolved,highest assigned reads; lexical sample/aliquot/file tie-break
57044315-cc7f-4677-90fa-2e959740bd9c,TCGA-EW-A1OV,TCGA-EW-A1OV-01,TCGA-EW-A1OV-01A,,TCGA-EW-A1OV-01A|57044315-cc7f-4677-90fa-2e959740bd9c,E:\apply\journal publication\TNBC_SV_DNA_Repair\TNBC-SV-DNA-Repair-v2-scaffold\TNBC-SV-DNA-Repair-v2\data\external\tcga_rna\57044315-cc7f-4677-90fa-2e959740bd9c\857c6778-f94c-4b61-9df0-7ee340fb88bf.rna_seq.augmented_star_gene_counts.tsv,9faba9793b39d22f2d9b40669da65e99,0f0062e96d1dae97797eda236eaff6fa38b7d06a03c6c12a15f2d7fdd29ffaf0,41606539,True,eligible_aliquot_barcode_unresolved,highest assigned reads; lexical sample/aliquot/file tie-break
5755f322-5df5-4b88-9c79-640167775c12,TCGA-E2-A1LS,TCGA-E2-A1LS-01,TCGA-E2-A1LS-01A,,TCGA-E2-A1LS-01A|5755f322-5df5-4b88-9c79-640167775c12,E:\apply\journal publication\TNBC_SV_DNA_Repair\TNBC-SV-DNA-Repair-v2-scaffold\TNBC-SV-DNA-Repair-v2\data\external\tcga_rna\5755f322-5df5-4b88-9c79-640167775c12\8bf23a6b-8ca6-4fcf-b4e9-a14c3a875526.rna_seq.augmented_star_gene_counts.tsv,4e792b3fb39984a371f0360c439f1d6e,d0641696459da0751791f3f73ba510b592e2c172b90330258704e86bbc51cfd5,68637241,True,eligible_aliquot_barcode_unresolved,highest assigned reads; lexical sample/aliquot/file tie-break
58764dda-7c61-4705-a834-4d654c60ef2b,TCGA-AR-A1AY,TCGA-AR-A1AY-01,TCGA-AR-A1AY-01A,,TCGA-AR-A1AY-01A|58764dda-7c61-4705-a834-4d654c60ef2b,E:\apply\journal publication\TNBC_SV_DNA_Repair\TNBC-SV-DNA-Repair-v2-scaffold\TNBC-SV-DNA-Repair-v2\data\external\tcga_rna\58764dda-7c61-4705-a834-4d654c60ef2b\4d4d40f2-1f96-4d31-81aa-d44b17a217ed.rna_seq.augmented_star_gene_counts.tsv,d714d7436d545304554860e673e2b978,5b8c8d1d6363cbe7eda409ed298634fe529c07552d9869b743077435ad8eca06,54129979,True,eligible_aliquot_barcode_unresolved,highest assigned reads; lexical sample/aliquot/file tie-break
59bb8b6d-9827-4d5c-8714-cbc8ec3b8be5,TCGA-GM-A2DB,TCGA-GM-A2DB-01,TCGA-GM-A2DB-01A,,TCGA-GM-A2DB-01A|59bb8b6d-9827-4d5c-8714-cbc8ec3b8be5,E:\apply\journal publication\TNBC_SV_DNA_Repair\TNBC-SV-DNA-Repair-v2-scaffold\TNBC-SV-DNA-Repair-v2\data\external\tcga_rna\59bb8b6d-9827-4d5c-8714-cbc8ec3b8be5\c8c4129c-48ca-4df9-9ef8-bab2a794ebbf.rna_seq.augmented_star_gene_counts.tsv,56c26b4865b6b563286d2e48e7921ccb,103e4807480dade157ec831c76cdb4e79cb0bcd5bc505afb68f10637d9543b46,33917092,True,eligible_aliquot_barcode_unresolved,highest assigned reads; lexical sample/aliquot/file tie-break
5fbe4a11-de4d-418e-9bc3-75b768d4a665,TCGA-AN-A0XU,TCGA-AN-A0XU-01,TCGA-AN-A0XU-01A,,TCGA-AN-A0XU-01A|5fbe4a11-de4d-418e-9bc3-75b768d4a665,E:\apply\journal publication\TNBC_SV_DNA_Repair\TNBC-SV-DNA-Repair-v2-scaffold\TNBC-SV-DNA-Repair-v2\data\external\tcga_rna\5fbe4a11-de4d-418e-9bc3-75b768d4a665\22e623b3-2c82-4283-bd28-2cf1777b0179.rna_seq.augmented_star_gene_counts.tsv,6078a4eb3852baf57465346b82631ce4,1d6d959d2d99f268ad893c7afabe0c51ab15d29a46dd1446aa2dbad42e8b8784,59160136,True,eligible_aliquot_barcode_unresolved,highest assigned reads; lexical sample/aliquot/file tie-break
5fe2671d-4314-444b-adc1-64bbc6a85aab,TCGA-D8-A1JL,TCGA-D8-A1JL-01,TCGA-D8-A1JL-01A,,TCGA-D8-A1JL-01A|5fe2671d-4314-444b-adc1-64bbc6a85aab,E:\apply\journal publication\TNBC_SV_DNA_Repair\TNBC-SV-DNA-Repair-v2-scaffold\TNBC-SV-DNA-Repair-v2\data\external\tcga_rna\5fe2671d-4314-444b-adc1-64bbc6a85aab\548b1967-fca4-4238-8d59-ae5405122c90.rna_seq.augmented_star_gene_counts.tsv,5392625781b55a2440dec8430c38feb1,654d0b15942b96a3feadcef44c4e7ed8053bf0157df67cac9459e4435f7d5e16,80811517,True,eligible_aliquot_barcode_unresolved,highest assigned reads; lexical sample/aliquot/file tie-break
64bfe46f-8152-4c70-b69d-ea412a4dfcff,TCGA-A2-A0D2,TCGA-A2-A0D2-01,TCGA-A2-A0D2-01A,,TCGA-A2-A0D2-01A|64bfe46f-8152-4c70-b69d-ea412a4dfcff,E:\apply\journal publication\TNBC_SV_DNA_Repair\TNBC-SV-DNA-Repair-v2-scaffold\TNBC-SV-DNA-Repair-v2\data\external\tcga_rna\64bfe46f-8152-4c70-b69d-ea412a4dfcff\b25117ce-5a14-4b43-bbfe-513b957464d0.rna_seq.augmented_star_gene_counts.tsv,4c10ed2ed8b6b870437d52ebf83b2fa3,ea5c964162c8bbe7ef898c821341b05adba5033a9e5a1a59b5a7c66a337995cc,54762380,True,eligible_aliquot_barcode_unresolved,highest assigned reads; lexical sample/aliquot/file tie-break
67317cce-4a8c-4313-bb26-4ef7759071b9,TCGA-EW-A1PH,TCGA-EW-A1PH-01,TCGA-EW-A1PH-01A,,TCGA-EW-A1PH-01A|67317cce-4a8c-4313-bb26-4ef7759071b9,E:\apply\journal publication\TNBC_SV_DNA_Repair\TNBC-SV-DNA-Repair-v2-scaffold\TNBC-SV-DNA-Repair-v2\data\external\tcga_rna\67317cce-4a8c-4313-bb26-4ef7759071b9\3b509602-c9b3-4dba-86a4-13e2a3857bb4.rna_seq.augmented_star_gene_counts.tsv,505f06d7345d85995044e4630116ccb5,57429f858a5c8dad950574d99d68062cbdf46beba61f53f20274c6c17de6c99a,60751334,True,eligible_aliquot_barcode_unresolved,highest assigned reads; lexical sample/aliquot/file tie-break
6e112ec6-1791-4764-8a62-7ad4dfea2d3b,TCGA-A2-A0SX,TCGA-A2-A0SX-01,TCGA-A2-A0SX-01A,,TCGA-A2-A0SX-01A|6e112ec6-1791-4764-8a62-7ad4dfea2d3b,E:\apply\journal publication\TNBC_SV_DNA_Repair\TNBC-SV-DNA-Repair-v2-scaffold\TNBC-SV-DNA-Repair-v2\data\external\tcga_rna\6e112ec6-1791-4764-8a62-7ad4dfea2d3b\216e4f8a-be1a-41d6-b413-fa4645423caa.rna_seq.augmented_star_gene_counts.tsv,ab766d646b3d2dff3a44caed1e0a3999,c7a5d6dac6ac7d740780896d945cc4852075b4877647d66b19819f31871bfff4,65036717,True,eligible_aliquot_barcode_unresolved,highest assigned reads; lexical sample/aliquot/file tie-break
6e8e0eef-1fc8-446c-9038-3a06657784ec,TCGA-E2-A14R,TCGA-E2-A14R-01,TCGA-E2-A14R-01A,,TCGA-E2-A14R-01A|6e8e0eef-1fc8-446c-9038-3a06657784ec,E:\apply\journal publication\TNBC_SV_DNA_Repair\TNBC-SV-DNA-Repair-v2-scaffold\TNBC-SV-DNA-Repair-v2\data\external\tcga_rna\6e8e0eef-1fc8-446c-9038-3a06657784ec\0c087071-89ba-4fc8-ab47-c4f1c60fa24c.rna_seq.augmented_star_gene_counts.tsv,f67c8eee4c4d07d8ed9f1b20c94e25d5,e8b595d29b6def8e18b7bd0bf0940ace9a5f388f3dc2ba065bde9fd3be743883,49002274,True,eligible_aliquot_barcode_unresolved,highest assigned reads; lexical sample/aliquot/file tie-break
7002e8cb-0d64-4d4b-a483-bf6dec3c2abb,TCGA-AC-A2QH,TCGA-AC-A2QH-01,TCGA-AC-A2QH-01B,,TCGA-AC-A2QH-01B|7002e8cb-0d64-4d4b-a483-bf6dec3c2abb,E:\apply\journal publication\TNBC_SV_DNA_Repair\TNBC-SV-DNA-Repair-v2-scaffold\TNBC-SV-DNA-Repair-v2\data\external\tcga_rna\7002e8cb-0d64-4d4b-a483-bf6dec3c2abb\08a14e13-810a-4862-9de9-16b4fea25625.rna_seq.augmented_star_gene_counts.tsv,9912d7b26bda8c34b71fbb4e7efe9bbd,b02e82366e3377799452c4ec9d62283e596ef93037df9a6a7a0a49067e38474d,21150195,False,unselected_duplicate,highest assigned reads; lexical sample/aliquot/file tie-break
707414cc-7f34-41c6-8803-6641521a4069,TCGA-AO-A1KR,TCGA-AO-A1KR-01,TCGA-AO-A1KR-01A,,TCGA-AO-A1KR-01A|707414cc-7f34-41c6-8803-6641521a4069,E:\apply\journal publication\TNBC_SV_DNA_Repair\TNBC-SV-DNA-Repair-v2-scaffold\TNBC-SV-DNA-Repair-v2\data\external\tcga_rna\707414cc-7f34-41c6-8803-6641521a4069\b1d64529-4f34-4644-b0e7-20606827ccd4.rna_seq.augmented_star_gene_counts.tsv,376775c07a9d2429cc5360caa4a64415,42947d8dc1d2cfaeed3bd3f22311c4224b84189f0f51ee78c1c982ad99bfddd8,38573913,True,eligible_aliquot_barcode_unresolved,highest assigned reads; lexical sample/aliquot/file tie-break
7125229a-2fc6-402d-bd87-ad0d3195fd49,TCGA-HN-A2NL,TCGA-HN-A2NL-01,TCGA-HN-A2NL-01A,,TCGA-HN-A2NL-01A|7125229a-2fc6-402d-bd87-ad0d3195fd49,E:\apply\journal publication\TNBC_SV_DNA_Repair\TNBC-SV-DNA-Repair-v2-scaffold\TNBC-SV-DNA-Repair-v2\data\external\tcga_rna\7125229a-2fc6-402d-bd87-ad0d3195fd49\c024ea4d-8f0e-4fba-b793-5d2e767744db.rna_seq.augmented_star_gene_counts.tsv,00ed9b04396fc4948c4dda81c895a722,8dc2161773ddb37c70aad6aa7be47c62ecfeeefd13070e86e76b4237e9d0bb6f,60590896,True,eligible_aliquot_barcode_unresolved,highest assigned reads; lexical sample/aliquot/file tie-break
71ce6854-2231-48ad-ba1b-54bb4ec7d713,TCGA-C8-A12V,TCGA-C8-A12V-01,TCGA-C8-A12V-01A,,TCGA-C8-A12V-01A|71ce6854-2231-48ad-ba1b-54bb4ec7d713,E:\apply\journal publication\TNBC_SV_DNA_Repair\TNBC-SV-DNA-Repair-v2-scaffold\TNBC-SV-DNA-Repair-v2\data\external\tcga_rna\71ce6854-2231-48ad-ba1b-54bb4ec7d713\c50bf088-8ad3-495c-b7b5-1eca9bb546ba.rna_seq.augmented_star_gene_counts.tsv,eec3e72e22419d2e8aee420e22369430,ee695bffdd1243a5f059cd0d533e18ea00a75e4a68ed9824e3b773a4624a4b36,50055578,True,eligible_aliquot_barcode_unresolved,highest assigned reads; lexical sample/aliquot/file tie-break
7235fd65-e9cb-45f1-ac78-cad80823325e,TCGA-AR-A1AR,TCGA-AR-A1AR-01,TCGA-AR-A1AR-01A,,TCGA-AR-A1AR-01A|7235fd65-e9cb-45f1-ac78-cad80823325e,E:\apply\journal publication\TNBC_SV_DNA_Repair\TNBC-SV-DNA-Repair-v2-scaffold\TNBC-SV-DNA-Repair-v2\data\external\tcga_rna\7235fd65-e9cb-45f1-ac78-cad80823325e\b021039d-26c3-4851-9641-ddd81e408339.rna_seq.augmented_star_gene_counts.tsv,b8849d5006f38f71d2d85d90b54e5961,a35093ecb02b329906eeabc76df89beef4bf479d27751ce0da0eda762ac63def,80625526,True,eligible_aliquot_barcode_unresolved,highest assigned reads; lexical sample/aliquot/file tie-break
7300d49e-2e8c-42e0-873a-1674a19b71e6,TCGA-D8-A1JF,TCGA-D8-A1JF-01,TCGA-D8-A1JF-01A,,TCGA-D8-A1JF-01A|7300d49e-2e8c-42e0-873a-1674a19b71e6,E:\apply\journal publication\TNBC_SV_DNA_Repair\TNBC-SV-DNA-Repair-v2-scaffold\TNBC-SV-DNA-Repair-v2\data\external\tcga_rna\7300d49e-2e8c-42e0-873a-1674a19b71e6\fb27491d-a418-4957-a387-9a4e4de84b06.rna_seq.augmented_star_gene_counts.tsv,c770b3c4792dbef0ee954fc01e8fa208,60c7a84255ad26cd9b84d33aaa229648ae4316ca5f839a046e3e57b4f0459607,77974459,True,eligible_aliquot_barcode_unresolved,highest assigned reads; lexical sample/aliquot/file tie-break
742a677b-e99b-4916-bb92-3536c55ee5e3,TCGA-BH-A0BG,TCGA-BH-A0BG-01,TCGA-BH-A0BG-01A,,TCGA-BH-A0BG-01A|742a677b-e99b-4916-bb92-3536c55ee5e3,E:\apply\journal publication\TNBC_SV_DNA_Repair\TNBC-SV-DNA-Repair-v2-scaffold\TNBC-SV-DNA-Repair-v2\data\external\tcga_rna\742a677b-e99b-4916-bb92-3536c55ee5e3\594263d2-e787-4e14-a2de-8f57727de001.rna_seq.augmented_star_gene_counts.tsv,1eee36e9d0b995b3abd47aaa3bab156c,864f98bba95ef4f5cb5126e76a020a20fc405d96a43c5f2cc6356c482e89852a,68777711,True,eligible_aliquot_barcode_unresolved,highest assigned reads; lexical sample/aliquot/file tie-break
76bcf698-d2da-42de-b33c-c5deb721c643,TCGA-BH-A1F6,TCGA-BH-A1F6-01,TCGA-BH-A1F6-01A,,TCGA-BH-A1F6-01A|76bcf698-d2da-42de-b33c-c5deb721c643,E:\apply\journal publication\TNBC_SV_DNA_Repair\TNBC-SV-DNA-Repair-v2-scaffold\TNBC-SV-DNA-Repair-v2\data\external\tcga_rna\76bcf698-d2da-42de-b33c-c5deb721c643\1a2bc49d-edc6-4b84-88f0-73b6ed250d1b.rna_seq.augmented_star_gene_counts.tsv,ce44205e8457d0a0303352a0b74b49ab,cb456e821925e80d2482810a641e289f4ed7c386bc712f1147e71862e1786419,42724015,True,eligible_aliquot_barcode_unresolved,highest assigned reads; lexical sample/aliquot/file tie-break
7789d241-991c-4cc9-a557-69d5c439b930,TCGA-BH-A0WA,TCGA-BH-A0WA-01,TCGA-BH-A0WA-01A,,TCGA-BH-A0WA-01A|7789d241-991c-4cc9-a557-69d5c439b930,E:\apply\journal publication\TNBC_SV_DNA_Repair\TNBC-SV-DNA-Repair-v2-scaffold\TNBC-SV-DNA-Repair-v2\data\external\tcga_rna\7789d241-991c-4cc9-a557-69d5c439b930\24edd191-20a1-4887-951a-3f0a753d43f8.rna_seq.augmented_star_gene_counts.tsv,8f7631f85d417d7bd602d33ecc0f2d8d,806ba7215935f4fea2f22b7c2d2bbf4ea3cdb21903e73d9fd271943581b84aa2,59030783,True,eligible_aliquot_barcode_unresolved,highest assigned reads; lexical sample/aliquot/file tie-break
77f150b1-5f40-442d-91c5-6d3571513513,TCGA-BH-A0RX,TCGA-BH-A0RX-01,TCGA-BH-A0RX-01A,,TCGA-BH-A0RX-01A|77f150b1-5f40-442d-91c5-6d3571513513,E:\apply\journal publication\TNBC_SV_DNA_Repair\TNBC-SV-DNA-Repair-v2-scaffold\TNBC-SV-DNA-Repair-v2\data\external\tcga_rna\77f150b1-5f40-442d-91c5-6d3571513513\1fc52882-bc89-4a45-a96e-5e051420c513.rna_seq.augmented_star_gene_counts.tsv,8c118d2c7cc6f4308955bfd4a2849a1c,b512e8acda94df43962e2096504be9d1708cb93e1108f2e43920dd2baf48637c,48497419,True,eligible_aliquot_barcode_unresolved,highest assigned reads; lexical sample/aliquot/file tie-break
7806768a-e8c6-48b0-a241-c036c230e78b,TCGA-AO-A03U,TCGA-AO-A03U-01,TCGA-AO-A03U-01B,,TCGA-AO-A03U-01B|7806768a-e8c6-48b0-a241-c036c230e78b,E:\apply\journal publication\TNBC_SV_DNA_Repair\TNBC-SV-DNA-Repair-v2-scaffold\TNBC-SV-DNA-Repair-v2\data\external\tcga_rna\7806768a-e8c6-48b0-a241-c036c230e78b\341e11ea-c1b6-4d66-999c-76ebb9c8b342.rna_seq.augmented_star_gene_counts.tsv,f9877b5367930f2eb95e2b53f25ccb29,7db6d8b29b526432973f0c835a301253a9f743a3a063c85515af04a72b645f66,77827934,True,eligible_aliquot_barcode_unresolved,highest assigned reads; lexical sample/aliquot/file tie-break
7860a938-e43a-4c3a-83b4-6578cea95df8,TCGA-E2-A150,TCGA-E2-A150-01,TCGA-E2-A150-01A,,TCGA-E2-A150-01A|7860a938-e43a-4c3a-83b4-6578cea95df8,E:\apply\journal publication\TNBC_SV_DNA_Repair\TNBC-SV-DNA-Repair-v2-scaffold\TNBC-SV-DNA-Repair-v2\data\external\tcga_rna\7860a938-e43a-4c3a-83b4-6578cea95df8\a0ea30b4-a6e0-4f46-a0ee-5d552c8b6d68.rna_seq.augmented_star_gene_counts.tsv,a3062bde1fb3fd2538de9d4ef431eebe,36d1dc0f1148b6ae23111535060cdb68f6c998746d2d96eb83a97b9107a0317f,51597914,True,eligible_aliquot_barcode_unresolved,highest assigned reads; lexical sample/aliquot/file tie-break
7882ff91-e415-48ae-9151-26b55f1cfc57,TCGA-BH-A0E0,TCGA-BH-A0E0-01,TCGA-BH-A0E0-01A,,TCGA-BH-A0E0-01A|7882ff91-e415-48ae-9151-26b55f1cfc57,E:\apply\journal publication\TNBC_SV_DNA_Repair\TNBC-SV-DNA-Repair-v2-scaffold\TNBC-SV-DNA-Repair-v2\data\external\tcga_rna\7882ff91-e415-48ae-9151-26b55f1cfc57\2b5864c9-7577-4e93-8d22-1f45a98267f1.rna_seq.augmented_star_gene_counts.tsv,3337bb07f0afd8b6d06911ba132616c0,57f6dad5e6c302e7b8bc69aa0de1a7e55c3c54baaf84d54655fd67547e29d416,37420786,True,eligible_aliquot_barcode_unresolved,highest assigned reads; lexical sample/aliquot/file tie-break
7acdca8d-6231-4077-b7ac-eec857c43092,TCGA-AR-A2LR,TCGA-AR-A2LR-01,TCGA-AR-A2LR-01A,,TCGA-AR-A2LR-01A|7acdca8d-6231-4077-b7ac-eec857c43092,E:\apply\journal publication\TNBC_SV_DNA_Repair\TNBC-SV-DNA-Repair-v2-scaffold\TNBC-SV-DNA-Repair-v2\data\external\tcga_rna\7acdca8d-6231-4077-b7ac-eec857c43092\17efe3f1-a97a-4e26-b28a-98702fd3c42b.rna_seq.augmented_star_gene_counts.tsv,a4c66396d1bc675300eed549ef0c87fa,9606fa163447e2dede4a9d7d3b3ff7703c25512c9f4f2d18015b0bae53bc4853,42859578,True,eligible_aliquot_barcode_unresolved,highest assigned reads; lexical sample/aliquot/file tie-break
7aff89e2-86cb-43d8-96cd-341c02ebdd49,TCGA-C8-A3M7,TCGA-C8-A3M7-01,TCGA-C8-A3M7-01A,,TCGA-C8-A3M7-01A|7aff89e2-86cb-43d8-96cd-341c02ebdd49,E:\apply\journal publication\TNBC_SV_DNA_Repair\TNBC-SV-DNA-Repair-v2-scaffold\TNBC-SV-DNA-Repair-v2\data\external\tcga_rna\7aff89e2-86cb-43d8-96cd-341c02ebdd49\bc4ac436-ed5f-4774-867d-a6bdd7e14486.rna_seq.augmented_star_gene_counts.tsv,b4efc30b9af6617d16af8decb974d51b,c9d74ab9a98a9ce636839b19441c1d341729363dcc082cb9f4ff3f1bbf347604,60300611,True,eligible_aliquot_barcode_unresolved,highest assigned reads; lexical sample/aliquot/file tie-break
7b738087-65b1-4c6e-94c4-d0ba6bb17098,TCGA-EW-A1OW,TCGA-EW-A1OW-01,TCGA-EW-A1OW-01A,,TCGA-EW-A1OW-01A|7b738087-65b1-4c6e-94c4-d0ba6bb17098,E:\apply\journal publication\TNBC_SV_DNA_Repair\TNBC-SV-DNA-Repair-v2-scaffold\TNBC-SV-DNA-Repair-v2\data\external\tcga_rna\7b738087-65b1-4c6e-94c4-d0ba6bb17098\c8c213fe-4ab7-4671-81cb-fe09b11fcbe7.rna_seq.augmented_star_gene_counts.tsv,e6e212e9fe17b3789582cb9aee383836,f08543b2e46385b4bf3586bdaac7dafe60dc42655f0d09d36e008288356be0a0,41539916,True,eligible_aliquot_barcode_unresolved,highest assigned reads; lexical sample/aliquot/file tie-break
7d496f9f-8a04-496a-ad25-68b1b72f864a,TCGA-D8-A1XK,TCGA-D8-A1XK-01,TCGA-D8-A1XK-01A,,TCGA-D8-A1XK-01A|7d496f9f-8a04-496a-ad25-68b1b72f864a,E:\apply\journal publication\TNBC_SV_DNA_Repair\TNBC-SV-DNA-Repair-v2-scaffold\TNBC-SV-DNA-Repair-v2\data\external\tcga_rna\7d496f9f-8a04-496a-ad25-68b1b72f864a\c07a2fe2-d51d-4fd6-a36e-9f04fc3b6c05.rna_seq.augmented_star_gene_counts.tsv,28b5125dd051111339fbb56dcc9a7b18,d3570784618d754f6db104f7c0852141ef23f1c27e1b0de89565bb98a19286fc,71287257,True,eligible_aliquot_barcode_unresolved,highest assigned reads; lexical sample/aliquot/file tie-break
7fa9ad2e-67a7-449f-be73-9e18dc46b529,TCGA-AO-A0J4,TCGA-AO-A0J4-01,TCGA-AO-A0J4-01A,,TCGA-AO-A0J4-01A|7fa9ad2e-67a7-449f-be73-9e18dc46b529,E:\apply\journal publication\TNBC_SV_DNA_Repair\TNBC-SV-DNA-Repair-v2-scaffold\TNBC-SV-DNA-Repair-v2\data\external\tcga_rna\7fa9ad2e-67a7-449f-be73-9e18dc46b529\5d5bb9d2-2244-4673-99db-653609cf5de2.rna_seq.augmented_star_gene_counts.tsv,c2c58944ad7816d2b276096ba80553c5,527460ac03c429e9d5d205c3b7bc3cb5ea835baf5b5be2c7812b2fd56104dbd4,85104362,True,eligible_aliquot_barcode_unresolved,highest assigned reads; lexical sample/aliquot/file tie-break
83f2e26b-fefd-4027-ac5e-fa204ec9f084,TCGA-EW-A6SB,TCGA-EW-A6SB-01,TCGA-EW-A6SB-01A,,TCGA-EW-A6SB-01A|83f2e26b-fefd-4027-ac5e-fa204ec9f084,E:\apply\journal publication\TNBC_SV_DNA_Repair\TNBC-SV-DNA-Repair-v2-scaffold\TNBC-SV-DNA-Repair-v2\data\external\tcga_rna\83f2e26b-fefd-4027-ac5e-fa204ec9f084\a455069c-8869-4af8-949c-edfee0a05f51.rna_seq.augmented_star_gene_counts.tsv,2a196a028ad890402b9b8d4fa7512652,d40b4db4dc726454b985be09fec72e81640e4c98646043a1558b9af2376fddcf,41754714,True,eligible_aliquot_barcode_unresolved,highest assigned reads; lexical sample/aliquot/file tie-break
842b0c9e-a03d-4074-b0fe-be8d0e056c7d,TCGA-GM-A2DF,TCGA-GM-A2DF-01,TCGA-GM-A2DF-01A,,TCGA-GM-A2DF-01A|842b0c9e-a03d-4074-b0fe-be8d0e056c7d,E:\apply\journal publication\TNBC_SV_DNA_Repair\TNBC-SV-DNA-Repair-v2-scaffold\TNBC-SV-DNA-Repair-v2\data\external\tcga_rna\842b0c9e-a03d-4074-b0fe-be8d0e056c7d\56bc1e6b-d1bf-4df9-b266-07ff567aad77.rna_seq.augmented_star_gene_counts.tsv,dbadc7592c847ec9de5c1dc1dd314eb0,4b924f4fcd00d7b8142abea8b3ed20c603b149076e375626f5cdd6b718c46a8a,53603929,True,eligible_aliquot_barcode_unresolved,highest assigned reads; lexical sample/aliquot/file tie-break
86b68671-beef-4a15-aabb-89d79396fd9d,TCGA-EW-A1P4,TCGA-EW-A1P4-01,TCGA-EW-A1P4-01A,,TCGA-EW-A1P4-01A|86b68671-beef-4a15-aabb-89d79396fd9d,E:\apply\journal publication\TNBC_SV_DNA_Repair\TNBC-SV-DNA-Repair-v2-scaffold\TNBC-SV-DNA-Repair-v2\data\external\tcga_rna\86b68671-beef-4a15-aabb-89d79396fd9d\493a8b0a-11ea-4f37-8149-3825aaa04fe4.rna_seq.augmented_star_gene_counts.tsv,45c718d416fc228afa997270a9a042ce,43e00aea339e2e5d30b4af3fd62e549e02012e7c0b86b172f64628b31ec78c14,57196716,True,eligible_aliquot_barcode_unresolved,highest assigned reads; lexical sample/aliquot/file tie-break
87b7171a-7340-4e1e-849b-c52351f23ab0,TCGA-A7-A4SE,TCGA-A7-A4SE-01,TCGA-A7-A4SE-01A,,TCGA-A7-A4SE-01A|87b7171a-7340-4e1e-849b-c52351f23ab0,E:\apply\journal publication\TNBC_SV_DNA_Repair\TNBC-SV-DNA-Repair-v2-scaffold\TNBC-SV-DNA-Repair-v2\data\external\tcga_rna\87b7171a-7340-4e1e-849b-c52351f23ab0\43c4bdc2-b3fc-4fb0-9f11-f45394c4256b.rna_seq.augmented_star_gene_counts.tsv,e01f9f6304a85be93cd2bf5dce00e63e,7999626943703bbf6f79d56a16bb61f57294ff84d4819e46f8f751cfc3d883df,34174471,True,eligible_aliquot_barcode_unresolved,highest assigned reads; lexical sample/aliquot/file tie-break
893122aa-117b-49a4-a81c-1229dde4d78a,TCGA-BH-A42U,TCGA-BH-A42U-01,TCGA-BH-A42U-01A,,TCGA-BH-A42U-01A|893122aa-117b-49a4-a81c-1229dde4d78a,E:\apply\journal publication\TNBC_SV_DNA_Repair\TNBC-SV-DNA-Repair-v2-scaffold\TNBC-SV-DNA-Repair-v2\data\external\tcga_rna\893122aa-117b-49a4-a81c-1229dde4d78a\42cc31fb-3bc2-4d21-b821-2d05aca800e7.rna_seq.augmented_star_gene_counts.tsv,eb00b726d03006522e9388c80dfc3647,66b0c103a42fafdc58f8bd103134f047ec470fd828ee548aba106f2a5634f808,65138173,True,eligible_aliquot_barcode_unresolved,highest assigned reads; lexical sample/aliquot/file tie-break
8a7fe670-bcef-4fcb-9759-9892ff5f4f61,TCGA-BH-A0BL,TCGA-BH-A0BL-01,TCGA-BH-A0BL-01A,,TCGA-BH-A0BL-01A|8a7fe670-bcef-4fcb-9759-9892ff5f4f61,E:\apply\journal publication\TNBC_SV_DNA_Repair\TNBC-SV-DNA-Repair-v2-scaffold\TNBC-SV-DNA-Repair-v2\data\external\tcga_rna\8a7fe670-bcef-4fcb-9759-9892ff5f4f61\a7428d3b-f84b-4c2f-a996-14a11af6b6df.rna_seq.augmented_star_gene_counts.tsv,0d687cb5c21070d7f026b730cc1f98e6,46cf809a24899f8e14b6128638f2224af2b4c2e5e131217346b989804ab43653,68318528,True,eligible_aliquot_barcode_unresolved,highest assigned reads; lexical sample/aliquot/file tie-break
8ca36e25-aabc-4bd9-9ced-a8d432ca0260,TCGA-LL-A73Y,TCGA-LL-A73Y-01,TCGA-LL-A73Y-01A,,TCGA-LL-A73Y-01A|8ca36e25-aabc-4bd9-9ced-a8d432ca0260,E:\apply\journal publication\TNBC_SV_DNA_Repair\TNBC-SV-DNA-Repair-v2-scaffold\TNBC-SV-DNA-Repair-v2\data\external\tcga_rna\8ca36e25-aabc-4bd9-9ced-a8d432ca0260\6e6eeb9a-6437-4e53-9fb7-c283f738d3bd.rna_seq.augmented_star_gene_counts.tsv,99f313039e4e127a584e30ff5aa4b7d8,4940b84d44f847b9c71a4fa3e940f44f870fd34ddee008d211d4d9c00557be26,59733332,True,eligible_aliquot_barcode_unresolved,highest assigned reads; lexical sample/aliquot/file tie-break
8fb0660c-fb39-47f0-8450-1f7abff3b656,TCGA-A2-A0CM,TCGA-A2-A0CM-01,TCGA-A2-A0CM-01A,,TCGA-A2-A0CM-01A|8fb0660c-fb39-47f0-8450-1f7abff3b656,E:\apply\journal publication\TNBC_SV_DNA_Repair\TNBC-SV-DNA-Repair-v2-scaffold\TNBC-SV-DNA-Repair-v2\data\external\tcga_rna\8fb0660c-fb39-47f0-8450-1f7abff3b656\3334577a-8045-4613-9a1b-e79fd62d5d6d.rna_seq.augmented_star_gene_counts.tsv,82250c0adab66ef3636fdad8e6cf5b8c,a40f84dd2b8601cf41994d6b8c23c09aab673e290494fa8e46638a1d1cb24e7f,43421498,True,eligible_aliquot_barcode_unresolved,highest assigned reads; lexical sample/aliquot/file tie-break
9f06e9cd-8184-4b66-a2e0-96da9a7159e8,TCGA-A7-A6VY,TCGA-A7-A6VY-01,TCGA-A7-A6VY-01A,,TCGA-A7-A6VY-01A|9f06e9cd-8184-4b66-a2e0-96da9a7159e8,E:\apply\journal publication\TNBC_SV_DNA_Repair\TNBC-SV-DNA-Repair-v2-scaffold\TNBC-SV-DNA-Repair-v2\data\external\tcga_rna\9f06e9cd-8184-4b66-a2e0-96da9a7159e8\352ec91a-6c0a-4d6e-b6bd-4237f5eebde9.rna_seq.augmented_star_gene_counts.tsv,70d41be03628259c3efae80463acc6fc,1289f05e312735464242f07cd640cec57f6a58a90b671843788d873ea86e1e48,62223450,True,eligible_aliquot_barcode_unresolved,highest assigned reads; lexical sample/aliquot/file tie-break
a260d9e5-d88e-44eb-8431-4266c1baf68a,TCGA-AC-A2QJ,TCGA-AC-A2QJ-01,TCGA-AC-A2QJ-01A,,TCGA-AC-A2QJ-01A|a260d9e5-d88e-44eb-8431-4266c1baf68a,E:\apply\journal publication\TNBC_SV_DNA_Repair\TNBC-SV-DNA-Repair-v2-scaffold\TNBC-SV-DNA-Repair-v2\data\external\tcga_rna\a260d9e5-d88e-44eb-8431-4266c1baf68a\9c20991b-fb37-4984-8b57-2c1fa8112d1a.rna_seq.augmented_star_gene_counts.tsv,8439e7ee7f371c0c298f95689b26ea7c,f0d0ee1f5e0b8b5d7c65aec36bc52a6391ce628ca2e9c8a37267db6067866f22,52048654,True,eligible_aliquot_barcode_unresolved,highest assigned reads; lexical sample/aliquot/file tie-break
a572e59c-096f-4054-bbb4-90f2e2461d99,TCGA-S3-AA15,TCGA-S3-AA15-01,TCGA-S3-AA15-01A,,TCGA-S3-AA15-01A|a572e59c-096f-4054-bbb4-90f2e2461d99,E:\apply\journal publication\TNBC_SV_DNA_Repair\TNBC-SV-DNA-Repair-v2-scaffold\TNBC-SV-DNA-Repair-v2\data\external\tcga_rna\a572e59c-096f-4054-bbb4-90f2e2461d99\b87ce383-9333-420c-9184-62d9d1eadabc.rna_seq.augmented_star_gene_counts.tsv,da3738eddb82eb38a8df763f803b84a3,109357b78b8d357f22686cbea976e3824481ebc19d41eac50c08bea92c55027b,42619743,True,eligible_aliquot_barcode_unresolved,highest assigned reads; lexical sample/aliquot/file tie-break
a63cca36-139d-4054-9d99-9b04ddae7ec2,TCGA-AO-A124,TCGA-AO-A124-01,TCGA-AO-A124-01A,,TCGA-AO-A124-01A|a63cca36-139d-4054-9d99-9b04ddae7ec2,E:\apply\journal publication\TNBC_SV_DNA_Repair\TNBC-SV-DNA-Repair-v2-scaffold\TNBC-SV-DNA-Repair-v2\data\external\tcga_rna\a63cca36-139d-4054-9d99-9b04ddae7ec2\3d05d072-d042-4c02-aaf6-ee2e589003d6.rna_seq.augmented_star_gene_counts.tsv,f2f1a4fff2ed21eac2b8fb473d13a10b,2d2babb5b33891ed41fed29bf81e4bdbde5fdd45ccc83c7e1d7258224cddf7a1,72224374,True,eligible_aliquot_barcode_unresolved,highest assigned reads; lexical sample/aliquot/file tie-break
abefed1d-9f40-4a97-9435-4d9df47f7ebd,TCGA-D8-A147,TCGA-D8-A147-01,TCGA-D8-A147-01A,,TCGA-D8-A147-01A|abefed1d-9f40-4a97-9435-4d9df47f7ebd,E:\apply\journal publication\TNBC_SV_DNA_Repair\TNBC-SV-DNA-Repair-v2-scaffold\TNBC-SV-DNA-Repair-v2\data\external\tcga_rna\abefed1d-9f40-4a97-9435-4d9df47f7ebd\8b629c3d-0f28-4740-b681-6f064354f794.rna_seq.augmented_star_gene_counts.tsv,8c460aadd69a18092bca9564d76fd047,8a63db3e7f682fb23977e3821942a5886673df2c3a86121121043552c0c3e81c,58271170,True,eligible_aliquot_barcode_unresolved,highest assigned reads; lexical sample/aliquot/file tie-break
ac88a5c1-caae-4b08-87bc-0dedbe61d996,TCGA-D8-A27F,TCGA-D8-A27F-01,TCGA-D8-A27F-01A,,TCGA-D8-A27F-01A|ac88a5c1-caae-4b08-87bc-0dedbe61d996,E:\apply\journal publication\TNBC_SV_DNA_Repair\TNBC-SV-DNA-Repair-v2-scaffold\TNBC-SV-DNA-Repair-v2\data\external\tcga_rna\ac88a5c1-caae-4b08-87bc-0dedbe61d996\465928c5-ab56-46ff-acb5-76e36c97ebda.rna_seq.augmented_star_gene_counts.tsv,c6d265903484d4382285ef3e19d66d5f,90e5786fd3e44d1f949afed5a3af44f22b4094867c1e74b1c17b05ae4fb1456b,74996428,True,eligible_aliquot_barcode_unresolved,highest assigned reads; lexical sample/aliquot/file tie-break
ad1ea8c5-ca8b-49e9-a650-6012d71daf24,TCGA-AR-A0TS,TCGA-AR-A0TS-01,TCGA-AR-A0TS-01A,,TCGA-AR-A0TS-01A|ad1ea8c5-ca8b-49e9-a650-6012d71daf24,E:\apply\journal publication\TNBC_SV_DNA_Repair\TNBC-SV-DNA-Repair-v2-scaffold\TNBC-SV-DNA-Repair-v2\data\external\tcga_rna\ad1ea8c5-ca8b-49e9-a650-6012d71daf24\69d12077-db51-4a74-a090-9b26e0368ee8.rna_seq.augmented_star_gene_counts.tsv,3f019a48fcf4dbaa00e2960624f298e1,7762e66e4e0c60611f00858615b0e966ae5f8da0b522316b68fd444da734548a,60132674,True,eligible_aliquot_barcode_unresolved,highest assigned reads; lexical sample/aliquot/file tie-break
ada5cdcf-f9e0-4209-aa92-ac3b921bbdf4,TCGA-E2-A14X,TCGA-E2-A14X-01,TCGA-E2-A14X-01A,,TCGA-E2-A14X-01A|ada5cdcf-f9e0-4209-aa92-ac3b921bbdf4,E:\apply\journal publication\TNBC_SV_DNA_Repair\TNBC-SV-DNA-Repair-v2-scaffold\TNBC-SV-DNA-Repair-v2\data\external\tcga_rna\ada5cdcf-f9e0-4209-aa92-ac3b921bbdf4\7e48e080-0ec9-4589-ba1d-6f7a1f60a010.rna_seq.augmented_star_gene_counts.tsv,a9118dbf7f51e9cd86b2dedb5dce36d6,d66679021ab500467f12635fc76613888d2ed4e28e70e6861ac1347ce566f8dc,91926121,True,eligible_aliquot_barcode_unresolved,highest assigned reads; lexical sample/aliquot/file tie-break
ae2e0936-a225-491b-8361-3c20663768d9,TCGA-C8-A131,TCGA-C8-A131-01,TCGA-C8-A131-01A,,TCGA-C8-A131-01A|ae2e0936-a225-491b-8361-3c20663768d9,E:\apply\journal publication\TNBC_SV_DNA_Repair\TNBC-SV-DNA-Repair-v2-scaffold\TNBC-SV-DNA-Repair-v2\data\external\tcga_rna\ae2e0936-a225-491b-8361-3c20663768d9\a0707dab-b8bd-4a57-a890-69a3f4daacf6.rna_seq.augmented_star_gene_counts.tsv,ddf434fd48abb854f0ec908b03f42bf5,889131babfc59c9286d133ef5db4bffa9b923bf2542901b931fa9b12a8d0425b,48123528,True,eligible_aliquot_barcode_unresolved,highest assigned reads; lexical sample/aliquot/file tie-break
aedc877a-f4b9-4657-b5c9-b7768b5751c9,TCGA-AC-A7VC,TCGA-AC-A7VC-01,TCGA-AC-A7VC-01A,,TCGA-AC-A7VC-01A|aedc877a-f4b9-4657-b5c9-b7768b5751c9,E:\apply\journal publication\TNBC_SV_DNA_Repair\TNBC-SV-DNA-Repair-v2-scaffold\TNBC-SV-DNA-Repair-v2\data\external\tcga_rna\aedc877a-f4b9-4657-b5c9-b7768b5751c9\ac792e04-54f4-4c6c-9cb5-23a7c1a4ed0b.rna_seq.augmented_star_gene_counts.tsv,9f6731176c4a2b40f73597071239a28c,9a73188eb24a520480fd192378d1e52192dbdfc92c2fc2fbfa6d4f38fd2bd11b,41754927,True,eligible_aliquot_barcode_unresolved,highest assigned reads; lexical sample/aliquot/file tie-break
b3b9ae66-e8d1-4a32-a2a9-46931b753527,TCGA-D8-A27M,TCGA-D8-A27M-01,TCGA-D8-A27M-01A,,TCGA-D8-A27M-01A|b3b9ae66-e8d1-4a32-a2a9-46931b753527,E:\apply\journal publication\TNBC_SV_DNA_Repair\TNBC-SV-DNA-Repair-v2-scaffold\TNBC-SV-DNA-Repair-v2\data\external\tcga_rna\b3b9ae66-e8d1-4a32-a2a9-46931b753527\e627254f-65f9-4939-add4-bb77bfd92e16.rna_seq.augmented_star_gene_counts.tsv,37046328d56759798943826012f1702e,3251b1be3fdc20cfae05a5a708814468ba4c83a820a4175d20266caf6dc37ba0,70357127,True,eligible_aliquot_barcode_unresolved,highest assigned reads; lexical sample/aliquot/file tie-break
b4835808-46fa-4b6c-a933-92acc9908319,TCGA-A7-A6VW,TCGA-A7-A6VW-01,TCGA-A7-A6VW-01A,,TCGA-A7-A6VW-01A|b4835808-46fa-4b6c-a933-92acc9908319,E:\apply\journal publication\TNBC_SV_DNA_Repair\TNBC-SV-DNA-Repair-v2-scaffold\TNBC-SV-DNA-Repair-v2\data\external\tcga_rna\b4835808-46fa-4b6c-a933-92acc9908319\22c90647-bf63-49e1-972a-0ff9000b674b.rna_seq.augmented_star_gene_counts.tsv,f2e86bb3e5d0175996da4a3b3e3b5a3a,1f3f18bc04959be3e39ccd6b87076c2d8f02ee8b3b35a18af279df9177addbda,48965890,True,eligible_aliquot_barcode_unresolved,highest assigned reads; lexical sample/aliquot/file tie-break
bbd09e9b-84ba-458f-a595-b03069b843dd,TCGA-A2-A0T0,TCGA-A2-A0T0-01,TCGA-A2-A0T0-01A,,TCGA-A2-A0T0-01A|bbd09e9b-84ba-458f-a595-b03069b843dd,E:\apply\journal publication\TNBC_SV_DNA_Repair\TNBC-SV-DNA-Repair-v2-scaffold\TNBC-SV-DNA-Repair-v2\data\external\tcga_rna\bbd09e9b-84ba-458f-a595-b03069b843dd\2100a159-27a6-47f2-a2f2-58f5343e88b0.rna_seq.augmented_star_gene_counts.tsv,9e7c5927530a08b7b71f8c7999aa97cc,458e76737e58d9e26629bb572a34734efbcf6bc2472dc4ad5c578b4b38241a5c,64043789,True,eligible_aliquot_barcode_unresolved,highest assigned reads; lexical sample/aliquot/file tie-break
bd86e2d9-6098-4f78-9e9b-f2f95367c739,TCGA-AC-A2BK,TCGA-AC-A2BK-01,TCGA-AC-A2BK-01A,,TCGA-AC-A2BK-01A|bd86e2d9-6098-4f78-9e9b-f2f95367c739,E:\apply\journal publication\TNBC_SV_DNA_Repair\TNBC-SV-DNA-Repair-v2-scaffold\TNBC-SV-DNA-Repair-v2\data\external\tcga_rna\bd86e2d9-6098-4f78-9e9b-f2f95367c739\952883cf-24c2-4ed7-bb96-3f736c15ae3d.rna_seq.augmented_star_gene_counts.tsv,4c2b78b92ef166e74622914cbcd491f6,7f7f656a12865e78557cb7486fa5f6cb240019a0af3dc8206f7997ab1e9b422a,56635321,True,eligible_aliquot_barcode_unresolved,highest assigned reads; lexical sample/aliquot/file tie-break
bdef0c66-0755-4581-b813-87c8512754ba,TCGA-AO-A129,TCGA-AO-A129-01,TCGA-AO-A129-01A,,TCGA-AO-A129-01A|bdef0c66-0755-4581-b813-87c8512754ba,E:\apply\journal publication\TNBC_SV_DNA_Repair\TNBC-SV-DNA-Repair-v2-scaffold\TNBC-SV-DNA-Repair-v2\data\external\tcga_rna\bdef0c66-0755-4581-b813-87c8512754ba\2e36839f-3155-4e05-9ed3-404522fdb04f.rna_seq.augmented_star_gene_counts.tsv,b3ca1fbb5cab76c57b14d3c21d6d12fe,2da4286aa6f4fa49ff5fb62de9f389344d3e044e27e9cdc7d327f5580e9c79d1,55210244,True,eligible_aliquot_barcode_unresolved,highest assigned reads; lexical sample/aliquot/file tie-break
be002264-f534-49b3-90d1-fd5a3f622fb2,TCGA-D8-A143,TCGA-D8-A143-01,TCGA-D8-A143-01A,,TCGA-D8-A143-01A|be002264-f534-49b3-90d1-fd5a3f622fb2,E:\apply\journal publication\TNBC_SV_DNA_Repair\TNBC-SV-DNA-Repair-v2-scaffold\TNBC-SV-DNA-Repair-v2\data\external\tcga_rna\be002264-f534-49b3-90d1-fd5a3f622fb2\f0024165-4df2-454e-a0cb-17720455c0c9.rna_seq.augmented_star_gene_counts.tsv,b6a534c1153285f32b368966c7b94cfe,d0f9aa900834f58c0743d7c665f5600cacee1e633c236becf180d1da35547bf6,52151877,True,eligible_aliquot_barcode_unresolved,highest assigned reads; lexical sample/aliquot/file tie-break
c0f6d246-c872-41a5-8135-2bdbdb1f924f,TCGA-A2-A3XX,TCGA-A2-A3XX-01,TCGA-A2-A3XX-01A,,TCGA-A2-A3XX-01A|c0f6d246-c872-41a5-8135-2bdbdb1f924f,E:\apply\journal publication\TNBC_SV_DNA_Repair\TNBC-SV-DNA-Repair-v2-scaffold\TNBC-SV-DNA-Repair-v2\data\external\tcga_rna\c0f6d246-c872-41a5-8135-2bdbdb1f924f\f9506da9-20a3-4124-a614-eb525787ea45.rna_seq.augmented_star_gene_counts.tsv,03161539d6622a38903b6e76b3ce92c0,ee9ef6e54da563465000030eb117b29c8423d91aa86934703572d31ce54e5bab,62551616,True,eligible_aliquot_barcode_unresolved,highest assigned reads; lexical sample/aliquot/file tie-break
c15e9ead-0373-486e-a99b-26b96bd3ccc4,TCGA-EW-A1P8,TCGA-EW-A1P8-01,TCGA-EW-A1P8-01A,,TCGA-EW-A1P8-01A|c15e9ead-0373-486e-a99b-26b96bd3ccc4,E:\apply\journal publication\TNBC_SV_DNA_Repair\TNBC-SV-DNA-Repair-v2-scaffold\TNBC-SV-DNA-Repair-v2\data\external\tcga_rna\c15e9ead-0373-486e-a99b-26b96bd3ccc4\27c65ed6-9e9d-4a9d-9b6f-76d2a12f7699.rna_seq.augmented_star_gene_counts.tsv,8ae59809488a8121e4706c1abcfbd072,a525606ee345ab8487d8a0fb84fc200588d5b4d35fee71216ac70b87ccfd7385,55390836,True,eligible_aliquot_barcode_unresolved,highest assigned reads; lexical sample/aliquot/file tie-break
c1f3f326-e99f-4811-9665-d15d6d8a1c33,TCGA-E9-A5FL,TCGA-E9-A5FL-01,TCGA-E9-A5FL-01A,,TCGA-E9-A5FL-01A|c1f3f326-e99f-4811-9665-d15d6d8a1c33,E:\apply\journal publication\TNBC_SV_DNA_Repair\TNBC-SV-DNA-Repair-v2-scaffold\TNBC-SV-DNA-Repair-v2\data\external\tcga_rna\c1f3f326-e99f-4811-9665-d15d6d8a1c33\8b0bdebf-7292-4b66-bcf2-fcb0a06c24e3.rna_seq.augmented_star_gene_counts.tsv,de75afc9b2969a0f1bb31cd4011d141e,b66a3ec82cd88cb30144abf4c9020ed660f4912363d4ece4efefb90972fcc6ae,40676279,True,eligible_aliquot_barcode_unresolved,highest assigned reads; lexical sample/aliquot/file tie-break
c4ceaaf8-4803-45d7-9937-42d25db60148,TCGA-B6-A402,TCGA-B6-A402-01,TCGA-B6-A402-01A,,TCGA-B6-A402-01A|c4ceaaf8-4803-45d7-9937-42d25db60148,E:\apply\journal publication\TNBC_SV_DNA_Repair\TNBC-SV-DNA-Repair-v2-scaffold\TNBC-SV-DNA-Repair-v2\data\external\tcga_rna\c4ceaaf8-4803-45d7-9937-42d25db60148\9ae5c03c-326d-4492-9cc3-4ba17beb09ad.rna_seq.augmented_star_gene_counts.tsv,3b7d7212a489867b6d838171adbc109c,d52719fefa6ebcf2078018094d9e9e537598c237b19a4ebde15242071d397b21,55808469,True,eligible_aliquot_barcode_unresolved,highest assigned reads; lexical sample/aliquot/file tie-break
c782b873-2727-4fe4-9c9a-741964290349,TCGA-C8-A26X,TCGA-C8-A26X-01,TCGA-C8-A26X-01A,,TCGA-C8-A26X-01A|c782b873-2727-4fe4-9c9a-741964290349,E:\apply\journal publication\TNBC_SV_DNA_Repair\TNBC-SV-DNA-Repair-v2-scaffold\TNBC-SV-DNA-Repair-v2\data\external\tcga_rna\c782b873-2727-4fe4-9c9a-741964290349\444d0a78-82fe-4a80-9b41-d7daf98506ca.rna_seq.augmented_star_gene_counts.tsv,e564f42b8cb63345ea7009091490ccc1,92e270043932117a8b8de7282b0b2769f259d78888ac76026e195ea07f23b611,57975938,True,eligible_aliquot_barcode_unresolved,highest assigned reads; lexical sample/aliquot/file tie-break
c94fb480-7f46-4c24-bcb1-26f66a57c45a,TCGA-A2-A0YE,TCGA-A2-A0YE-01,TCGA-A2-A0YE-01A,,TCGA-A2-A0YE-01A|c94fb480-7f46-4c24-bcb1-26f66a57c45a,E:\apply\journal publication\TNBC_SV_DNA_Repair\TNBC-SV-DNA-Repair-v2-scaffold\TNBC-SV-DNA-Repair-v2\data\external\tcga_rna\c94fb480-7f46-4c24-bcb1-26f66a57c45a\92914efd-97af-48e2-b097-e91129f8c1b2.rna_seq.augmented_star_gene_counts.tsv,1dcf5ce34e08ca849c59078a88bdd522,1460669966049e0c06f090f3b2004a90fd531e5d63d62e71a9778bd0db75450b,62232052,True,eligible_aliquot_barcode_unresolved,highest assigned reads; lexical sample/aliquot/file tie-break
cd417f4e-c065-4e73-a7c7-955b2fe71add,TCGA-A7-A26G,TCGA-A7-A26G-01,TCGA-A7-A26G-01A,,TCGA-A7-A26G-01A|cd417f4e-c065-4e73-a7c7-955b2fe71add,E:\apply\journal publication\TNBC_SV_DNA_Repair\TNBC-SV-DNA-Repair-v2-scaffold\TNBC-SV-DNA-Repair-v2\data\external\tcga_rna\cd417f4e-c065-4e73-a7c7-955b2fe71add\d05914c2-e76a-4050-b0bf-db3a08c1892e.rna_seq.augmented_star_gene_counts.tsv,cc8a463f93107abbe2534817211a310e,a3a56b753d44772d80201fca909d9bd72c1102d78b4353a7ed775b768b044ed8,86981112,True,eligible_aliquot_barcode_unresolved,highest assigned reads; lexical sample/aliquot/file tie-break
d1237195-a00b-4c52-86b3-4627c42eb14c,TCGA-A8-A07O,TCGA-A8-A07O-01,TCGA-A8-A07O-01A,,TCGA-A8-A07O-01A|d1237195-a00b-4c52-86b3-4627c42eb14c,E:\apply\journal publication\TNBC_SV_DNA_Repair\TNBC-SV-DNA-Repair-v2-scaffold\TNBC-SV-DNA-Repair-v2\data\external\tcga_rna\d1237195-a00b-4c52-86b3-4627c42eb14c\b7c49a13-6b0f-411a-940e-b35c17818aaa.rna_seq.augmented_star_gene_counts.tsv,1f3748d7f5a668e0e052035860bc9297,a952529865e005c9271262896fcfe8f95b02e80c060122399d5b524807fcb917,73108479,True,eligible_aliquot_barcode_unresolved,highest assigned reads; lexical sample/aliquot/file tie-break
d141392c-757b-44f5-b531-0bcc136d8b17,TCGA-AN-A04D,TCGA-AN-A04D-01,TCGA-AN-A04D-01A,,TCGA-AN-A04D-01A|d141392c-757b-44f5-b531-0bcc136d8b17,E:\apply\journal publication\TNBC_SV_DNA_Repair\TNBC-SV-DNA-Repair-v2-scaffold\TNBC-SV-DNA-Repair-v2\data\external\tcga_rna\d141392c-757b-44f5-b531-0bcc136d8b17\4937e136-52e6-4c33-9f53-36ce2a94c09e.rna_seq.augmented_star_gene_counts.tsv,456b4b9176a9e7c059fadc0253c06fc8,193cf9724256e84835f31e87f5de92d502c7c006a69889d87afbfcb144f63118,71102538,True,eligible_aliquot_barcode_unresolved,highest assigned reads; lexical sample/aliquot/file tie-break
d2a12641-a25f-4aab-99a4-433cf664ae73,TCGA-A2-A0D0,TCGA-A2-A0D0-01,TCGA-A2-A0D0-01A,,TCGA-A2-A0D0-01A|d2a12641-a25f-4aab-99a4-433cf664ae73,E:\apply\journal publication\TNBC_SV_DNA_Repair\TNBC-SV-DNA-Repair-v2-scaffold\TNBC-SV-DNA-Repair-v2\data\external\tcga_rna\d2a12641-a25f-4aab-99a4-433cf664ae73\934807ee-e303-43b7-938a-1721c6c31584.rna_seq.augmented_star_gene_counts.tsv,41d3a23344a68c93b51f4d8874638b7b,0dcda4d05b83a8074073535f4ae0e47087ede74548b14adcbe09207d785d3e75,52810562,True,eligible_aliquot_barcode_unresolved,highest assigned reads; lexical sample/aliquot/file tie-break
d6882616-b77d-4d4c-90dc-7318c57876e1,TCGA-AO-A12F,TCGA-AO-A12F-01,TCGA-AO-A12F-01A,,TCGA-AO-A12F-01A|d6882616-b77d-4d4c-90dc-7318c57876e1,E:\apply\journal publication\TNBC_SV_DNA_Repair\TNBC-SV-DNA-Repair-v2-scaffold\TNBC-SV-DNA-Repair-v2\data\external\tcga_rna\d6882616-b77d-4d4c-90dc-7318c57876e1\4e01a01d-eded-4d02-b8aa-1920c6997726.rna_seq.augmented_star_gene_counts.tsv,2e0cc0032cbf3de861b1d790e12175fc,3e57f2f9b8ab0e7ce1133675fc86825d57143db466dc40c82f6d4b1bdab43ece,63287834,True,eligible_aliquot_barcode_unresolved,highest assigned reads; lexical sample/aliquot/file tie-break
d9ea5bde-aa1a-4210-976f-b2f67c6d0191,TCGA-A8-A07C,TCGA-A8-A07C-01,TCGA-A8-A07C-01A,,TCGA-A8-A07C-01A|d9ea5bde-aa1a-4210-976f-b2f67c6d0191,E:\apply\journal publication\TNBC_SV_DNA_Repair\TNBC-SV-DNA-Repair-v2-scaffold\TNBC-SV-DNA-Repair-v2\data\external\tcga_rna\d9ea5bde-aa1a-4210-976f-b2f67c6d0191\5b858b45-79a5-4857-b59e-8c56a8b04320.rna_seq.augmented_star_gene_counts.tsv,091a016b51debcab3ae66d44f07e0bdc,709ebeb14cf1912899fc19354ead166380be3cfda668401e50ae0b1f617fef39,81498528,True,eligible_aliquot_barcode_unresolved,highest assigned reads; lexical sample/aliquot/file tie-break
e0b65eec-7c30-4607-9cae-c8e8463c80c5,TCGA-LL-A5YO,TCGA-LL-A5YO-01,TCGA-LL-A5YO-01A,,TCGA-LL-A5YO-01A|e0b65eec-7c30-4607-9cae-c8e8463c80c5,E:\apply\journal publication\TNBC_SV_DNA_Repair\TNBC-SV-DNA-Repair-v2-scaffold\TNBC-SV-DNA-Repair-v2\data\external\tcga_rna\e0b65eec-7c30-4607-9cae-c8e8463c80c5\e90c1051-744f-46e5-bcec-f95d34f59e0a.rna_seq.augmented_star_gene_counts.tsv,5be8257cc3a195644cc174773f9dabb7,399b563a2ea523755a9e50da41a16cb9fd215727f1fe9aae398dba21575d71da,39036675,True,eligible_aliquot_barcode_unresolved,highest assigned reads; lexical sample/aliquot/file tie-break
e173c170-b7c6-4aa9-9f34-33cd02702d75,TCGA-AO-A128,TCGA-AO-A128-01,TCGA-AO-A128-01A,TCGA-AO-A128-01A-11R-A10J-07,TCGA-AO-A128-01A-11R-A10J-07,E:\apply\journal publication\TNBC_SV_DNA_Repair\TNBC-SV-DNA-Repair-v2-scaffold\TNBC-SV-DNA-Repair-v2\data\external\tcga_rna\e173c170-b7c6-4aa9-9f34-33cd02702d75\8d3d544f-6d1a-4cdc-8091-490311487ebd.rna_seq.augmented_star_gene_counts.tsv,dd39679fe62a68cd1203655864986533,ebc33b0617ec038945f8048b94c86a4962a7b4b7a2549fe12171f5b80f9a81c3,72941840,True,eligible,highest assigned reads; lexical sample/aliquot/file tie-break
e8d97ce6-190e-4189-a148-5a8d9f4215c3,TCGA-C8-A26Y,TCGA-C8-A26Y-01,TCGA-C8-A26Y-01A,,TCGA-C8-A26Y-01A|e8d97ce6-190e-4189-a148-5a8d9f4215c3,E:\apply\journal publication\TNBC_SV_DNA_Repair\TNBC-SV-DNA-Repair-v2-scaffold\TNBC-SV-DNA-Repair-v2\data\external\tcga_rna\e8d97ce6-190e-4189-a148-5a8d9f4215c3\d244c9fe-f289-417a-af42-85591ef4fdc6.rna_seq.augmented_star_gene_counts.tsv,b0061c25b8e11531dad5283e963cd1ca,5dda4a48d3b7109e6f4c39affabbc2e1abe4515b18f7ddde42607c70f9502697,69949974,True,eligible_aliquot_barcode_unresolved,highest assigned reads; lexical sample/aliquot/file tie-break
e94299a9-67bc-4c30-963c-1476fbb7d5ff,TCGA-AN-A0G0,TCGA-AN-A0G0-01,TCGA-AN-A0G0-01A,,TCGA-AN-A0G0-01A|e94299a9-67bc-4c30-963c-1476fbb7d5ff,E:\apply\journal publication\TNBC_SV_DNA_Repair\TNBC-SV-DNA-Repair-v2-scaffold\TNBC-SV-DNA-Repair-v2\data\external\tcga_rna\e94299a9-67bc-4c30-963c-1476fbb7d5ff\3cd924c3-5000-49de-a253-92d1cfa9a09a.rna_seq.augmented_star_gene_counts.tsv,1bed71aa2ad88c31f900be70990f5898,3bd6410013c4ae3deeab0389bb386bc5de93208ce4bb597f586f23c39ffcc7ef,70581352,True,eligible_aliquot_barcode_unresolved,highest assigned reads; lexical sample/aliquot/file tie-break
e99a371e-14fa-46f7-89c1-ad36bcd82994,TCGA-E2-A1LH,TCGA-E2-A1LH-01,TCGA-E2-A1LH-01A,,TCGA-E2-A1LH-01A|e99a371e-14fa-46f7-89c1-ad36bcd82994,E:\apply\journal publication\TNBC_SV_DNA_Repair\TNBC-SV-DNA-Repair-v2-scaffold\TNBC-SV-DNA-Repair-v2\data\external\tcga_rna\e99a371e-14fa-46f7-89c1-ad36bcd82994\28b12d43-f858-458b-9305-6581a9498e59.rna_seq.augmented_star_gene_counts.tsv,b9c56be219a1a984d83a4dadd8460c54,251d968a1787380514198a8645caaa6fe371e5a3bc43cce5210b799e22db3537,34630446,True,eligible_aliquot_barcode_unresolved,highest assigned reads; lexical sample/aliquot/file tie-break
eb914a22-6e3f-4296-89d4-a960902fba2b,TCGA-AQ-A04J,TCGA-AQ-A04J-01,TCGA-AQ-A04J-01A,,TCGA-AQ-A04J-01A|eb914a22-6e3f-4296-89d4-a960902fba2b,E:\apply\journal publication\TNBC_SV_DNA_Repair\TNBC-SV-DNA-Repair-v2-scaffold\TNBC-SV-DNA-Repair-v2\data\external\tcga_rna\eb914a22-6e3f-4296-89d4-a960902fba2b\cd23ba96-cc18-428d-ae3d-67a7a2dd3c91.rna_seq.augmented_star_gene_counts.tsv,7432b4b1d8355d6d726f517eeff6c17f,1db9d26fe55afa8923ab16433b4a316d3731f9c9f4caa1bbac46101b31fd8dd8,70248065,True,eligible_aliquot_barcode_unresolved,highest assigned reads; lexical sample/aliquot/file tie-break
ec7b77d4-41a2-4892-be79-23cb24f986d3,TCGA-D8-A1XQ,TCGA-D8-A1XQ-01,TCGA-D8-A1XQ-01A,,TCGA-D8-A1XQ-01A|ec7b77d4-41a2-4892-be79-23cb24f986d3,E:\apply\journal publication\TNBC_SV_DNA_Repair\TNBC-SV-DNA-Repair-v2-scaffold\TNBC-SV-DNA-Repair-v2\data\external\tcga_rna\ec7b77d4-41a2-4892-be79-23cb24f986d3\7d736f2b-b73e-4fc1-8d3f-9f350f88171a.rna_seq.augmented_star_gene_counts.tsv,4e9062338df094d1c925deabe44e949d,be56b1b911fccb265bce4a161f097e0ff45d25672e32a3b331454461d3d88c78,70022626,True,eligible_aliquot_barcode_unresolved,highest assigned reads; lexical sample/aliquot/file tie-break
ee39aea6-23f8-470f-863c-545ef6c5ea77,TCGA-B6-A400,TCGA-B6-A400-01,TCGA-B6-A400-01A,,TCGA-B6-A400-01A|ee39aea6-23f8-470f-863c-545ef6c5ea77,E:\apply\journal publication\TNBC_SV_DNA_Repair\TNBC-SV-DNA-Repair-v2-scaffold\TNBC-SV-DNA-Repair-v2\data\external\tcga_rna\ee39aea6-23f8-470f-863c-545ef6c5ea77\b44be803-b398-4e93-b459-40ecdf2cb130.rna_seq.augmented_star_gene_counts.tsv,9eaf956083e5c9e64951cb323f64b6bf,2ed56257464bd1a3fcbff002474cead13a69584ce14e6c99ba5660a790954bb7,70452724,True,eligible_aliquot_barcode_unresolved,highest assigned reads; lexical sample/aliquot/file tie-break
f52fccc4-745f-4e5d-bff8-8d2009b6588d,TCGA-AN-A0AL,TCGA-AN-A0AL-01,TCGA-AN-A0AL-01A,,TCGA-AN-A0AL-01A|f52fccc4-745f-4e5d-bff8-8d2009b6588d,E:\apply\journal publication\TNBC_SV_DNA_Repair\TNBC-SV-DNA-Repair-v2-scaffold\TNBC-SV-DNA-Repair-v2\data\external\tcga_rna\f52fccc4-745f-4e5d-bff8-8d2009b6588d\458ad47a-9fbc-4508-8ff5-5a8e5c71ae6a.rna_seq.augmented_star_gene_counts.tsv,97c57b8924fbc3f02c78d0fd3f0c0a63,c1898ee9c944c00c8532452f657d9639e427e9e747d26ae6b262d55573aec55a,53697878,True,eligible_aliquot_barcode_unresolved,highest assigned reads; lexical sample/aliquot/file tie-break
f55eb7a0-34e6-4d0d-9427-7d7896ddf060,TCGA-AR-A5QQ,TCGA-AR-A5QQ-01,TCGA-AR-A5QQ-01A,,TCGA-AR-A5QQ-01A|f55eb7a0-34e6-4d0d-9427-7d7896ddf060,E:\apply\journal publication\TNBC_SV_DNA_Repair\TNBC-SV-DNA-Repair-v2-scaffold\TNBC-SV-DNA-Repair-v2\data\external\tcga_rna\f55eb7a0-34e6-4d0d-9427-7d7896ddf060\8a7a2dda-c92e-425c-9c18-5f50aaeba203.rna_seq.augmented_star_gene_counts.tsv,4482f02d75e973a8aeef169bed0dd456,4c2caf58637579e6378c2e7301441a66656d95c1b6d9f5cd8543a7aac52da032,45781177,True,eligible_aliquot_barcode_unresolved,highest assigned reads; lexical sample/aliquot/file tie-break
f6565f25-4317-4615-a437-af79da929ecd,TCGA-B6-A3ZX,TCGA-B6-A3ZX-01,TCGA-B6-A3ZX-01A,,TCGA-B6-A3ZX-01A|f6565f25-4317-4615-a437-af79da929ecd,E:\apply\journal publication\TNBC_SV_DNA_Repair\TNBC-SV-DNA-Repair-v2-scaffold\TNBC-SV-DNA-Repair-v2\data\external\tcga_rna\f6565f25-4317-4615-a437-af79da929ecd\8643d0bc-0acb-4d6e-b6bd-5a997d2fc39d.rna_seq.augmented_star_gene_counts.tsv,6579f7ee9cd7fda93b194549f9892151,a3c29b4dd08a515fca6b79cf865a52826091589a50c1460f8a5c3b6356ce04f4,61575445,True,eligible_aliquot_barcode_unresolved,highest assigned reads; lexical sample/aliquot/file tie-break
f6cb208f-cc43-4245-8392-dc5ada57bb9b,TCGA-A8-A08R,TCGA-A8-A08R-01,TCGA-A8-A08R-01A,,TCGA-A8-A08R-01A|f6cb208f-cc43-4245-8392-dc5ada57bb9b,E:\apply\journal publication\TNBC_SV_DNA_Repair\TNBC-SV-DNA-Repair-v2-scaffold\TNBC-SV-DNA-Repair-v2\data\external\tcga_rna\f6cb208f-cc43-4245-8392-dc5ada57bb9b\ca8b34fa-ab70-42c1-8e81-8b28ba1a8f3a.rna_seq.augmented_star_gene_counts.tsv,79f8391d406a3f877e35b29947cbe680,a78b53fd2107ccfafe29030c6ab8d2467355a41a0188fd6e6037f8f514847854,69189240,True,eligible_aliquot_barcode_unresolved,highest assigned reads; lexical sample/aliquot/file tie-break
f8b403a1-37cf-4acb-b5d7-b3437fafa7f8,TCGA-BH-A1EW,TCGA-BH-A1EW-01,TCGA-BH-A1EW-01A,,TCGA-BH-A1EW-01A|f8b403a1-37cf-4acb-b5d7-b3437fafa7f8,E:\apply\journal publication\TNBC_SV_DNA_Repair\TNBC-SV-DNA-Repair-v2-scaffold\TNBC-SV-DNA-Repair-v2\data\external\tcga_rna\f8b403a1-37cf-4acb-b5d7-b3437fafa7f8\5e4626c1-dcf9-4781-a2e7-f6afca7e2ee7.rna_seq.augmented_star_gene_counts.tsv,d4de0b61b1528fb093c36c1c21640ae3,2b68a24acde1cfe113f281862775d3f30a8175dc5786b9bc7d9970688c260152,53565835,True,eligible_aliquot_barcode_unresolved,highest assigned reads; lexical sample/aliquot/file tie-break
f9fe6c47-0955-432f-b402-a6dc2665e04d,TCGA-C8-A1HJ,TCGA-C8-A1HJ-01,TCGA-C8-A1HJ-01A,,TCGA-C8-A1HJ-01A|f9fe6c47-0955-432f-b402-a6dc2665e04d,E:\apply\journal publication\TNBC_SV_DNA_Repair\TNBC-SV-DNA-Repair-v2-scaffold\TNBC-SV-DNA-Repair-v2\data\external\tcga_rna\f9fe6c47-0955-432f-b402-a6dc2665e04d\d33cdca5-78ec-4d34-be08-51efd97e8bfb.rna_seq.augmented_star_gene_counts.tsv,9ad1026c6c1629897369affa4f38ac94,988c8df4e1c950d764cc9ea1389629d9c4f2a3246029c166d76fb6f0488fede8,70022620,True,eligible_aliquot_barcode_unresolved,highest assigned reads; lexical sample/aliquot/file tie-break
fc9fab5b-52f0-4c79-bdf3-750c650a0fdc,TCGA-A2-A3XY,TCGA-A2-A3XY-01,TCGA-A2-A3XY-01A,,TCGA-A2-A3XY-01A|fc9fab5b-52f0-4c79-bdf3-750c650a0fdc,E:\apply\journal publication\TNBC_SV_DNA_Repair\TNBC-SV-DNA-Repair-v2-scaffold\TNBC-SV-DNA-Repair-v2\data\external\tcga_rna\fc9fab5b-52f0-4c79-bdf3-750c650a0fdc\ea43014e-5b51-4b3c-b16b-6d58df9f4a1d.rna_seq.augmented_star_gene_counts.tsv,c656732fd2ed7fd3b998f13ca7e34fc6,9af20128217c0dbaf36f4625498805e6448f9c90509c7e919b690e79e9b71011,78023832,True,eligible_aliquot_barcode_unresolved,highest assigned reads; lexical sample/aliquot/file tie-break
fd371070-c312-4eca-b3da-d41b1c8a86a7,TCGA-D8-A13Z,TCGA-D8-A13Z-01,TCGA-D8-A13Z-01A,,TCGA-D8-A13Z-01A|fd371070-c312-4eca-b3da-d41b1c8a86a7,E:\apply\journal publication\TNBC_SV_DNA_Repair\TNBC-SV-DNA-Repair-v2-scaffold\TNBC-SV-DNA-Repair-v2\data\external\tcga_rna\fd371070-c312-4eca-b3da-d41b1c8a86a7\47e6db9a-52b4-4a3b-8c5f-1cb8fa48f7ea.rna_seq.augmented_star_gene_counts.tsv,f5e6fffe2485ffd6ce797eddca68e173,5e778be5ae51c53618826dd3515e1734e8729dbdeeb6d6db2230bb7ec7f753d3,72880604,True,eligible_aliquot_barcode_unresolved,highest assigned reads; lexical sample/aliquot/file tie-break
ff1f2f31-8607-4627-b487-c5e39e7c30f5,TCGA-BH-A18G,TCGA-BH-A18G-01,TCGA-BH-A18G-01A,,TCGA-BH-A18G-01A|ff1f2f31-8607-4627-b487-c5e39e7c30f5,E:\apply\journal publication\TNBC_SV_DNA_Repair\TNBC-SV-DNA-Repair-v2-scaffold\TNBC-SV-DNA-Repair-v2\data\external\tcga_rna\ff1f2f31-8607-4627-b487-c5e39e7c30f5\deb7967f-9339-4bb1-ae0b-81a72a472bba.rna_seq.augmented_star_gene_counts.tsv,536cbed0ca9f0c319c019d2c436140ec,386795fc8e58acd41d5d5b39a0eb93428321463b608d084e4db1745994e6aa2f,38201082,True,eligible_aliquot_barcode_unresolved,highest assigned reads; lexical sample/aliquot/file tie-break
ff570f9a-a252-496d-a452-344063851a7b,TCGA-AC-A2QH,TCGA-AC-A2QH-01,TCGA-AC-A2QH-01A,,TCGA-AC-A2QH-01A|ff570f9a-a252-496d-a452-344063851a7b,E:\apply\journal publication\TNBC_SV_DNA_Repair\TNBC-SV-DNA-Repair-v2-scaffold\TNBC-SV-DNA-Repair-v2\data\external\tcga_rna\ff570f9a-a252-496d-a452-344063851a7b\574d0a5f-8cb7-4783-8d5e-b07c1b3460dc.rna_seq.augmented_star_gene_counts.tsv,de8d5604b3b775eab939bd3b33d89fdd,dd4a19ae85d888a8dbe4b001d6d1ec7a6650709add44f22ca2fb0a8a80a828fa,73893785,True,eligible_aliquot_barcode_unresolved,highest assigned reads; lexical sample/aliquot/file tie-break
